{"type": "FeatureCollection", "crs": {"type": "name", "properties": {"name": "urn:ogc:def:crs:OGC:1.3:CRS84"}}, "features": [{"type": "Feature", "properties": {"COMUNE": "Napoli", "SEZIONI": 5724, "POP21": 921142, "AREA_KM2": 118.98}, "geometry": {"type": "MultiPolygon", "coordinates": [[[[14.132018645841807, 40.85567694931352], [14.132018664516341, 40.855676991601634], [14.132576958697845, 40.85679205426897], [14.132576982348924, 40.85679209611272], [14.132577027483958, 40.856792079587066], [14.133044006990218, 40.85659396082997], [14.13304405535914, 40.856593937146926], [14.133044100888904, 40.85659390838086], [14.13319254979461, 40.856488475274354], [14.133192685019608, 40.85648838721804], [14.133192826903421, 40.85648831034999], [14.133449952442161, 40.856362149108335], [14.133450002115701, 40.85636212298073], [14.133975841540689, 40.856066405663064], [14.133975932971982, 40.85606635731292], [14.134666608824936, 40.85572367043859], [14.134666726352563, 40.85572361678418], [14.135391598186361, 40.85542058933013], [14.135391809067304, 40.855420514730866], [14.13539202695968, 40.855420464146924], [14.135392249137883, 40.855420438211056], [14.13592342642895, 40.85538839191528], [14.13592365432444, 40.85538839117402], [14.136340672219687, 40.85541082851133], [14.136340716556145, 40.85541082991143], [14.136866831461505, 40.85541576740011], [14.136866918915416, 40.855415764390216], [14.137194455078415, 40.855390101655146], [14.137194608931404, 40.855390095545815], [14.137713312279763, 40.85538948090267], [14.137713367298106, 40.85538948159435], [14.137788674921165, 40.85539146469542], [14.137788867356564, 40.855391479075664], [14.137789057510345, 40.85539151193466], [14.137789243612263, 40.85539156296652], [14.137789423929792, 40.85539163169615], [14.13778959678426, 40.85539171748372], [14.137789760566474, 40.855391819530574], [14.13778991375169, 40.85539193688672], [14.137790054913825, 40.85539206845961], [14.137790182738728, 40.85539221302436], [14.137790296036405, 40.855392369235155], [14.137790393752105, 40.855392535637726], [14.137790474976141, 40.85539271068295], [14.137790538952355, 40.85539289274123], [14.137790585085156, 40.85539308011769], [14.13779061294507, 40.855393271067946], [14.137790622272732, 40.85539346381433], [14.137790612981307, 40.85539365656246], [14.137790585157294, 40.85539384751795], [14.137790539059724, 40.855394034903085], [14.13779047511774, 40.855394216973394], [14.137551892164316, 40.85598130093701], [14.137551808428341, 40.85598148083961], [14.137551707276966, 40.85598165155886], [14.13755158970594, 40.85598181141414], [14.137551456872652, 40.85598195883184], [14.137551310084735, 40.85598209236074], [14.137551150787194, 40.85598221068636], [14.13755098054818, 40.855982312643896], [14.137550801043554, 40.855982397229646], [14.137491582646405, 40.85600678968853], [14.137491395276337, 40.85600685617985], [14.137491202230411, 40.85600690373939], [14.137491005416335, 40.856006931897134], [14.137490806779057, 40.85600694037483], [14.137490608281546, 40.8560069290887], [14.137490411885382, 40.856006898150284], [14.137264123620263, 40.85595961867877], [14.137264075472372, 40.855959611107515], [14.137264039611754, 40.855959644116126], [14.137135237937377, 40.85609068328182], [14.13713520558571, 40.856090719638075], [14.13713520399595, 40.85609076827844], [14.137138986579217, 40.856314100899176], [14.137138983232953, 40.85631425526334], [14.137138967988594, 40.85631440890938], [14.137084549995443, 40.85670766889381], [14.137084540809246, 40.85670778374037], [14.13707388950006, 40.857189009593206], [14.137073890623007, 40.85718905527102], [14.137073925408869, 40.85718908489638], [14.13723791564664, 40.85731602822228], [14.137238067452975, 40.85731615837543], [14.137238205503957, 40.857316303036875], [14.137238328419594, 40.85731646076053], [14.137238434971191, 40.857316629969766], [14.13723852409363, 40.85731680897311], [14.137238594896022, 40.8573169959812], [14.137238646670609, 40.85731718912467], [14.137238678899836, 40.85731738647279], [14.137238691261535, 40.857317586052844], [14.137238683632134, 40.85731778586975], [14.137238656087899, 40.857317983926116], [14.137238608904166, 40.857318178242096], [14.1372385425526, 40.857318366875276], [14.137238457696466, 40.857318547940025], [14.137238355184007, 40.85731871962638], [14.137238236039963, 40.8573188802181], [14.137023175844606, 40.857580350569485], [14.137023160607347, 40.85758036887175], [14.136885960433679, 40.85774318592402], [14.13688593244625, 40.85774322263236], [14.136885971492953, 40.857743247252486], [14.137022733105198, 40.857820421398856], [14.137022884119345, 40.85782051571565], [14.137023026146968, 40.857820623089225], [14.137673696746806, 40.85835968255269], [14.13767383589813, 40.858359809340016], [14.137673962512405, 40.858359948648825], [14.137674075467887, 40.8583600992449], [14.137674173763841, 40.858360259794026], [14.137674256529415, 40.85836042887382], [14.137674323031343, 40.85836060498632], [14.137674372680447, 40.85836078657125], [14.137674405036863, 40.85836097201984], [14.137674419813926, 40.85836115968911], [14.137698083563734, 40.85911219226612], [14.137698087369042, 40.8591122396292], [14.137698126192136, 40.85911226702465], [14.138071109854966, 40.859349151094335], [14.138130223544634, 40.859386693265876], [14.138130376962085, 40.85938680111413], [14.138130519603742, 40.85938692285779], [14.138130650215494, 40.85938705742647], [14.138130767649, 40.85938720363704], [14.13832739683174, 40.859657011965936], [14.138327506005675, 40.85965717861928], [14.138327598057437, 40.85965735530758], [14.13832767207359, 40.85965754027757], [14.138327727319664, 40.85965773169375], [14.138327763247451, 40.8596579276567], [14.138327779500434, 40.859658126221866], [14.138327775917336, 40.85965832541887], [14.1383112809897, 40.85990119133282], [14.138311253130954, 40.859901414653834], [14.138280962139039, 40.86006750016942], [14.138280918686736, 40.86006768709955], [14.138280857517888, 40.860067869004325], [14.13828077919572, 40.860068044208816], [14.138164882507013, 40.860297120564894], [14.138164860411798, 40.86029717097313], [14.138164844012993, 40.86029722351145], [14.138120087582571, 40.86047452126534], [14.13812007796169, 40.860474569236], [14.1381200827537, 40.86047461792668], [14.138156805325018, 40.86072187783092], [14.138194016035152, 40.860972417855734], [14.138194036811267, 40.860972650878715], [14.13819403023435, 40.860972884733584], [14.138187420746412, 40.861048983426365], [14.138187376559054, 40.86104926212463], [14.138150751719849, 40.8612072162822], [14.138150696656087, 40.861207409207935], [14.138150622540406, 40.861207595646185], [14.138150530118637, 40.861207773720814], [14.13815042032083, 40.86120794163983], [14.13815029425189, 40.861208097713465], [14.13815015318046, 40.86120824037113], [14.138149998526153, 40.86120836817723], [14.13814983184527, 40.86120847984567], [14.138149654815136, 40.8612085742527], [14.137991050598282, 40.861283191473674], [14.137990958629352, 40.86128323195195], [14.137225958643112, 40.86159723512658], [14.137225916780876, 40.86159725471205], [14.137225926591451, 40.86159729987604], [14.13755494584143, 40.86282418932923], [14.137554958393379, 40.862824229333], [14.137554977406262, 40.86282426653484], [14.137704280592096, 40.86308857285981], [14.138111098958909, 40.86380874063986], [14.13811112372002, 40.863808779927304], [14.138111168785903, 40.86380876871648], [14.138344892095924, 40.86373851856402], [14.1383449204419, 40.86373850958244], [14.139518399230294, 40.86334739424731], [14.139518583355825, 40.86334734251815], [14.139518771580532, 40.86334730861275], [14.13951896218319, 40.86334729284116], [14.139519153420828, 40.8633472953476], [14.139519343544668, 40.86334731610915], [14.139519530816118, 40.86334735493596], [14.139519713522667, 40.86334741147297], [14.139519889993549, 40.863347485203185], [14.139520058615023, 40.863347575452366], [14.139520217845122, 40.86334768139524], [14.139520366227767, 40.863347802063], [14.139520502406063, 40.86334793635219], [14.139610557313132, 40.86344566601912], [14.1396106679192, 40.86344579688269], [14.139610766918263, 40.86344593673318], [14.139610853583699, 40.86344608454413], [14.139999981938306, 40.86418011741032], [14.140000067858939, 40.864180301519504], [14.140000134657539, 40.86418049339574], [14.140057246453846, 40.86437601246601], [14.14005726001966, 40.86437605251631], [14.140057276928474, 40.864376091274046], [14.140413494218928, 40.865106472687785], [14.140413570831418, 40.86510665131794], [14.140413629742799, 40.865106836541194], [14.140413670396683, 40.8651070266082], [14.140413692409108, 40.86510721972385], [14.14041369557218, 40.865107414064276], [14.140413679856026, 40.86510760779401], [14.140413645409074, 40.86510779908335], [14.140413592556664, 40.865107986125665], [14.14041352179796, 40.86510816715442], [14.140413433801248, 40.865108340459884], [14.140413329397617, 40.86510850440526], [14.140413209573113, 40.865108657442164], [14.140413075459426, 40.86510879812522], [14.140412928323196, 40.86510892512575], [14.140412769554061, 40.86510903724429], [14.140412600651523, 40.865109133421925], [14.140412423210792, 40.865109212750305], [14.140286664773088, 40.86515825096143], [14.140286622741447, 40.865158269755256], [14.140286644988304, 40.86515831006593], [14.140463986456053, 40.86544565270893], [14.140464094641892, 40.86544585258878], [14.14046417945154, 40.865446063452374], [14.14051562064459, 40.865598453478], [14.14051567056567, 40.86559862679216], [14.140515704670138, 40.86559880389891], [14.140568331920232, 40.865958874610946], [14.140568358770713, 40.86595900075399], [14.140628704807797, 40.86617343547308], [14.140628719383074, 40.86617347919866], [14.140628764503086, 40.86617348860949], [14.140762271469843, 40.86619478702585], [14.140762321779516, 40.86619479243673], [14.140762371378676, 40.86619478242346], [14.140915740048857, 40.866155577855494], [14.140915935221, 40.866155538200026], [14.140916133369458, 40.86615551815232], [14.140916332529354, 40.86615551791115], [14.14091653072578, 40.86615553747894], [14.140916725993389, 40.86615557666163], [14.140916916395868, 40.86615563507069], [14.140917100045153, 40.86615571212691], [14.140917275120145, 40.8661558070662], [14.14091743988477, 40.86615591894712], [14.14091759270519, 40.866156046660244], [14.140962542054409, 40.866197582404105], [14.141120636879231, 40.866343667007705], [14.141120775131974, 40.866343808033484], [14.14112089880213, 40.8663439620068], [14.14112100668385, 40.866344127426345], [14.141121097725229, 40.86634430267919], [14.141121171038566, 40.86634448605652], [14.141121225909021, 40.866344675770314], [14.141121261801574, 40.86634486997077], [14.141121278366258, 40.86634506676432], [14.141121275441554, 40.86634526423213], [14.141121253055983, 40.86634546044879], [14.141121211427816, 40.86634565350108], [14.141121150962945, 40.86634584150664], [14.141121072250941, 40.86634602263232], [14.141120976059282, 40.866346195112044], [14.140716865934065, 40.86699345148192], [14.140716775286876, 40.86699358444552], [14.140716674243322, 40.86699370969101], [14.140645652303162, 40.86707483449644], [14.140645624023287, 40.86707487025872], [14.1406456691716, 40.86707487660909], [14.141295739710433, 40.86713336814195], [14.14129590804298, 40.86713339052639], [14.141638391005884, 40.867193827306046], [14.142041673150512, 40.86726499187674], [14.142041863518086, 40.867265035144854], [14.142042048760318, 40.86726509676675], [14.142332876899452, 40.86737788681084], [14.14233295730732, 40.86737792002437], [14.142385428157096, 40.867400942156074], [14.142385516912952, 40.867400976163125], [14.142831825522267, 40.86754805151688], [14.14303229032978, 40.86761411143832], [14.143552640234889, 40.867785580914195], [14.144015111854555, 40.867937974237215], [14.144015299708192, 40.86793804681399], [14.144015479310784, 40.86793813791441], [14.144015648841327, 40.867938246614784], [14.144015806580931, 40.867938371813004], [14.144015950930262, 40.86793851223967], [14.144016080425748, 40.86793866647098], [14.144016193754421, 40.86793883294316], [14.144016289767233, 40.86793900996835], [14.144016367490698, 40.86793919575167], [14.144016426136774, 40.86793938840943], [14.14404774858861, 40.86806459994194], [14.144047762716003, 40.86806464646209], [14.144047805825137, 40.868064668941116], [14.144322676565844, 40.86819104628859], [14.14432271487017, 40.86819106200884], [14.144322755109124, 40.868191071139464], [14.144806608754896, 40.86828007463552], [14.14502899824234, 40.86832090865138], [14.145029044958518, 40.86832091496343], [14.145029092062043, 40.86832091683539], [14.145629624141952, 40.86831637069009], [14.14599213871938, 40.868311083997895], [14.146220826255805, 40.868307748217475], [14.146221021877002, 40.86830775494327], [14.146221215903894, 40.86830778075904], [14.146221406478048, 40.868307825417524], [14.146221591774104, 40.86830788849098], [14.146221770017252, 40.86830796937528], [14.146221939500242, 40.86830806729568], [14.146616911009636, 40.868562827899375], [14.146616956219912, 40.86856285380033], [14.146617007236989, 40.868562864387854], [14.146950196641654, 40.86861390954413], [14.146950460759866, 40.868613968530546], [14.147097944124143, 40.86865756786752], [14.147097989480134, 40.86865757899021], [14.147098036115148, 40.86865758144936], [14.147502135832282, 40.86865989801301], [14.147578801797984, 40.8686603164632], [14.147578850838634, 40.868660314229814], [14.14757886544236, 40.868660267360845], [14.147620265839246, 40.86849886040958], [14.147620325143036, 40.86849866943863], [14.147620403220484, 40.86849848534421], [14.147620499291072, 40.86849830996667], [14.14762061239441, 40.868498145059185], [14.148228674397679, 40.867700242986004], [14.14822881110075, 40.86770008200061], [14.148228964017708, 40.86769993632827], [14.148229131443376, 40.867699807593375], [14.14822931151079, 40.86769969723146], [14.148229502212013, 40.86769960647315], [14.14829035263608, 40.867674495814995], [14.148290531093384, 40.86767443189061], [14.14829071480109, 40.86767438514862], [14.148290902108894, 40.867674356008905], [14.148291091334144, 40.86767434473325], [14.148291280776968, 40.86767435142295], [14.148291468735538, 40.8676743760179], [14.14829165352136, 40.86767441829716], [14.14829183347444, 40.867674477880925], [14.148292006978199, 40.86767455423393], [14.148292172473997, 40.86767464667027], [14.149025028440397, 40.868130835353476], [14.149025066237936, 40.86813085774487], [14.14914049799735, 40.86819585727949], [14.14914053968404, 40.868195878183855], [14.149140578388652, 40.86819585216984], [14.149576605567104, 40.867871351240076], [14.149576742451975, 40.86787125792052], [14.149576886590644, 40.867871176250134], [14.15007835991933, 40.867613867484884], [14.150078398951889, 40.86761384799193], [14.15050693519321, 40.86740564457281], [14.150507121528666, 40.86740556543338], [14.151239474559349, 40.86713740861827], [14.151239509459124, 40.86713739509344], [14.15170212455024, 40.86694808300144], [14.151702219409483, 40.866948046964424], [14.151806417147778, 40.86691145917438], [14.15199217274738, 40.86684620822221], [14.152694564068653, 40.866597491317336], [14.152694771052385, 40.86659743037167], [14.152694983397103, 40.8665973920786], [14.152695198631296, 40.866597376883824], [14.152695414249816, 40.86659738496419], [14.153319384627467, 40.8666545918304], [14.153319560781876, 40.86665461591636], [14.153319734101197, 40.86665465555123], [14.15331990321575, 40.86665471042178], [14.15332006678909, 40.866654780094386], [14.153320223528555, 40.86665486401846], [14.153696046894453, 40.866878133848026], [14.15369609032189, 40.86687815682423], [14.153696137416349, 40.86687817082342], [14.153805630241527, 40.86690490934487], [14.153805829536815, 40.86690496915551], [14.153806021539342, 40.86690504934874], [14.153806204170877, 40.86690514905655], [14.155039129847749, 40.86766407093223], [14.155039315539964, 40.86766420026753], [14.155039485433036, 40.86766434975185], [14.155427762671073, 40.86804706720635], [14.155578040646898, 40.868195191151166], [14.155578081141904, 40.86819522891295], [14.15574844771413, 40.86834549573473], [14.155748489762528, 40.868345528955984], [14.155748540214235, 40.868345547021455], [14.157179407901904, 40.86877209264072], [14.158137000048177, 40.869050085350274], [14.158137029415764, 40.86905009339306], [14.158977988156645, 40.86926669472637], [14.15897803271345, 40.86926670386334], [14.158978018420855, 40.8692666606834], [14.158893734266451, 40.86904901875982], [14.158893673412393, 40.86904883591099], [14.15889363043871, 40.869048648054196], [14.158893605744382, 40.869048456933555], [14.158893599558676, 40.86904826432346], [14.15889361193902, 40.869048072012156], [14.158893642770474, 40.8690478817851], [14.15889369176679, 40.86904769540841], [14.158893758473077, 40.86904751461244], [14.158893842270018, 40.86904734107575], [14.158893942379622, 40.86904717640949], [14.158894057872452, 40.86904702214246], [14.15889418767624, 40.86904687970691], [14.158894330585865, 40.869046750425234], [14.158894485274518, 40.86904663549773], [14.158894650306033, 40.8690465359914], [14.158894824148224, 40.86904645283009], [14.158895005187096, 40.86904638678588], [14.158895191741845, 40.86904633847195], [14.158895382080456, 40.86904630833685], [14.158936112069714, 40.869041858343394], [14.159027102555896, 40.869031913002104], [14.159218419121439, 40.86901100425468], [14.159218615579576, 40.86901099252502], [14.159218812239374, 40.869011000161], [14.159219007196508, 40.86901102708869], [14.159219198563141, 40.86901107304732], [14.159219384486205, 40.86901113759187], [14.15921956316534, 40.86901122009733], [14.159219732870335, 40.86901131976477], [14.15921989195788, 40.869011435629076], [14.159220038887472, 40.8690115665683], [14.159220172236344, 40.8690117113145], [14.15922029071323, 40.86901186846605], [14.159220393170878, 40.86901203650121], [14.159220478617156, 40.869012213792836], [14.15922054622466, 40.869012398624136], [14.159220595338718, 40.86901258920533], [14.159238358977827, 40.86909889083544], [14.159238370656505, 40.86909893633754], [14.159238414709082, 40.86909895265357], [14.159485597771656, 40.86917717077319], [14.159560626241017, 40.869200801152715], [14.159560631592468, 40.86920080284643], [14.15963076565429, 40.86922310827277], [14.159913290822086, 40.86931223387051], [14.15991330075703, 40.86931223703309], [14.160053684590995, 40.86935732861623], [14.16005369776769, 40.86935733289902], [14.160291474521465, 40.869435528550675], [14.160291488451687, 40.86943553301915], [14.160501467918033, 40.869501199245946], [14.160627178232371, 40.86954014182914], [14.160627352383036, 40.86954020475139], [14.161109973372113, 40.86974029608188], [14.16111002747463, 40.869740316697644], [14.161585776492862, 40.869905991239044], [14.1615858363997, 40.86990601001371], [14.161936669105732, 40.870003974929396], [14.16193670609471, 40.87000398375392], [14.161936743648239, 40.87000398973659], [14.162526856529624, 40.87007507173261], [14.162526895426288, 40.87007507488109], [14.16252693445017, 40.87007507498066], [14.163197446403348, 40.87005055201011], [14.163197536484011, 40.8700505446262], [14.163336253297473, 40.87003282984493], [14.163336438787967, 40.87003281488487], [14.16333662486598, 40.87003281723011], [14.163336809920516, 40.87003283686034], [14.163336992349441, 40.8700328736056], [14.163499236421213, 40.870073490510705], [14.163499405773512, 40.8700735409542], [14.16349957001235, 40.87007360614893], [14.16373677761909, 40.870180124793414], [14.163736931852053, 40.87018020221375], [14.163737078836713, 40.87018029264178], [14.163737217478701, 40.8701803954042], [14.16399841975978, 40.8703920548573], [14.163998473577955, 40.87039210005704], [14.164218622017012, 40.870583690265825], [14.164218659361818, 40.87058371965546], [14.16421869810615, 40.87058369213686], [14.164262185029656, 40.87054945291832], [14.164262343570538, 40.87054934013693], [14.164262512319796, 40.87054924329408], [14.164262689680436, 40.87054916330623], [14.164262873973966, 40.87054910093039], [14.164263063456287, 40.87054905675685], [14.164263256334191, 40.87054903120366], [14.16426345078234, 40.87054902451265], [14.164263644960528, 40.870549036747136], [14.16426383703111, 40.870549067791345], [14.164264025176386, 40.87054911735147], [14.164264207615803, 40.870549184958506], [14.164264382622807, 40.87054926997262], [14.164264548541182, 40.87054937158928], [14.164264703800724, 40.8705494888468], [14.164264846932099, 40.870549620635494], [14.164264976580757, 40.870549765708155], [14.16430330708275, 40.870597102410116], [14.16441195848689, 40.87073128342472], [14.164411990008361, 40.87073131877026], [14.164412027651695, 40.87073134750834], [14.164611235426818, 40.870868929624756], [14.16464608999192, 40.87089300192354], [14.164646138145608, 40.87089303317786], [14.16505960664981, 40.87114482707448], [14.165059646180865, 40.871144848761624], [14.16505968750908, 40.8711448667898], [14.165204148377454, 40.87120025311243], [14.165204339651794, 40.871200338180266], [14.165442166450068, 40.87132139501176], [14.165442261826467, 40.87132144686565], [14.165653166844889, 40.87144364075077], [14.16565332983654, 40.87144374606497], [14.165653481854617, 40.8714438666795], [14.165653621467971, 40.87144400145884], [14.165935518123922, 40.87174389122962], [14.16593566401116, 40.87174406525103], [14.165935789231279, 40.87174425468824], [14.165935892169987, 40.871744457099105], [14.16602556830235, 40.87194872815586], [14.16607022461788, 40.87205044985209], [14.166070244966745, 40.87205049081605], [14.166070290367095, 40.87205048525351], [14.166284052692465, 40.87201394854743], [14.166284232373028, 40.87201392615159], [14.16628441334274, 40.87201392009832], [14.166284594118252, 40.87201393043724], [14.166284773217807, 40.8720139570836], [14.166284949173383, 40.872013999819], [14.166890729014366, 40.872190522419004], [14.16689077174125, 40.87219053283979], [14.166890815341226, 40.87219052777206], [14.167117295100349, 40.87215405151043], [14.16711750556161, 40.87215402895904], [14.16711771722756, 40.87215402877648], [14.167117927727407, 40.8721540509648], [14.167368599808864, 40.87219398008636], [14.167368644795582, 40.87219398516032], [14.16736868853281, 40.87219397384072], [14.167519795532053, 40.87214747632835], [14.167519974076619, 40.87214743028089], [14.167520156103164, 40.872147400872265], [14.16752034006453, 40.87214738835244], [14.167520524397114, 40.87214739282783], [14.167670818886144, 40.87215798913488], [14.16767105872528, 40.87215802071068], [14.168335855524953, 40.872286850335634], [14.168335892382766, 40.872286856058615], [14.168335929564988, 40.87228685901317], [14.168762086962271, 40.872304734587814], [14.168762327492022, 40.87230475930631], [14.168964220144906, 40.87233794028264], [14.168964340585948, 40.87233796389348], [14.169568980046819, 40.87247588640319], [14.169569165176481, 40.87247593810637], [14.169569344487867, 40.87247600734247], [14.169569516324756, 40.872476093471995], [14.169869062644647, 40.872644711468105], [14.169869187946329, 40.87264477094987], [14.170052843020155, 40.87271679088345], [14.17005294554289, 40.872716824819314], [14.17024487305684, 40.872769033011], [14.170244967755458, 40.872769053895226], [14.170772002051978, 40.872858722593065], [14.17077205384123, 40.872858732107524], [14.171120931380951, 40.87292758565911], [14.171121121529616, 40.87292763297021], [14.171121306136042, 40.87292769866133], [14.171121483428246, 40.872927782101904], [14.171121651704452, 40.87292788249101], [14.17112180934942, 40.87292799886506], [14.171121954849966, 40.872928130107], [14.17112208680947, 40.872928274957076], [14.171122203961291, 40.87292843202491], [14.171122305180923, 40.87292859980287], [14.171122389496784, 40.87292877668048], [14.171122456099555, 40.87292896095996], [14.171122504349931, 40.87292915087245], [14.171122533784773, 40.87292934459505], [14.171122544121545, 40.87292954026827], [14.171122535261025, 40.87292973601388], [14.171122507288263, 40.872929929952996], [14.171122460471764, 40.87293012022404], [14.171122395260904, 40.87293030500066], [14.171084412396315, 40.87302316292782], [14.171084397322895, 40.87302320548325], [14.171084441671303, 40.873023213932186], [14.171511196678832, 40.87308352571498], [14.171511256458176, 40.87308353051444], [14.1715113163809, 40.87308352808924], [14.172038464120018, 40.873030246913146], [14.172038664978555, 40.87303023677473], [14.172038865839777, 40.873030246859784], [14.172039064672632, 40.873030277066334], [14.172039259466573, 40.87303032708893], [14.172039448251892, 40.87303039642176], [14.172039629119647, 40.87303048436376], [14.172039800240949, 40.87303059002567], [14.172039959885465, 40.87303071233907], [14.172040106438912, 40.87303085006716], [14.172040238419381, 40.87303100181727], [14.172040354492319, 40.873031166054936], [14.172040453484028, 40.87303134111944], [14.172040534393531, 40.87303152524058], [14.172040596402692, 40.873031716556554], [14.172076198996237, 40.873163880822005], [14.17207621793141, 40.873163937376624], [14.172076243494873, 40.87316399126062], [14.172186873707492, 40.87336510148795], [14.172186896432883, 40.873365138826], [14.172186925222576, 40.87336517149221], [14.17236818437489, 40.87355364273748], [14.17236822411505, 40.87355367977283], [14.172368270948846, 40.87355370729571], [14.172438682007868, 40.87359005903158], [14.172438849441908, 40.87359015600762], [14.172439006721408, 40.87359026870931], [14.172439152374288, 40.873590396081795], [14.172439285037294, 40.873590536932916], [14.172439403468747, 40.87359068994436], [14.172554823524935, 40.873755726746516], [14.172600542730372, 40.87382109847002], [14.172600570891014, 40.87382113498988], [14.172600610412605, 40.8738211587549], [14.172671400615446, 40.87385935686684], [14.172671445958335, 40.87385937842059], [14.172671495445456, 40.873859369961316], [14.172749447778862, 40.87384190647572], [14.172749561573255, 40.873841873793936], [14.172840402168962, 40.87380984668584], [14.172840616558206, 40.87380978431508], [14.1728408365636, 40.873809746229824], [14.172841059443169, 40.87380973290473], [14.17294063242651, 40.87380934789918], [14.172940843902932, 40.87380935828914], [14.172941053095888, 40.87380939097759], [14.172941257660836, 40.87380944559819], [14.173241357281718, 40.87390686096421], [14.17324158084015, 40.87390694869284], [14.173241792271618, 40.87390706258498], [14.17349116204952, 40.87406139012296], [14.173491204570213, 40.874061413639176], [14.173491252080776, 40.87406142382612], [14.17410470788279, 40.874161821830825], [14.174104739226319, 40.8741618264519], [14.174407544429332, 40.874201579494056], [14.174407631051736, 40.87420159280268], [14.17463342762141, 40.87424136632711], [14.174633535588265, 40.87424137933668], [14.174960191887305, 40.87426279832094], [14.174960250151113, 40.874262800437734], [14.175136228408565, 40.87426405936237], [14.17513634423272, 40.87426405346008], [14.175342601904516, 40.87424148531362], [14.175463569850288, 40.874228248649175], [14.175463736645154, 40.874228237426316], [14.17546390379461, 40.8742282401722], [14.175832673088028, 40.87424973843396], [14.175832826179894, 40.87424975328325], [14.175832977677896, 40.87424977985348], [14.176059338376435, 40.8742985192901], [14.176059571147762, 40.87429858434832], [14.17611622007169, 40.87431817805544], [14.176116237705008, 40.87431818424684], [14.176224368406713, 40.87435671944529], [14.176224632283004, 40.87435683554173], [14.17640111310646, 40.87445020169318], [14.176401155897423, 40.87445022179565], [14.176401200400045, 40.87445023775478], [14.176446375424419, 40.87446405855404], [14.176446517566864, 40.87446409091412], [14.176710023339725, 40.87450412945618], [14.176710069927726, 40.874504134309696], [14.17671011676545, 40.87450413477016], [14.176866502389196, 40.87449832138981], [14.17686654846163, 40.87449831753234], [14.176866593978804, 40.874498309424354], [14.177163690061615, 40.874431043802005], [14.177163816692458, 40.874431006175236], [14.177416236502562, 40.87433743266332], [14.177416421056396, 40.87433737423949], [14.177416610393982, 40.87433733393142], [14.177416802741535, 40.87433731211673], [14.177476052179996, 40.87433348425231], [14.177476054484167, 40.87433348410479], [14.177652398763692, 40.87432229563491], [14.177652443552544, 40.87432229075406], [14.17765248771789, 40.87432228185115], [14.177699988596709, 40.874310450955846], [14.177700211090656, 40.874310408752834], [14.177700436929292, 40.87431039197307], [14.178070831974033, 40.87430390275372], [14.178070957207055, 40.874303892658006], [14.178763692956823, 40.87420389262609], [14.17876387883221, 40.874203874603005], [14.178764065578356, 40.874203873995405], [14.178984056618722, 40.8742134386623], [14.1789841131019, 40.87421343952068], [14.179408742034159, 40.874207894186355], [14.179408784393233, 40.874207891829094], [14.179408825588999, 40.87420788235548], [14.179678758531832, 40.874133681656275], [14.179678816047506, 40.874133663967996], [14.180561150941823, 40.873832962897325], [14.180561190721116, 40.87383294839337], [14.180698021397307, 40.87377974995785], [14.1806980242206, 40.87377974886264], [14.180870730852698, 40.87371290305766], [14.1810999777649, 40.87362417013971], [14.18110014239585, 40.873624114512445], [14.181100311234117, 40.87362407338602], [14.181100483005064, 40.87362404707092], [14.181243581707044, 40.873608451038834], [14.181243743665604, 40.873608440014344], [14.181378510692266, 40.87360475045432], [14.181458137708185, 40.873602570414995], [14.181458396300972, 40.8736025800824], [14.181517933315007, 40.87360868037362], [14.181517983991975, 40.87360868295538], [14.181518033076864, 40.87360867009069], [14.181835991001876, 40.87350768471333], [14.181836027222424, 40.873507671651026], [14.181836062328127, 40.873507655835226], [14.182140615282364, 40.8733560550282], [14.182140665101334, 40.87335602653452], [14.182140711310486, 40.87335599249742], [14.182528090048764, 40.87303462665671], [14.18252810893889, 40.873034611179364], [14.182916366184902, 40.87272044025795], [14.182916398743624, 40.872720411477005], [14.182916428673867, 40.87272037997142], [14.183012387549969, 40.87261012638286], [14.18305669891496, 40.872559214736235], [14.183056731452405, 40.87255917306761], [14.18305675444929, 40.87255912546411], [14.183090499785415, 40.87247859210197], [14.18310854648673, 40.87243552421729], [14.183108562211908, 40.872435480923436], [14.183108519274553, 40.87243546424922], [14.183038186984238, 40.872411999624184], [14.182933214114554, 40.87237697840905], [14.182933206768732, 40.8723769759425], [14.182886946226697, 40.87236134298552], [14.18288676713422, 40.87236127269652], [14.182886595624064, 40.87236118552471], [14.182886433283329, 40.87236108227673], [14.182886281614262, 40.87236096390802], [14.182886142020356, 40.87236083151391], [14.182886015793368, 40.87236068631954], [14.182784654364488, 40.87223209009744], [14.182784535545649, 40.87223192227765], [14.1827844345859, 40.87223174314494], [14.182784352552417, 40.87223155459281], [14.182784290312327, 40.872231358614314], [14.182784248523527, 40.87223115728102], [14.18278422762774, 40.87223095272109], [14.182776885289966, 40.872085302415925], [14.182776884460095, 40.87208511911947], [14.182776900415028, 40.87208493651684], [14.182814600686704, 40.87180313729977], [14.182814633988139, 40.8718029538914], [14.18281468422067, 40.87180277438009], [14.182814750947935, 40.87180260032525], [14.182814833590282, 40.87180243323887], [14.1828149314298, 40.87180227457241], [14.18281504361657, 40.8718021257042], [14.182815169176035, 40.871801987927434], [14.182815307017473, 40.87180186243897], [14.183132238733343, 40.87153927158139], [14.183132398991958, 40.87153915179714], [14.18313257041674, 40.871539048624285], [14.183132751292105, 40.87153896309538], [14.183132939807892, 40.87153889606636], [14.183197655337949, 40.871519472663564], [14.183197710244402, 40.87151945703486], [14.183510653992666, 40.871435189077985], [14.183510848930144, 40.87143514688563], [14.183511047100701, 40.87143512431917], [14.18351124653349, 40.87143512160302], [14.18383774837648, 40.8714469673794], [14.183837791882935, 40.87144696705917], [14.183837834507615, 40.871446959206054], [14.184039577835716, 40.87140068174234], [14.184039599159751, 40.87140067660404], [14.184141729033096, 40.871374878692635], [14.184141786327045, 40.8713748604751], [14.184141841006658, 40.871374835482285], [14.18446176052966, 40.87120454029411], [14.184547792035128, 40.87115874296786], [14.18454780902481, 40.871158733711674], [14.18480617186041, 40.87101471585223], [14.184806214851534, 40.87101468892433], [14.184806251488773, 40.87101465383797], [14.185002628036337, 40.87080636412795], [14.185002815826193, 40.870806188977674], [14.185130745794137, 40.87070138764335], [14.185256374688882, 40.87059846953257], [14.18525651967617, 40.87059836133281], [14.18525667384751, 40.87059826667713], [14.185256835941454, 40.870598186340004], [14.185257004631728, 40.870598120978755], [14.185257178538087, 40.87059807112819], [14.185257356237608, 40.87059803719619], [14.185508569805645, 40.87056175465052], [14.185508782515452, 40.870561735450885], [14.185508996059792, 40.87056173904302], [14.185810333902458, 40.87058293957009], [14.18581038015893, 40.87058294174945], [14.185984815169341, 40.87058711512689], [14.18622254984902, 40.87059280312485], [14.186561626011333, 40.87059972054152], [14.186825216181001, 40.87060432995287], [14.186825309005464, 40.87060433373409], [14.186940884368784, 40.870611733728175], [14.18694095921228, 40.87061173571073], [14.187342654933104, 40.870607327505724], [14.18734267072434, 40.87060732720769], [14.187585899443798, 40.87060081485917], [14.187789624806797, 40.87059536005489], [14.187789898324153, 40.870595371473634], [14.187977208575534, 40.87061610006139], [14.187977394892751, 40.87061612963152], [14.18797757759504, 40.87061617662485], [14.188359053765424, 40.87073373609031], [14.188359240538098, 40.870733803979455], [14.188359419651327, 40.870733890069054], [14.188359589336681, 40.87073399350913], [14.188359747918817, 40.87073411327838], [14.188359893832015, 40.8707342481943], [14.188360025635639, 40.87073439692484], [14.18836014202836, 40.87073455800154], [14.188360241861004, 40.87073472983405], [14.188360324147897, 40.87073491072582], [14.188360388076605, 40.87073509889088], [14.18836043301594, 40.870735292471416], [14.18836045852221, 40.87073548955617], [14.188360464343582, 40.87073568819926], [14.18836045042258, 40.870735886439455], [14.18836041689665, 40.87073608231947], [14.188360364096804, 40.87073627390533], [14.188360292544342, 40.870736459305476], [14.188347580387584, 40.87076507697267], [14.188347563783243, 40.87076511990598], [14.188347609104628, 40.87076512796439], [14.188427480831296, 40.870775324194064], [14.18842767755723, 40.87077535937331], [14.188427869790207, 40.8707754140099], [14.188428055610842, 40.87077548755828], [14.18842823316378, 40.87077557928411], [14.18842840067621, 40.870775688271536], [14.188428556475579, 40.870775813432346], [14.188428699006282, 40.87077595351687], [14.188428826845195, 40.87077610712639], [14.18842893871589, 40.87077627272718], [14.188429033501377, 40.87077644866576], [14.188429110255251, 40.87077663318545], [14.188429168211153, 40.87077682444388], [14.188429206790412, 40.87077702053139], [14.188429225607825, 40.87077721949013], [14.188429224475508, 40.87077741933354], [14.188429203404766, 40.87077761806627], [14.188429162605983, 40.87077781370403], [14.188429102486523, 40.87077800429344], [14.188429023646659, 40.870778187931535], [14.188428926873579, 40.87077836278474], [14.18842881313353, 40.87077852710721], [14.188428683562172, 40.870778679258244], [14.188428539453227, 40.87077881771865], [14.188428382245581, 40.87077894110597], [14.188376924358268, 40.870815326078606], [14.188077572757491, 40.8710312816651], [14.188003400482414, 40.87108478155789], [14.188003365919108, 40.871084808898246], [14.18800333976619, 40.8710848443684], [14.187483480970146, 40.871859643950216], [14.187483456851536, 40.87185968381198], [14.187483440579769, 40.871859727468596], [14.187160052283975, 40.872869517679376], [14.187160032801627, 40.87286957546539], [14.18699255176516, 40.87334239917072], [14.186992519851227, 40.87334250881136], [14.186976252939303, 40.87341323147228], [14.186976236045776, 40.873413325135914], [14.186959344585928, 40.87354171477615], [14.18695931635305, 40.87354187724936], [14.186959274830972, 40.87354203684433], [14.186959220301988, 40.87354219247603], [14.186855967746078, 40.87380202645386], [14.186855952922038, 40.87380206935092], [14.186855942059344, 40.87380211341801], [14.186642256226145, 40.87487741974124], [14.186642195746558, 40.874877650872776], [14.18651688756905, 40.875261306425486], [14.186516813727085, 40.875261498431286], [14.186516720552584, 40.875261681836236], [14.186516609031308, 40.87526185469996], [14.186516480343121, 40.87526201519361], [14.186394023155646, 40.875399595622085], [14.186393962875345, 40.87539966040258], [14.186353540066092, 40.87544121827123], [14.186353523195386, 40.87544123604635], [14.186323555446899, 40.87547359538982], [14.1863234301166, 40.875473719294234], [14.186220016916964, 40.87556731437175], [14.186170953068936, 40.87561172052908], [14.185928771673312, 40.87583154595083], [14.18592874812874, 40.87583156698543], [14.185878732610835, 40.87587554568171], [14.185878699567752, 40.875875577577965], [14.185878684327134, 40.8758756209016], [14.185841139297134, 40.87600062186137], [14.18584113451321, 40.87600063755485], [14.185820525672003, 40.876067263077246], [14.185820521925846, 40.87606727547173], [14.18574241826512, 40.876331861314405], [14.185742407673947, 40.87633190004027], [14.185642665497816, 40.876727660376595], [14.185642612411588, 40.87672783642562], [14.185642543380995, 40.87672800685503], [14.185642458989543, 40.87672817022422], [14.185642359950581, 40.876728325152236], [14.18560348485971, 40.876783385398355], [14.185603460206902, 40.876783424307156], [14.185603505848052, 40.8767834305152], [14.185643562080621, 40.87678685076523], [14.185643752199828, 40.87678687623071], [14.185643939005086, 40.87678691979215], [14.185644120778075, 40.87678698104885], [14.18564429584677, 40.87678705943735], [14.185644462600802, 40.87678715423659], [14.1856446195063, 40.87678726457456], [14.185644765119973, 40.87678738943633], [14.1856448981024, 40.876787527673365], [14.18564501723035, 40.8767876780141], [14.18564512140803, 40.87678783907562], [14.185645209677167, 40.87678800937642], [14.185645281225822, 40.876788187349995], [14.185645335395858, 40.87678837135926], [14.185645371688993, 40.87678855971163], [14.185645389771388, 40.87678875067453], [14.18564752120605, 40.87683461771508], [14.185647520101448, 40.876834824710656], [14.18564749760758, 40.876835030483385], [14.1856474539654, 40.876835232828995], [14.18564738964241, 40.876835429579955], [14.185647305327642, 40.876835618628654], [14.185647201924287, 40.876835797949965], [14.185574182864864, 40.876948514118496], [14.185574128579166, 40.87694859365312], [14.185263028734797, 40.87738162065471], [14.185263004310997, 40.87738165809899], [14.185262990764494, 40.87738170070276], [14.185190702975108, 40.87765036733097], [14.185170752233308, 40.87772451860715], [14.185170743099803, 40.877724559246005], [14.185170740869486, 40.87772460069351], [14.185168073140813, 40.87794155320216], [14.18516806157339, 40.877941744798925], [14.18513893110355, 40.87820965822328], [14.1851389284091, 40.87820969702998], [14.18513892874546, 40.878209735928685], [14.18516947670102, 40.878850597303625], [14.185169481156356, 40.878850643732996], [14.185169523776636, 40.87885066268168], [14.185366415495615, 40.87892710064889], [14.185366647237712, 40.878927208116224], [14.18558212963247, 40.8790444023299], [14.18558217361361, 40.87904442352826], [14.185582219457572, 40.87904444032261], [14.186083329063674, 40.87920064083161], [14.186083426469121, 40.879200665892476], [14.186422092377589, 40.879269838988975], [14.18642213799653, 40.879269846120124], [14.186422184148004, 40.87926984470765], [14.186875312586265, 40.87923487970145], [14.186875442676572, 40.87923487391506], [14.187179280796444, 40.879231261112665], [14.187179492659768, 40.879231269834825], [14.187179702408928, 40.87923130093843], [14.18717990768623, 40.879231354073845], [14.187180106184249, 40.87923142864382], [14.187249758031822, 40.879261900000984], [14.187249808005847, 40.87926191874312], [14.18724985969775, 40.879261932031554], [14.18733223298519, 40.8792784611069], [14.187572720577425, 40.87932644548717], [14.18757272316808, 40.87932644600586], [14.187694064792405, 40.87935082396747], [14.187694190187264, 40.879350840984806], [14.18792360037656, 40.87936727360796], [14.187923635790666, 40.87936727551412], [14.18830906301352, 40.87938117157008], [14.188309161704343, 40.87938117025129], [14.188862655054454, 40.87934638615254], [14.188862759348723, 40.87934638232656], [14.189201429397244, 40.87934280110178], [14.189201642396785, 40.87934281021303], [14.189201853216323, 40.879342841945395], [14.189202059460321, 40.87934289593829], [14.18920225878524, 40.879342971578204], [14.189202448926158, 40.87934306800564], [14.189371663680484, 40.879440553510975], [14.189371720987028, 40.879440584090325], [14.189524159188702, 40.87951566964703], [14.189524200336212, 40.87951568765097], [14.18952424480413, 40.879515693965494], [14.18989696220541, 40.879551520111846], [14.189897145428974, 40.87955154632757], [14.189897325444395, 40.87955158936926], [14.189897500709927, 40.87955164886827], [14.1898976697245, 40.87955172431502], [14.189897831040582, 40.87955181506336], [14.190010872059641, 40.87962248407764], [14.190011028185342, 40.87962259232279], [14.190011173336096, 40.879622714893195], [14.190119192791734, 40.879723097004046], [14.190119233228865, 40.87972313075904], [14.190119282215074, 40.87972315012185], [14.190396392477554, 40.879815976159826], [14.1903966044469, 40.87981606090474], [14.190396805378352, 40.879816169252585], [14.190680343771346, 40.87999064732377], [14.19068039106924, 40.8799906730148], [14.19068044086272, 40.87999069345303], [14.190918213269331, 40.88007358497626], [14.190918400190524, 40.88007366091751], [14.190918578509448, 40.880073755304835], [14.191201501211605, 40.880242305770196], [14.191201648424741, 40.88024240250144], [14.191201786555586, 40.880242511810685], [14.191201914532638, 40.88024263285], [14.191293683372075, 40.88033742390007], [14.191293809385597, 40.880337567146135], [14.19129392117674, 40.8803377217475], [14.191294017728238, 40.88033788629734], [14.191294098161501, 40.8803380592983], [14.191294161744612, 40.88033823917612], [14.191294207898977, 40.88033842429397], [14.191319334554828, 40.88046456078274], [14.191319362592543, 40.880464746834896], [14.191319373022433, 40.8804649346985], [14.191319365752188, 40.880465122710895], [14.191319340846155, 40.8804653092081], [14.191319298524762, 40.88046549253954], [14.191319239162567, 40.88046567108266], [14.19131916328495, 40.8804658432573], [14.191319071563457, 40.88046600753963], [14.191318964809856, 40.8804661624757], [14.19131884396896, 40.88046630669427], [14.191184650229058, 40.88061195651496], [14.191184519045246, 40.880612086330835], [14.191184376453503, 40.880612203501435], [14.191184223668046, 40.88061230702901], [14.191184061989894, 40.880612396031985], [14.190961516395141, 40.88072184428384], [14.190961471081547, 40.88072186958959], [14.190961432003924, 40.88072190374598], [14.190854076575722, 40.88082611688194], [14.190853948818113, 40.88082623069965], [14.190853811799638, 40.88082633318094], [14.190853666523148, 40.88082642357573], [14.190639612505976, 40.88094723041202], [14.190639568640405, 40.88094725828985], [14.190639531523926, 40.88094729467306], [14.190549807999256, 40.88104495793419], [14.190426297957142, 40.88117939482863], [14.190426173526884, 40.88117951886108], [14.190274951490482, 40.8813175594385], [14.190274791949882, 40.881317690630766], [14.190274619729047, 40.88131780466848], [14.190274436664913, 40.881317900335276], [14.190112428007478, 40.88139217962018], [14.190112386352036, 40.88139220123294], [14.190112394500071, 40.881392247448645], [14.190118940120241, 40.881421081052736], [14.19011895269104, 40.881421126122895], [14.19011899937696, 40.88142112299696], [14.190461323426284, 40.881381362657116], [14.190461509443379, 40.88138134980189], [14.190461695849248, 40.88138135432613], [14.190461881023667, 40.881381376190504], [14.190462063357119, 40.88138141520497], [14.190893627495825, 40.88149503218104], [14.191030911372337, 40.881531174424694], [14.191030995620753, 40.881531192759056], [14.191093973905094, 40.88154207719443], [14.191094015917646, 40.88154208263007], [14.19109405823981, 40.881542084481744], [14.191467838883872, 40.88154255273479], [14.191468059435664, 40.881542565210786], [14.191468277266228, 40.88154260193392], [14.1914684897181, 40.881542662456205], [14.191662753173741, 40.88160980607108], [14.191662928735475, 40.8816098762046], [14.191663096890844, 40.88160996260138], [14.191663256137353, 40.881610064489465], [14.191663405052108, 40.88161018095847], [14.191663542304532, 40.881610310967716], [14.191737851895027, 40.88168768278136], [14.19173788703039, 40.88168771595035], [14.191737933637206, 40.88168772869652], [14.191823951419948, 40.88170678239234], [14.191824140735601, 40.881706834191775], [14.191824324062292, 40.881706904298284], [14.191824499634414, 40.88170699203668], [14.191824665761056, 40.881707096561975], [14.191824820842264, 40.88170721686749], [14.19182496338447, 40.881707351794574], [14.191825092014863, 40.88170750004375], [14.191910341990269, 40.88181608892368], [14.191910373524777, 40.88181612529958], [14.191910416504806, 40.88181614698711], [14.192159082193328, 40.881926795171054], [14.192159264601923, 40.88192688778875], [14.192159436595036, 40.881926998555635], [14.19215959637315, 40.88192712631278], [14.192159742264549, 40.88192726972349], [14.19215987274281, 40.881927427287316], [14.192159986442773, 40.881927597355684], [14.192160082174828, 40.88192777814923], [14.192160158937353, 40.88192796777636], [14.192222919984044, 40.88210914048128], [14.192222975123377, 40.882109269531824], [14.192265339667554, 40.882191828937565], [14.192265411393679, 40.88219198484383], [14.19226546949021, 40.882192146325075], [14.192265513529392, 40.882192312192345], [14.192305661394723, 40.88237475565303], [14.192305673787146, 40.8823748014079], [14.192305702386259, 40.88237483921226], [14.192388106336772, 40.88247356210978], [14.192388138324668, 40.88247359687753], [14.19238818549679, 40.88247359948595], [14.19247958856097, 40.88247423963995], [14.192479696211374, 40.882474234582425], [14.192784436233453, 40.88244338262606], [14.192784608295062, 40.88244337267053], [14.192784780574918, 40.88244337756556], [14.192784951793655, 40.88244339727479], [14.192891590281489, 40.88246035581095], [14.192891776259573, 40.88246039452168], [14.19289195772607, 40.882460450702446], [14.192892133043866, 40.88246052384641], [14.192892300631312, 40.882460613293695], [14.192892458976505, 40.88246071823734], [14.19289260665092, 40.882460837730584], [14.192892742322295, 40.88246097069541], [14.19289286476666, 40.88246111593228], [14.192892972879374, 40.8824612721309], [14.192893065685086, 40.88246143788212], [14.19289314234654, 40.88246161169061], [14.19289320217213, 40.88246179198833], [14.19289324462213, 40.88246197714871], [14.19289326931358, 40.88246216550131], [14.192893276023716, 40.88246235534688], [14.192891892755467, 40.88257593378771], [14.192891883311097, 40.88257610508103], [14.192891859222007, 40.88257627493483], [14.192891820665437, 40.882576442099385], [14.192869135343624, 40.8826585418496], [14.19286911501164, 40.88265863120691], [14.192863084854272, 40.882692175762266], [14.19286307881259, 40.88269222227167], [14.192863121362386, 40.88269224199829], [14.193271934951655, 40.882858106682036], [14.193271983329671, 40.88285812343967], [14.193272033641941, 40.88285811395692], [14.193303907646632, 40.882850372371905], [14.193303959216577, 40.8828503568416], [14.193304006234007, 40.882850330573454], [14.19342651196961, 40.882772886759845], [14.19342667723282, 40.88277279296611], [14.193426850651568, 40.88277271527999], [14.19342703066035, 40.8827726544028], [14.193427215634175, 40.88277261088409], [14.193427403903229, 40.88277258511672], [14.19342759376795, 40.882772577333284], [14.193427783514375, 40.882772587604066], [14.193569825560955, 40.88278706895996], [14.1935700118428, 40.88278709686754], [14.193570194673061, 40.88278714217597], [14.193570372430045, 40.88278720448338], [14.193570543537058, 40.8827872832371], [14.193570706476391, 40.882787377738595], [14.193570859802783, 40.882787487149635], [14.193571002156236, 40.88278761049976], [14.193571132274087, 40.88278774669485], [14.193571249002193, 40.88278789452688], [14.19357135130519, 40.882788052684575], [14.193571438275649, 40.88278821976508], [14.193571509142153, 40.88278839428642], [14.193618392105655, 40.8829215172152], [14.193618464077904, 40.88292177580113], [14.193631735049472, 40.8829858260719], [14.193631746112711, 40.88298586952987], [14.193631764712492, 40.88298591013544], [14.193684534853402, 40.88308873796922], [14.193684557987302, 40.88308877829131], [14.193684588211967, 40.88308881361141], [14.193755686512064, 40.88316443970121], [14.193755721583837, 40.8831644734886], [14.193755769558225, 40.883164481859765], [14.193872657167596, 40.883178962072], [14.193872707938418, 40.88317896705018], [14.194221435194526, 40.88320419795691], [14.194221488155794, 40.88320419895731], [14.194221540128128, 40.883204188721024], [14.194255602051644, 40.88319557085253], [14.194255800401955, 40.88319553121942], [14.194256001741051, 40.88319551182362], [14.194256204009555, 40.88319551286351], [14.194468996458848, 40.88320738417712], [14.194469073227403, 40.88320738550663], [14.194601755680761, 40.88320458589989], [14.194601946494629, 40.88320459098468], [14.194602135954698, 40.883204614237], [14.194602322335182, 40.883204655445034], [14.194602503938356, 40.88320471423342], [14.194602679110005, 40.883204790066664], [14.194897869692804, 40.8833496798016], [14.194897959011817, 40.88334971836737], [14.195122025618605, 40.88343377714996], [14.195122079327373, 40.88343379390453], [14.195122134583093, 40.88343380449413], [14.195229988063245, 40.883448215974575], [14.195230032752299, 40.88344821991033], [14.195230077614246, 40.88344821981437], [14.195356049701783, 40.883442278351296], [14.195356254417991, 40.88344227918487], [14.195356457976544, 40.88344230094116], [14.195491103883402, 40.883463709270316], [14.195491156115057, 40.88346371474772], [14.195491205949702, 40.883463698175014], [14.195792136948242, 40.883345507546615], [14.195792326490013, 40.88334544384346], [14.195792521445544, 40.883345399385426], [14.195792719866049, 40.88334537461693], [14.195792919768106, 40.88334536978554], [14.196006075590864, 40.88335088042768], [14.196153641568575, 40.88335447737031], [14.196153842305762, 40.88335449239662], [14.196154040515712, 40.8833545275253], [14.196154234190498, 40.88335458240048], [14.196154421368137, 40.88335465646625], [14.196154600152461, 40.88335474897233], [14.196154768732333, 40.883354858981576], [14.196154925399988, 40.883354985379576], [14.196155068568334, 40.883355126885874], [14.196155196787032, 40.88335528206697], [14.19615530875719, 40.883355449350844], [14.196155403344514, 40.88335562704284], [14.196155479590807, 40.883355813342895], [14.196155536723673, 40.883356006363734], [14.196178827428685, 40.88345225076946], [14.196178840793612, 40.88345229620368], [14.196178885873318, 40.88345231071934], [14.196292829796185, 40.88348297104544], [14.196292938857027, 40.88348299395634], [14.19653968367248, 40.883520606484254], [14.196539855776182, 40.88352064050197], [14.19654002423673, 40.883520689470664], [14.196540187757954, 40.883520753013556], [14.196540345081681, 40.883520830641736], [14.196708275504454, 40.88361306263932], [14.19670848264091, 40.883613193528525], [14.196781513085728, 40.8836658660248], [14.196781619591242, 40.88366593306727], [14.196890942098808, 40.88372548331773], [14.196891104023361, 40.883725581743626], [14.196891255906142, 40.88372569505223], [14.196891396383728, 40.88372582222639], [14.19689152419508, 40.88372596212448], [14.196891638192858, 40.883726113490674], [14.196891737353731, 40.88372627496618], [14.196967902803184, 40.88386459928278], [14.196967990829588, 40.88386478011214], [14.196968060250033, 40.883864968867826], [14.196968110362542, 40.88386516364113], [14.196968140660378, 40.88386536246253], [14.196968150837169, 40.88386556332153], [14.196968140790009, 40.88386576418706], [14.196968110620492, 40.88386596302796], [14.196968060633695, 40.88386615783357], [14.196967991335084, 40.883866346634015], [14.196922016459826, 40.88397445984834], [14.19692199945831, 40.88397450619884], [14.196922021228902, 40.88397455050976], [14.197063069045647, 40.88422838186347], [14.19706309552466, 40.884228424293426], [14.197063139283696, 40.884228448513085], [14.197233250488143, 40.88431162541493], [14.197233292346294, 40.884311643539085], [14.197233337895874, 40.88431164112591], [14.197394818804904, 40.88429558831387], [14.197394901179763, 40.884295581840284], [14.197657144366678, 40.884280415945845], [14.197657212446197, 40.884280413171275], [14.197848899809554, 40.88427586982738], [14.197848949674304, 40.88427586611666], [14.197848994051078, 40.884275843074015], [14.197931668346357, 40.884227457165736], [14.197931733439267, 40.88422741561321], [14.19802177668378, 40.88416491285764], [14.198021942188616, 40.88416480955737], [14.198022116970794, 40.88416472287411], [14.198022299367139, 40.88416465363272], [14.19802248764202, 40.88416460249207], [14.198022680003872, 40.884164569938804], [14.198022874622234, 40.884164556282684], [14.198023069645181, 40.88416456165367], [14.19802326321693, 40.88416458600064], [14.198023453495512, 40.88416462909191], [14.198069446700886, 40.88417743245012], [14.198452708181408, 40.88428412369683], [14.198452724893473, 40.88428412819363], [14.198773477063693, 40.884367464650616], [14.19877352888486, 40.8843674766526], [14.198953602476287, 40.8844041644297], [14.198953650391358, 40.884404171780695], [14.198953698822665, 40.88440416970679], [14.199171085014928, 40.884384211774176], [14.199171286056098, 40.884384203481005], [14.199171486913126, 40.88438421543016], [14.199171685553024, 40.884384247500705], [14.19917187996524, 40.88438429936802], [14.199172068182015, 40.884384370507135], [14.1991722482983, 40.88438446019801], [14.19917241849103, 40.88438456753283], [14.199172577037585, 40.88438469142519], [14.199172722333225, 40.884384830621116], [14.199172852907328, 40.88438498371172], [14.199172967438278, 40.88438514914748], [14.199221489283557, 40.88446337201287], [14.199221515136719, 40.88446340966812], [14.199221558509599, 40.884463423989], [14.200163074292272, 40.88472649695071], [14.200163245589852, 40.884726553253245], [14.200163411120378, 40.88472662475486], [14.200163569538383, 40.88472671087439], [14.20016371955621, 40.88472681091182], [14.200354342388117, 40.884866737409496], [14.200354382718812, 40.884866764053], [14.200354430026985, 40.88486675413402], [14.200509139864094, 40.88482624691463], [14.200509335564702, 40.88482620600485], [14.200509534371934, 40.884826184838325], [14.200509734299095, 40.884826183626565], [14.200509933348291, 40.88482620238168], [14.200510129530413, 40.88482624091625], [14.200510320884993, 40.88482629884519], [14.200510505499807, 40.884826375589626], [14.200510681529988, 40.88482647038263], [14.200510847216446, 40.88482658227693], [14.200511000903466, 40.88482671015436], [14.200511141055241, 40.88482685273703], [14.200511266271223, 40.8848270086001], [14.200511375300113, 40.88482717618601], [14.200511467052381, 40.88482735382007], [14.200511540611139, 40.88482753972716], [14.200511595241304, 40.8848277320495], [14.200511630396957, 40.8848279288652], [14.200511645726781, 40.88482812820745], [14.200511641077584, 40.88482832808422], [14.20051161649583, 40.88482852649812], [14.20051157222716, 40.88482872146638], [14.20051150871396, 40.884828911040664], [14.20051142659092, 40.88482909332655], [14.200511326678704, 40.884829266502436], [14.200511209975742, 40.884829428837755], [14.200447052653375, 40.884909862454364], [14.200447025596958, 40.88490989985937], [14.200447031450718, 40.88490994565148], [14.200480747137926, 40.88510149736734], [14.200480757611963, 40.885101543545], [14.200480803199312, 40.8851015563465], [14.200696380311138, 40.88515088401507], [14.200696424258084, 40.885150892010415], [14.200696468745964, 40.885150887999174], [14.200850745635668, 40.88512994849003], [14.20085090125228, 40.885129933534756], [14.200851057561595, 40.885129930779925], [14.201117968462253, 40.88513566249436], [14.201118142228577, 40.8851356738083], [14.201118314352128, 40.88513570019435], [14.201118483528093, 40.88513574145247], [14.201355586677833, 40.88520462926433], [14.201355657805914, 40.885204647128525], [14.201616615509213, 40.88526009823179], [14.20161667059545, 40.88526010673809], [14.201616726192238, 40.88526010275797], [14.20186914370493, 40.88522770914231], [14.201869369318041, 40.88522769308329], [14.201869595301622, 40.885227702601156], [14.20216627379347, 40.88525707088243], [14.2021664836632, 40.88525710298148], [14.202216906678927, 40.88526758034073], [14.202217099003843, 40.88526763038808], [14.202217285412495, 40.88526769927512], [14.202217464064395, 40.885267786321705], [14.202217633195643, 40.88526789066839], [14.202217791136336, 40.885268011284914], [14.202217936327063, 40.885268146980394], [14.202340640241687, 40.885394819103965], [14.202340767378473, 40.88539496366963], [14.202340880026664, 40.88539511978939], [14.20234097714249, 40.88539528601669], [14.202341057826102, 40.88539546081128], [14.202341121329905, 40.885395642553576], [14.202341167065489, 40.88539582955959], [14.20234119460908, 40.885396020096586], [14.202341203705464, 40.88539621239909], [14.202340931737469, 40.88570500824821], [14.202340924131477, 40.885705180754385], [14.202340901674068, 40.885705351961555], [14.202340864532646, 40.88570552059354], [14.202293930630171, 40.885881969501895], [14.202293868951749, 40.88588216174132], [14.20229378820655, 40.88588234678304], [14.202293689217372, 40.88588252274147], [14.20229357299292, 40.885882687823575], [14.202293440717527, 40.885882840347165], [14.20229329373909, 40.88588297875801], [14.202293133555324, 40.88588310164571], [14.202093641946854, 40.886020727423], [14.202093492877145, 40.88602082086261], [14.20200313891523, 40.886072064308834], [14.202003106992626, 40.886072084035206], [14.202003076642555, 40.88607210610402], [14.201884188271428, 40.88616558427537], [14.2018393956006, 40.886200803145925], [14.20183935605949, 40.886200837795386], [14.201839334370817, 40.88620088568789], [14.201812441965817, 40.88626981526918], [14.201812436449128, 40.88626982925389], [14.20174359417362, 40.88644243995507], [14.20174357776056, 40.886442488120565], [14.201743566344513, 40.88644253770864], [14.201717532995422, 40.886589605578685], [14.201717527110075, 40.88658965113122], [14.201717550151306, 40.8865896908649], [14.201823645664831, 40.88675440990084], [14.201823675453337, 40.88675445131433], [14.20182371306123, 40.88675448578288], [14.202092756328181, 40.886976775755876], [14.202092793942416, 40.88697680394633], [14.202092837952422, 40.886976820458166], [14.202352614228024, 40.88706048124436], [14.202352804167763, 40.88706055325162], [14.202352985823824, 40.887060644153905], [14.202353157322328, 40.88706075301351], [14.202353316894175, 40.88706087870748], [14.202353462893296, 40.887061019939225], [14.20239549912262, 40.887106035221585], [14.202468275203652, 40.88718396947055], [14.202468401308105, 40.887184118470024], [14.202468512286886, 40.88718427905298], [14.202468607082835, 40.88718444968974], [14.202468684792946, 40.88718462875486], [14.202468744676967, 40.887184814542586], [14.202468786164458, 40.88718500528316], [14.202468808860214, 40.88718519915961], [14.202484020458833, 40.88740950342677], [14.202484024329113, 40.88740969215019], [14.202484010389991, 40.887409880397925], [14.202483978765635, 40.88741006649309], [14.202483929737749, 40.88741024877797], [14.202483863743067, 40.88741042562879], [14.202483781369464, 40.88741059547018], [14.202483683350712, 40.88741075678922], [14.202318940240866, 40.88765510850295], [14.202318916257115, 40.88765514789073], [14.202318900015756, 40.8876551908405], [14.202225367562692, 40.887941580798866], [14.202225357068228, 40.887941617676184], [14.20222534943573, 40.88794165525034], [14.202166898523119, 40.888299339648476], [14.202166886273258, 40.888299460092], [14.202153458202668, 40.88862894257081], [14.202153435854335, 40.88862917008241], [14.202153387689174, 40.88862939355745], [14.202125673121891, 40.88872974289506], [14.202125662396847, 40.88872979109653], [14.202125689848552, 40.88872983214305], [14.202391675043293, 40.88908707768402], [14.202391700729732, 40.88908710938962], [14.202391728920961, 40.88908713889024], [14.202686513094157, 40.889371378230514], [14.202686550948737, 40.88937141121761], [14.20268659193018, 40.889371440228636], [14.202936924644812, 40.889530353209544], [14.202936959640882, 40.88953037348378], [14.202936996163873, 40.88953039085706], [14.20328995378812, 40.889681062484655], [14.203289984689215, 40.88968107507052], [14.20351081565414, 40.88976675123856], [14.203510855222643, 40.88976676471181], [14.20351089578005, 40.88976677482549], [14.203717062222406, 40.889809099215924], [14.203717238355875, 40.88980914379956], [14.203717409716573, 40.88980920418343], [14.203717574890314, 40.88980927986919], [14.203717732513974, 40.88980937023224], [14.203717881286735, 40.88980947452685], [14.203718019980826, 40.8898095918923], [14.203806694747481, 40.889891826148656], [14.203806731973344, 40.88989185742148], [14.203806776667037, 40.88989187655875], [14.204013024083828, 40.88996846106946], [14.204013077062678, 40.88996847744878], [14.204013131533884, 40.88996848783713], [14.204174602567628, 40.88999005022518], [14.204174809363401, 40.88999008900545], [14.204175010940812, 40.88999014929598], [14.204175205068983, 40.88999023042953], [14.204175389599481, 40.8899903315082], [14.20428697600234, 40.89005932236251], [14.20428717291116, 40.89005946116503], [14.20428735170209, 40.89005962263647], [14.204468700945855, 40.89024441676426], [14.20446882852773, 40.89024455989118], [14.204468941817854, 40.890244714577314], [14.20446903977502, 40.89024487940099], [14.204469121498942, 40.890245052847376], [14.204469186238528, 40.89024523332241], [14.20446923339878, 40.8902454191674], [14.204469262546269, 40.89024560867432], [14.20446927341311, 40.890245800101496], [14.20446926589943, 40.89024599168958], [14.204448475556537, 40.890483945524196], [14.204448454322218, 40.89048410977546], [14.204448419570875, 40.89048427170667], [14.204448371540806, 40.89048443020741], [14.204351690993846, 40.89076157243343], [14.204351675037838, 40.89076162234066], [14.204251842982769, 40.891104613763645], [14.204251772037166, 40.8911048163087], [14.20425167979714, 40.891105010085774], [14.204251567324789, 40.89110519286364], [14.204182900048405, 40.891204429038986], [14.20408562121029, 40.89134501296942], [14.204085555898379, 40.89134512146109], [14.204058120049629, 40.89139801886483], [14.203919639066227, 40.8916650007732], [14.203919513511444, 40.891665210412576], [14.203919363327728, 40.89166540317544], [14.20372769414649, 40.891882618338364], [14.203727665954705, 40.89188265336731], [14.203727652068022, 40.89188269603726], [14.203661558187669, 40.89212181202984], [14.203661499811535, 40.892121990228794], [14.203661425002682, 40.89212216217725], [14.20366133441873, 40.89212232636369], [14.203661228855971, 40.8921224813448], [14.203661109242374, 40.892122625758184], [14.20366097662942, 40.89212275833436], [14.203497623618018, 40.89227142464348], [14.203497465390114, 40.8922715544837], [14.203497294720282, 40.89227166747201], [14.203497113396052, 40.892271762425025], [14.20330714034437, 40.89235916562797], [14.203307094119735, 40.892359189944074], [14.203307066554698, 40.892359234307946], [14.203239999281724, 40.8924811566959], [14.203239978452665, 40.89248119931328], [14.203239988879792, 40.892481245588186], [14.203285541701739, 40.89264588418338], [14.20328558324458, 40.892646067426575], [14.203285607408016, 40.89264625375962], [14.203285613978782, 40.892646441537956], [14.203284727207123, 40.892720257250204], [14.203284731433218, 40.89272036183959], [14.2033166442764, 40.89306332985985], [14.203316650444702, 40.893063374240555], [14.203316675421979, 40.89306341144039], [14.203465090381188, 40.89326416280949], [14.203465202139604, 40.893264331147435], [14.203465296342328, 40.89326450990272], [14.203465372027845, 40.89326469725082], [14.203465428423637, 40.89326489127948], [14.20346546495408, 40.89326509000828], [14.20346548124631, 40.8932652914088], [14.203465477134033, 40.893265493425375], [14.203465452659225, 40.893265693996035], [14.203465408071697, 40.89326589107358], [14.203465343826549, 40.89326608264646], [14.203465260579526, 40.89326626675931], [14.20346515918032, 40.8932664415329], [14.203465040663906, 40.89326660518334], [14.203464906239965, 40.89326675604026], [14.203464757280555, 40.893266892563894], [14.203384492022495, 40.89333331792109], [14.203384356183271, 40.89333342090822], [14.203384212067535, 40.893333511953806], [14.203384060722238, 40.89333359039643], [14.203142982459378, 40.893445778292296], [14.203142937823797, 40.89344580191715], [14.203142910505917, 40.893445844392986], [14.203114857773803, 40.893494806454626], [14.203114741836977, 40.89349498586042], [14.203114607427601, 40.89349515187821], [14.203114456078875, 40.89349530261424], [14.203114289517229, 40.89349543634908], [14.20311410964262, 40.8934955515572], [14.20268552714558, 40.89373880331074], [14.20268549013436, 40.893738826526054], [14.202685460459938, 40.89373885859147], [14.20253010782704, 40.89392228891281], [14.2025300781208, 40.89392232769137], [14.202530052352675, 40.89392236919118], [14.202382704764815, 40.89418787836559], [14.202382685647644, 40.89418791658545], [14.202382673386843, 40.89418795735956], [14.202334007533628, 40.89437889086929], [14.202333997756472, 40.894378939363634], [14.202334026137343, 40.894378979882994], [14.20253895917616, 40.894642143571296], [14.202539078768819, 40.894642314910456], [14.20253917983271, 40.89464249779185], [14.202539261264734, 40.894642690219335], [14.202539322176067, 40.894642890092605], [14.202539361901874, 40.89464309523005], [14.202564175307495, 40.89482042432458], [14.202564185569651, 40.894820476889386], [14.20256420141524, 40.894820528048854], [14.202642716774223, 40.89503289061244], [14.20264273744743, 40.895032938604174], [14.202642767689232, 40.895032981219025], [14.202873268041888, 40.89532405289835], [14.202873296521688, 40.895324087257855], [14.202980186906805, 40.89544733995913], [14.202980308377033, 40.895447494802426], [14.202980414040802, 40.895447660834435], [14.202980502874988, 40.8954478364475], [14.202980574019419, 40.89544801994119], [14.20298062678521, 40.89544820953875], [14.202980660661444, 40.89544840340432], [14.202980675320097, 40.89544859966075], [14.202980670619231, 40.89544879640771], [14.202980646604365, 40.89544899174012], [14.202980603508033, 40.895449183766594], [14.202927036601002, 40.89564274139261], [14.20292702584966, 40.89564278942089], [14.202927034560185, 40.89564283786091], [14.202967425284358, 40.895817157334044], [14.202967440484555, 40.89581720965324], [14.202967471833542, 40.89581725421312], [14.203358001225784, 40.89631207171422], [14.203358032228946, 40.89631210736646], [14.203358072023336, 40.89631213283555], [14.203706248520346, 40.896512275487396], [14.203706419455795, 40.896512385672935], [14.203706578317732, 40.896512512647995], [14.20370672346353, 40.89651265509966], [14.20370685339239, 40.896512811555], [14.203706966760855, 40.89651298039627], [14.2037070623967, 40.89651315987764], [14.203707139311058, 40.896513348143316], [14.203707196708638, 40.89651354324662], [14.203707233995951, 40.896513743170196], [14.203731912685633, 40.89669746848025], [14.203731920656418, 40.89669751257248], [14.203731947127789, 40.8966975487239], [14.204024922462747, 40.89706181249628], [14.20402495539178, 40.89706184949166], [14.204024997776166, 40.89706187511457], [14.204292903396372, 40.89720608049945], [14.20429290836135, 40.89720608318098], [14.204498821350814, 40.89731767026738], [14.204498987510851, 40.897317771050645], [14.204499143105144, 40.89731788748449], [14.204499286664632, 40.89731801846959], [14.204499416833883, 40.897318162769245], [14.204499532383888, 40.89731831902103], [14.204499632223673, 40.89731848574968], [14.204499715410588, 40.897318661381], [14.204499781159216, 40.89731884425676], [14.204560227899295, 40.89751667902803], [14.20456024475254, 40.897516725639456], [14.20456028512313, 40.89751675439473], [14.20492980548623, 40.897752829893484], [14.204929961335433, 40.897752940281556], [14.20493010594497, 40.89775306503163], [14.204930237996203, 40.89775320300617], [14.204930356285004, 40.89775335294702], [14.20496692225035, 40.89780455347989], [14.204996304648546, 40.897845697659385], [14.204996337016524, 40.89784573829758], [14.204996380373622, 40.897845766921144], [14.20504288987213, 40.897873083242835], [14.205042933840373, 40.89787310619742], [14.205042981487132, 40.89787311997824], [14.205472597181327, 40.89797445748764], [14.205944344427692, 40.898084799635434], [14.205944431350554, 40.89808482203548], [14.206473781245009, 40.89823398042449], [14.206473962091584, 40.89823404082516], [14.206663037488497, 40.89830738158803], [14.206663090611565, 40.89830739883481], [14.206663145331806, 40.89830741002493], [14.208284372995307, 40.8985451640962], [14.208284630059866, 40.89854521926106], [14.209166458558625, 40.898796089340124], [14.209680615161364, 40.89893878723713], [14.209680653445345, 40.89893879705178], [14.209896649726948, 40.89898964354544], [14.209896685655707, 40.89898965130914], [14.210098794914694, 40.89902945065075], [14.21009884138343, 40.899029457545836], [14.210098888294914, 40.89902946003705], [14.210222086297021, 40.899030190459754], [14.210399411919923, 40.89903124234008], [14.210399510242864, 40.899031238077505], [14.210690871212954, 40.899004185613485], [14.210690984387078, 40.899004168521586], [14.211157121963208, 40.89890617975207], [14.211157227224565, 40.898906151552765], [14.211286742507545, 40.898863761917426], [14.211286957172376, 40.89886370464329], [14.211287176865282, 40.89886367153221], [14.212271085861692, 40.898770893541965], [14.21227125772264, 40.898770884772404], [14.212673030951729, 40.89876769122584], [14.212673145392309, 40.89876769359186], [14.21309564882179, 40.8987885364591], [14.213501243008, 40.89880598374937], [14.213501299204177, 40.898805982982125], [14.213501353791896, 40.89880596961082], [14.213716899614985, 40.898740033607915], [14.213717095025146, 40.898739984446266], [14.213717294390284, 40.89873995519664], [14.213839123284481, 40.8987283122834], [14.214000804883646, 40.89871286095768], [14.214000985069667, 40.89871285191223], [14.214437169682327, 40.8987106535403], [14.214437208554031, 40.898710652588335], [14.214958094411347, 40.89868775542287], [14.215061628198427, 40.89868297170878], [14.215246043787758, 40.898674451015516], [14.215246149696828, 40.89867444893038], [14.215475829787664, 40.89867601079469], [14.215476022573213, 40.8986760214257], [14.21583556531858, 40.898713322782925], [14.215835598625596, 40.89871332567652], [14.216111150414873, 40.89873262938948], [14.216111196623478, 40.898732631553884], [14.216160995832912, 40.89873381056244], [14.216455841401078, 40.898740782506614], [14.216455855459781, 40.89874078288851], [14.216880695863356, 40.89875381837901], [14.216880712362705, 40.89875381874902], [14.217479793553242, 40.8987623084993], [14.217479959334767, 40.898762317741564], [14.21775824751072, 40.8987894567033], [14.21775829030819, 40.89878945902694], [14.217758332713704, 40.89878945400103], [14.217820799548603, 40.89877933315037], [14.217821009025554, 40.89877931045466], [14.217821219727728, 40.89877930992294], [14.217821429316558, 40.898779331561144], [14.217821635465832, 40.89877937512909], [14.218112516760705, 40.89885706020168], [14.2181127075428, 40.898857121545575], [14.218112891228154, 40.89885720167405], [14.218113065972524, 40.8988572997826], [14.218317967970576, 40.898986250366185], [14.218318125052603, 40.89898636006559], [14.218500326010345, 40.8991270502624], [14.218500415679237, 40.89912711200873], [14.218646674187138, 40.89921648889559], [14.218646723246092, 40.89921651522749], [14.21864677493787, 40.89921653591891], [14.21887561019783, 40.899293596739454], [14.218875664728703, 40.89929361171484], [14.218875720605599, 40.89929362041121], [14.219066938370332, 40.89931234007993], [14.219066985092596, 40.89931234244879], [14.21906703183112, 40.89931234042843], [14.219964199915218, 40.89923126025744], [14.219964361046584, 40.8992312522289], [14.219964522300815, 40.89923125721367], [14.22032413225016, 40.89925692157576], [14.220324181567875, 40.89925692387338], [14.220724824329672, 40.89926568439011], [14.220725111892808, 40.899265711540416], [14.220899690374376, 40.89929503422354], [14.220977280045545, 40.8993080663392], [14.220977334973226, 40.899308076355226], [14.221374632323432, 40.89938626843229], [14.221374795401589, 40.89938630769667], [14.22137495461602, 40.89938636048817], [14.221702744109113, 40.899510533128954], [14.221702791605605, 40.8995105484363], [14.22170284150539, 40.899510548921725], [14.221948024548027, 40.899500585776615], [14.221948142218205, 40.899500573990515], [14.222493852004993, 40.89941304216486], [14.222493893919909, 40.89941303589649], [14.223262769221234, 40.89930636657036], [14.223262968871266, 40.89930634901037], [14.223263169276324, 40.89930635152042], [14.22326336842392, 40.89930637407532], [14.223263564314186, 40.89930641644856], [14.223263754979971, 40.89930647821462], [14.223263938506586, 40.899306558753246], [14.22326411305103, 40.89930665725566], [14.223264276860512, 40.89930677273267], [14.223264428290033, 40.89930690402467], [14.223325319802578, 40.89936529253669], [14.223483209723403, 40.8995166929236], [14.223483358353674, 40.8995168518441], [14.223483488839914, 40.89951702597056], [14.223483599637598, 40.8995172132419], [14.223598446858668, 40.89973790760727], [14.223598537024904, 40.89973810675507], [14.223598604917314, 40.899738314554064], [14.223598649724758, 40.89973852852157], [14.223610207074215, 40.89981410352792], [14.223610216553864, 40.89981415034424], [14.22361023479909, 40.899814194488805], [14.223797145047792, 40.90021125842324], [14.223797217599243, 40.90021143366416], [14.223797273224552, 40.9002116149896], [14.223797311423462, 40.90021180076887], [14.223797331852444, 40.90021198933119], [14.223810382867493, 40.90042749680441], [14.223810398940296, 40.90042762467776], [14.223911405908572, 40.90095399344262], [14.223911419846976, 40.900954075204474], [14.223925964044469, 40.90105155101071], [14.223925976647832, 40.901051610391846], [14.22392599638705, 40.90105166779678], [14.224007839830177, 40.90124952347673], [14.224007918184576, 40.901249750673465], [14.224007968721676, 40.9012499856283], [14.224043508037465, 40.90148238698514], [14.224043518487987, 40.90148243759659], [14.224043534124053, 40.90148248685359], [14.224151861377248, 40.9017709348232], [14.224151884531071, 40.90177099119325], [14.22423721434169, 40.90196195637986], [14.224237233834005, 40.90196199532451], [14.224237262782124, 40.90196202786139], [14.224466661998367, 40.90219816013472], [14.224466669357497, 40.902198167750086], [14.224994744001224, 40.90274753236605], [14.224994861981724, 40.90274766662745], [14.224994967504612, 40.90274781088569], [14.22499505972714, 40.90274796398869], [14.224995137912785, 40.90274812471369], [14.225166859254802, 40.903145332168386], [14.22516692595696, 40.903145508947766], [14.22516697567933, 40.903145691232744], [14.225191169515044, 40.9032543727511], [14.225319790697988, 40.90383219454819], [14.225319817392535, 40.90383233945006], [14.225362338039155, 40.904122838616345], [14.225362356419492, 40.904123024270504], [14.225362357420723, 40.90412321082961], [14.225362341034137, 40.90412339667036], [14.225337224925182, 40.904308859112106], [14.22533722066226, 40.9043089103696], [14.225337221705443, 40.904308961793475], [14.225357988306703, 40.90459723902739], [14.225357999293879, 40.90459733135546], [14.225413853241138, 40.904932811817744], [14.225413875827824, 40.90493300516706], [14.225413879510734, 40.904933199796325], [14.225400689400708, 40.90537621325071], [14.22540069102026, 40.90537630716606], [14.22542013419738, 40.90567850323287], [14.225420138187367, 40.90567865503764], [14.225417692945634, 40.90588771558648], [14.225417695216963, 40.90588776919508], [14.225417708933279, 40.905887821069015], [14.225494576611506, 40.906125705833674], [14.225494589642159, 40.90612574772493], [14.225521313452692, 40.906215104047604], [14.225521361126432, 40.906215298391324], [14.225521389141264, 40.906215496526215], [14.225521397216738, 40.90621569646884], [14.225519894560644, 40.90637092026356], [14.225519896291797, 40.90637096651844], [14.225519925992367, 40.90637100202034], [14.225617735434495, 40.90647731848397], [14.225617869028333, 40.90647747990923], [14.225617984999987, 40.90647765442571], [14.225618082076512, 40.90647784011786], [14.22573000573724, 40.90672233640761], [14.22573002674761, 40.90672237722739], [14.22573005142301, 40.906722415942], [14.225956073845015, 40.907043412396426], [14.225956207038598, 40.907043629781484], [14.225975418037681, 40.907080002266625], [14.22597549647208, 40.907080168929404], [14.225975559240746, 40.90708034210138], [14.225975605811271, 40.90708052031368], [14.225975635788636, 40.90708070205469], [14.225975648918572, 40.90708088578287], [14.225985309845463, 40.90746300425685], [14.225985310562535, 40.907463024501176], [14.2260017319671, 40.90782340594776], [14.226001732515241, 40.90782341890022], [14.226004852017171, 40.907903256562065], [14.226006575354768, 40.90794659502174], [14.226006576836213, 40.90794665469856], [14.226007863213809, 40.90807665360097], [14.226007863575513, 40.908076672361695], [14.226017011788633, 40.90839578280038], [14.226017021011172, 40.90839589257976], [14.226108919466887, 40.90905293239768], [14.226108937207249, 40.90905313096269], [14.22610893509152, 40.90905333030738], [14.22609947691161, 40.90920954387023], [14.226099453121867, 40.90920975319407], [14.226099407445439, 40.909209958854184], [14.226099340389133, 40.90921015856866], [14.226099252696981, 40.90921035012154], [14.22606436789336, 40.90927702994434], [14.22598950313741, 40.90942012040376], [14.225946804016038, 40.909501727493904], [14.225946784683298, 40.909501769442265], [14.225946830871592, 40.90950176919449], [14.22601602627793, 40.90949792039855], [14.226402605910293, 40.90947639601421], [14.226402629384127, 40.90947639484552], [14.226672971539628, 40.909464527296336], [14.227020828319834, 40.90944777479467], [14.227180940888914, 40.909440056400314], [14.227181037712068, 40.909440046992934], [14.227502876481923, 40.9093928717134], [14.227992450880325, 40.90932110796946], [14.227992460059303, 40.9093211066457], [14.228413076577372, 40.90926144197635], [14.228709921895742, 40.90921933355198], [14.229091342027614, 40.90916522660159], [14.229091585764259, 40.90916520712233], [14.229245418504895, 40.90916234809015], [14.229245463997207, 40.90916234776217], [14.22948448992909, 40.90916334308327], [14.229484554658402, 40.90916334440072], [14.229634863269728, 40.90916883864435], [14.229634918369445, 40.909168839138985], [14.229942458638705, 40.90916312346784], [14.229942703118752, 40.909163133896556], [14.230098685255243, 40.909179390284606], [14.230098721509759, 40.90917939339735], [14.230379928233646, 40.90919839009425], [14.230380057710144, 40.9091984030838], [14.230608255102217, 40.90922882357247], [14.230722897570296, 40.90924410627877], [14.23072294856991, 40.90924411038928], [14.230722992328099, 40.90924408387369], [14.230967615624033, 40.90907784278191], [14.2309676215874, 40.909077838745], [14.231176734861895, 40.9089368275422], [14.231176779899812, 40.90893679804579], [14.231288689219642, 40.90886563960182], [14.231288818372292, 40.90886556410921], [14.231288952806462, 40.908865498481525], [14.231766771338139, 40.90865398548679], [14.23176682427866, 40.90865395815229], [14.231766873574028, 40.90865392468794], [14.232377213203677, 40.90818386679215], [14.232377317543568, 40.90818379165094], [14.232803395994294, 40.907897287190856], [14.23280343283605, 40.907897259876215], [14.232803467012413, 40.9078972292925], [14.233031574333538, 40.90767337898055], [14.233031646352226, 40.90767330033365], [14.233260389711276, 40.907395045324456], [14.233260418462791, 40.9073950066863], [14.23326044335187, 40.90739496545404], [14.23342161322098, 40.90709623860998], [14.233470710217455, 40.9070052364919], [14.23347075032238, 40.90700515314268], [14.233488212515883, 40.90696410080109], [14.233488308100462, 40.906963906128816], [14.233868693094987, 40.9062849342066], [14.23386871432072, 40.90628489165882], [14.233868722607765, 40.90628484483812], [14.233916836760159, 40.9059087933691], [14.233931163070112, 40.90579684464033], [14.233931197860892, 40.905796649872926], [14.234008889331912, 40.90545913497187], [14.234008949424851, 40.905458926411605], [14.23400903176407, 40.90545872559129], [14.234009135379848, 40.90545853487601], [14.234009259051888, 40.90545835651185], [14.234084939727415, 40.90536095353109], [14.234085063308404, 40.90536080919119], [14.234085200029636, 40.90536067723069], [14.234085348656986, 40.90536055884075], [14.234085507848862, 40.90536045509002], [14.234085676168307, 40.905360366915005], [14.234085852095975, 40.905360295111635], [14.23408603404384, 40.905360240328044], [14.23408622036954, 40.90536020305874], [14.234239078148844, 40.90533711727401], [14.23423917149747, 40.90533710541452], [14.234449707701254, 40.90531537695602], [14.234449734671974, 40.905315374357016], [14.234742692294013, 40.9052891454577], [14.234742808104551, 40.905289128200735], [14.235112361210804, 40.90521169241459], [14.235112640614743, 40.90521165418242], [14.235343767129892, 40.90519651001033], [14.235343813826045, 40.90519650472104], [14.235343857166733, 40.905196486552576], [14.235389377139239, 40.90517481655427], [14.235389575797585, 40.90517473476161], [14.23538978208318, 40.90517467474969], [14.235389993615735, 40.905174637210955], [14.235390207954419, 40.90517462257857], [14.235757980474636, 40.90516931651145], [14.23575818220665, 40.905169323789195], [14.235758382177503, 40.90516935136507], [14.235758578350055, 40.905169398958144], [14.235758768725857, 40.90516946608359], [14.235758951365513, 40.90516955205758], [14.23575912440844, 40.905169656004276], [14.235759286091815, 40.90516977686477], [14.23575943476854, 40.90516991340781], [14.235759568924014, 40.90517006424242], [14.235861447958506, 40.90529696722171], [14.235940874145609, 40.90539590516413], [14.235940906173152, 40.90539594125942], [14.235940954353659, 40.90539594395766], [14.236125410761469, 40.905397166133], [14.23612545455437, 40.90539716449798], [14.236125498034811, 40.90539715902536], [14.237340493744867, 40.905189660926396], [14.237562170504802, 40.90515154675363], [14.237562179650313, 40.90515154520302], [14.237754910527878, 40.90511932745196], [14.237755107302116, 40.9051193045061], [14.237755305381098, 40.905119301140125], [14.237755502821344, 40.905119317387054], [14.237755697685637, 40.905119353087485], [14.237755888062036, 40.905119407891135], [14.237756072082634, 40.905119481260286], [14.237756247941885, 40.90511957247507], [14.237756413914319, 40.905119680640524], [14.237756568371472, 40.90511980469535], [14.237756709797862, 40.905119943422385], [14.237756836805866, 40.905120095460475], [14.237756948149324, 40.905120259317876], [14.237757042735772, 40.90512043338688], [14.23775711963716, 40.905120615959575], [14.23775717809896, 40.90512080524463], [14.237757217547562, 40.905120999384835], [14.237901417133456, 40.90606920439188], [14.237901430127808, 40.90606930795203], [14.23793401671822, 40.906398299205335], [14.237934025373237, 40.90639843049266], [14.23794281394154, 40.906665220619374], [14.23795382213976, 40.90699934542763], [14.237953826086985, 40.906999392900836], [14.237953873720006, 40.9069993922915], [14.239607500875518, 40.906895387018196], [14.239607511789927, 40.90689538627177], [14.240512324989497, 40.906828532565534], [14.240512372784924, 40.90682852670217], [14.240512419791816, 40.90682851625498], [14.240568517687906, 40.90681317130627], [14.240568703642145, 40.90681312984838], [14.240568892697457, 40.90681310627246], [14.240569083138274, 40.90681310079244], [14.240569273236453, 40.90681311345805], [14.240569461266961, 40.90681314415437], [14.240569645523527, 40.906813192602826], [14.240569824334125, 40.9068132583638], [14.240569996076154, 40.90681334084053], [14.240570159191149, 40.90681343928459], [14.240614216948412, 40.906842980262695], [14.240614383444672, 40.90684310492066], [14.240614536094208, 40.90684324619604], [14.24061467324609, 40.906843402560916], [14.240614793417, 40.906843572324185], [14.240614895307273, 40.90684375364982], [14.240614977814948, 40.90684394457676], [14.240615040047693, 40.906844143040104], [14.24083376901322, 40.90769422452733], [14.24083380818099, 40.90769441449647], [14.240833828762565, 40.90769460736634], [14.240833830564359, 40.90769480132288], [14.240833813569427, 40.90769499454182], [14.240833777937615, 40.907695185205824], [14.24083372400406, 40.90769537152157], [14.240833652276043, 40.907695551736666], [14.240833563428207, 40.90769572415606], [14.240833458296219, 40.90769588715806], [14.240833337868908, 40.90769603920953], [14.240833203278966, 40.907696178880336], [14.240833055792288, 40.90769630485679], [14.240832896796078, 40.907696415954014], [14.240832727785788, 40.907696511127064], [14.240832550351062, 40.90769658948078], [14.240559718222425, 40.907801573653444], [14.240559527327143, 40.90780163629622], [14.240559331110187, 40.907801679470666], [14.240559131551644, 40.907801702741104], [14.24055893066531, 40.9078017058727], [14.240282666685975, 40.907792126399244], [14.240282518958782, 40.907792115789526], [14.23990367715211, 40.9077507604709], [14.239903666745148, 40.907750759389906], [14.239487893454946, 40.9077097694073], [14.239227720163578, 40.9076841222313], [14.23922768278395, 40.9076841199582], [14.239227645339346, 40.90768412049409], [14.237971546084168, 40.907749287543965], [14.237971347520485, 40.907749287975356], [14.237971149892639, 40.907749268715115], [14.237970955148635, 40.90774922995308], [14.237970765208049, 40.90774917207134], [14.237970581943115, 40.90774909564042], [14.23797040716026, 40.90774900141369], [14.237970242582307, 40.907748890319944], [14.237970089831492, 40.90774876345423], [14.237969950413467, 40.90774862206704], [14.237969825702466, 40.90774846755203], [14.237969716927756, 40.907748301432235], [14.237969625161524, 40.9077481253451], [14.2379695513083, 40.90774794102629], [14.237969496096053, 40.90774775029263], [14.237969460069007, 40.90774755502416], [14.237963648603294, 40.90770404720095], [14.237963632525645, 40.90770395792599], [14.237941219966833, 40.90760538798527], [14.237941208196382, 40.907605332604625], [14.237916146106125, 40.90747861968462], [14.237904265273889, 40.907418548977304], [14.237904255395145, 40.90741849517358], [14.237889826804954, 40.90733337293529], [14.23788980242946, 40.907333161136755], [14.237889800737731, 40.90733294794688], [14.23789307261064, 40.907260912726635], [14.237896046269015, 40.907195300575694], [14.237896046128398, 40.90719525477866], [14.23789600046525, 40.90719525828122], [14.23726494789726, 40.907274499249105], [14.237264902776136, 40.907274507122835], [14.237264904487345, 40.90727455289377], [14.237284469879832, 40.90750359521158], [14.237313414706595, 40.90783560880512], [14.237313421776225, 40.90783582666664], [14.237313405094838, 40.90783604400359], [14.23731336486058, 40.90783625823436], [14.237313301551373, 40.90783646681424], [14.237292866656043, 40.90789258629104], [14.237292780198047, 40.90789278841468], [14.23729267207866, 40.90789297982823], [14.237270976004115, 40.90792689153909], [14.23727095103934, 40.9079269353795], [14.23727096123275, 40.907926984789164], [14.237290744866385, 40.90800289213622], [14.237309226640084, 40.90807379507419], [14.237368808805517, 40.9083027783217], [14.237368847220596, 40.908302960298], [14.23736886856528, 40.90830314505595], [14.237391465838389, 40.908632494653595], [14.237391466327548, 40.90863250197988], [14.237395223038456, 40.90869036505968], [14.237395228267417, 40.90869041130284], [14.237395269042919, 40.90869043373348], [14.23743228118972, 40.90870854862823], [14.237432458501045, 40.908708646845646], [14.237432624960359, 40.90870876250576], [14.237432778857876, 40.908708894420585], [14.23743291861284, 40.90870904123515], [14.237433042789755, 40.908709201441454], [14.237433150113144, 40.90870937339393], [14.237433239480634, 40.90870955532639], [14.237433309974287, 40.908709745370096], [14.23749689892607, 40.908912077863114], [14.237496907509897, 40.90891210589236], [14.237587780095568, 40.90921679465018], [14.237587829857677, 40.90921700085982], [14.237644436069825, 40.90952161447568], [14.237644460902303, 40.90952179214256], [14.23764446971474, 40.9095219713199], [14.237644462436238, 40.90952215056609], [14.2376367286311, 40.90961243972], [14.237615607532142, 40.90985900175651], [14.237615583903533, 40.90985918141325], [14.237615544111364, 40.909859358194026], [14.23741804587474, 40.91058218645304], [14.237418007567925, 40.91058231063409], [14.237313374560554, 40.91088609200634], [14.237313362498574, 40.91088613252687], [14.237313357477566, 40.910886174352484], [14.237289942725127, 40.911188105390266], [14.23728994062738, 40.91118822487334], [14.23730200555799, 40.91147337909656], [14.237302010048936, 40.911473440456966], [14.237321350207907, 40.911659031370924], [14.237321357102838, 40.911659083961666], [14.23734177212378, 40.91178813766947], [14.237372187805478, 40.9119804012683], [14.23737219763577, 40.91198045414863], [14.237429687174794, 40.912249254498995], [14.23742969210876, 40.91224927636696], [14.237455026845, 40.91235597779892], [14.237455041345713, 40.912356027288375], [14.237455065737107, 40.912356072725565], [14.237670652905296, 40.91271202465734], [14.237670689365022, 40.912712080555416], [14.237755056682184, 40.91283244734594], [14.237755065970234, 40.91283246037417], [14.238023046121048, 40.91320206095387], [14.23802307398872, 40.91320210038205], [14.238259201437724, 40.91354488690681], [14.238259229392332, 40.91354492366569], [14.238259273985879, 40.91354493566905], [14.238383925833476, 40.91357228240439], [14.238383971576653, 40.91357229018556], [14.238384007481216, 40.91357226079411], [14.238634232865737, 40.91334677011043], [14.238634272635291, 40.91334673521416], [14.238773032406677, 40.913228190381425], [14.238773042488583, 40.91322818165131], [14.23969913270724, 40.91241539385826], [14.239699150853228, 40.912415378124216], [14.239754830737578, 40.91236768179362], [14.239754921563508, 40.91236759340532], [14.239937676785441, 40.91216563535626], [14.239937844876392, 40.91216547028347], [14.240041839836241, 40.9120747356172], [14.240081469715484, 40.91204015916605], [14.240081532384444, 40.91204010670451], [14.2402964854893, 40.911867510452645], [14.240296641391334, 40.911867397177986], [14.240296807471486, 40.91186729943354], [14.240296982187843, 40.91186721812678], [14.24029716391831, 40.91186715401258], [14.240297350975675, 40.91186710768618], [14.24029754162327, 40.911867079577675], [14.240297734091095, 40.91186706994804], [14.24029792659225, 40.911867078886665], [14.240298117339524, 40.911867106310574], [14.240298304561994, 40.91186715196515], [14.240298486521455, 40.91186721542654], [14.240298661528573, 40.91186729610555], [14.240298827958553, 40.91186739325315], [14.240298984266234, 40.91186750596739], [14.240299129000432, 40.911867633201844], [14.240299260817416, 40.91186777377523], [14.240439858962912, 40.91203299146868], [14.240439978345044, 40.912033146527854], [14.240440082001932, 40.91203331251186], [14.240440168941182, 40.91203348783159], [14.240440238330448, 40.91203367080856], [14.240440289505408, 40.91203385969097], [14.240456393243253, 40.91210737699745], [14.240473444756464, 40.91218522403715], [14.2404734576758, 40.91218527146961], [14.240473500812353, 40.91218529504889], [14.240750923999299, 40.912319290270226], [14.240751100725314, 40.912319386891774], [14.240751266837009, 40.91231950079837], [14.240751420649687, 40.91231963083478], [14.240751560603385, 40.912319775682185], [14.2407516852787, 40.912319933871544], [14.240751793411185, 40.91232010379851], [14.24075188390416, 40.91232028373969], [14.240751955839853, 40.91232047187014], [14.240752008488693, 40.91232066628183], [14.240752041316721, 40.91232086500307], [14.240752053990995, 40.912321066018414], [14.2407592088673, 40.91288919961295], [14.240759208442617, 40.912889273096425], [14.2407521716819, 40.91318057640051], [14.240752172870309, 40.91318062448037], [14.240752200464577, 40.91318066387122], [14.240781720054741, 40.913218704002254], [14.24078174979139, 40.91321873881724], [14.240781795448447, 40.91321873538509], [14.241507235098815, 40.91312980600264], [14.242041189697192, 40.91306434268235], [14.242041383740126, 40.91306432842734], [14.242041578249982, 40.913064333094496], [14.24204177138592, 40.91306435663966], [14.242041961320114, 40.91306439883999], [14.242042146255029, 40.91306445929612], [14.24204232444045, 40.91306453743588], [14.24204249419003, 40.91306463251976], [14.242042653897274, 40.9130647436479], [14.242042802050712, 40.913064869768576], [14.242042937248224, 40.91306500968819], [14.242043058210308, 40.913065162082546], [14.242043163792184, 40.91306532550939], [14.242043252994625, 40.913065498422064], [14.242043324973425, 40.91306567918411], [14.242043379047377, 40.913065866084814], [14.24204341470473, 40.91306605735535], [14.24204343160802, 40.91306625118555], [14.242043429597278, 40.913066445741], [14.242043408691531, 40.913066639180435], [14.242043369088632, 40.913066829673156], [14.242012716684666, 40.91318507794329], [14.242012707382376, 40.91318512265926], [14.24201275303687, 40.913185123970905], [14.2424845564334, 40.913175775951096], [14.242802901214906, 40.91316946999544], [14.242802991603305, 40.91316946409965], [14.243397941327208, 40.91310347501137], [14.243397996274153, 40.91310346736838], [14.243498442487004, 40.91308664280244], [14.243498466520993, 40.91308663847444], [14.24364344294275, 40.91305869953217], [14.243643721632182, 40.91305866588732], [14.243912004248433, 40.91304526535615], [14.243912201750287, 40.91304526525498], [14.243912398299127, 40.913045284634], [14.243912591978258, 40.913045323304246], [14.243912780898967, 40.913045380888605], [14.24391296321895, 40.913045456825536], [14.243913137160266, 40.91304555037451], [14.243913301026685, 40.913045660623276], [14.243913453220221, 40.9130457864967], [14.243913592256725, 40.91304592676732], [14.243913716780343, 40.913046080067225], [14.243913825576753, 40.91304624490149], [14.243913917585003, 40.91304641966268], [14.243913991907847, 40.91304660264658], [14.243914047820512, 40.91304679206877], [14.24391408477775, 40.91304698608206], [14.243914102419161, 40.91304718279447], [14.24393071598519, 40.91346181882973], [14.243930718886558, 40.91346186477218], [14.243949989937308, 40.9136851578294], [14.243949996215754, 40.91368520427229], [14.24395003983737, 40.91368522140451], [14.244134241359266, 40.91374748390328], [14.244134281901129, 40.91374749572032], [14.244134323297054, 40.913747504066315], [14.245093316609685, 40.913898932493765], [14.245093350608512, 40.913898938162994], [14.245411223493088, 40.913954762217166], [14.245411416306416, 40.913954806001655], [14.24541160385422, 40.91395486861061], [14.245411784303501, 40.91395494943213], [14.245411955890633, 40.913955047676296], [14.245412116938608, 40.913955162382926], [14.245412265873421, 40.91395529243093], [14.245412401239456, 40.91395543654927], [14.24541252171371, 40.91395559332942], [14.245412626118725, 40.91395576123907], [14.2454127134341, 40.91395593863717], [14.245412782806454, 40.913956123789916], [14.245412833557777, 40.9139563148877], [14.24541286519205, 40.91395651006284], [14.245412877400092, 40.91395670740778], [14.245412870062593, 40.91395690499376], [14.24537196471369, 40.9144282392763], [14.245371962949914, 40.91442828628971], [14.245372008710774, 40.91442829721311], [14.245597249286723, 40.91447050714289], [14.24559736166726, 40.914470521665756], [14.245675453373499, 40.91447613701156], [14.245675542315622, 40.914476139436644], [14.245792739970735, 40.91447411579165], [14.245792756599343, 40.91447411536615], [14.24591931515434, 40.914469823311705], [14.245919427624584, 40.91446982266175], [14.246106417573912, 40.91447400125114], [14.24610661950038, 40.91447401601413], [14.246255584195868, 40.91449252524041], [14.24625563498194, 40.91449253023837], [14.246527519538498, 40.91451229656123], [14.246609680229431, 40.914518269199604], [14.246609877960488, 40.91451829352206], [14.246610072290805, 40.91451833739552], [14.246610261292178, 40.91451840038468], [14.246610443089283, 40.914518481864526], [14.246610615878275, 40.9145185810266], [14.246610777944694, 40.91451869688698], [14.246610927680468, 40.91451882829608], [14.246611063599875, 40.91451897395001], [14.246611184354288, 40.91451913240355], [14.246611288745543, 40.91451930208448], [14.246611375737839, 40.91451948130918], [14.246611444468016, 40.91451966829933], [14.246611494254113, 40.91451986119956], [14.246611524602137, 40.914520058095846], [14.246611535210969, 40.914520257034546], [14.24661152597534, 40.91452045604172], [14.24656545537489, 40.91499787618309], [14.24652293726282, 40.915447793816895], [14.246469686227023, 40.91606923615474], [14.24646968480441, 40.916069275443384], [14.246469704212105, 40.91606924125319], [14.246501510909727, 40.91600615709768], [14.246501531134706, 40.91600611451585], [14.246545108989574, 40.91590849118124], [14.246545112788189, 40.91590848272428], [14.246621266602443, 40.9157399853202], [14.246621301765849, 40.91573991157008], [14.246704987221111, 40.915573244823534], [14.246705000311902, 40.91557321774399], [14.24718760446293, 40.914535353356946], [14.247187642993485, 40.91453527501439], [14.247325830683252, 40.91426913434346], [14.247325879970298, 40.914269045062156], [14.247497367247503, 40.913976301489996], [14.247497403520292, 40.91397624197206], [14.247725443154827, 40.91361633104525], [14.247725525586779, 40.913616210864866], [14.247811371753818, 40.91350034133364], [14.247811432010607, 40.91350026403691], [14.247888916939015, 40.913405738298074], [14.24791142387273, 40.913378260738966], [14.247911554645102, 40.91337811608786], [14.247911698882673, 40.913377984859515], [14.247911855214268, 40.913377868301424], [14.247912022153745, 40.91337776752164], [14.247912198114125, 40.913377683478195], [14.247912381422665, 40.913377616970045], [14.247912570336775, 40.91337756862943], [14.24791276306057, 40.9133775389159], [14.247912957761956, 40.91337752811192], [14.247913152590034, 40.9133775363202], [14.247913345692702, 40.913377563462696], [14.24791353523426, 40.91337760928139], [14.247913719412862, 40.913377673340726], [14.247913896477645, 40.91337775503172], [14.247914064745371, 40.913377853577785], [14.247914222616428, 40.91337796804213], [14.247914368590044, 40.91337809733659], [14.247914501278538, 40.91337824023207], [14.247914619420538, 40.91337839537015], [14.248624789848785, 40.91441185436689], [14.248624820669617, 40.91441189459028], [14.248624870407248, 40.91441190428662], [14.251403674499711, 40.91480573408695], [14.251403720823546, 40.914805738416085], [14.251403754427688, 40.91480570623838], [14.251905116716154, 40.914277650713565], [14.251905154955955, 40.91427760529521], [14.251905187516034, 40.91427755564691], [14.251979836521697, 40.91414741338972], [14.251979857047692, 40.91414737324348], [14.251979812985581, 40.914147363674395], [14.250966793790274, 40.91397794759798], [14.250966598604679, 40.91397790483524], [14.250966408660195, 40.91397784280976], [14.250601788200658, 40.913838261035124], [14.250601567602645, 40.91383816087479], [14.250601360733882, 40.913838034776056], [14.25040327628077, 40.913700171743265], [14.250403234617421, 40.91370014570364], [14.250403188651283, 40.91370012835438], [14.2502053609151, 40.913636435537136], [14.25020517566006, 40.91363636559381], [14.250204998229595, 40.913636277673795], [14.250204830363037, 40.91363617263895], [14.250204673705959, 40.913636051518935], [14.250204529794049, 40.91363591550107], [14.25020440003806, 40.913635765918706], [14.250204285709973, 40.913635604238195], [14.250204187930533, 40.913635432044465], [14.250204107658258, 40.91363525102552], [14.250204045680047, 40.91363506295585], [14.250204002603464, 40.913634869679086], [14.250203978850786, 40.913634673089895], [14.250157912560324, 40.91298433359368], [14.250110973125176, 40.91232164096676], [14.25007705414691, 40.91184277196681], [14.250077051882627, 40.91184274513207], [14.250028462550159, 40.911346717393855], [14.250028453083871, 40.91134650682424], [14.250028465831496, 40.91134629642777], [14.25002850065144, 40.9113460885414], [14.250038635037592, 40.911300485018245], [14.250038643172443, 40.91130043775372], [14.25003864209432, 40.91130038980638], [14.25003166090465, 40.9112018287605], [14.250031655160871, 40.91120178136371], [14.250031607485411, 40.91120177881299], [14.248910564978143, 40.91119778030345], [14.24877570898495, 40.9111972944742], [14.248775515031538, 40.91119728434528], [14.248775322975078, 40.91119725545173], [14.248775134626687, 40.911197208066035], [14.248774951762513, 40.91119714263505], [14.248774776106991, 40.91119705977577], [14.248774609316575, 40.911196960269606], [14.24877445296412, 40.91119684505489], [14.24877430852405, 40.91119671521812], [14.248774177358454, 40.91119657198367], [14.248774060704239, 40.91119641670227], [14.248773959661472, 40.91119625083822], [14.248773875182998, 40.91119607595567], [14.24877380806546, 40.91119589370376], [14.248773758941786, 40.91119570580117], [14.248773728275218, 40.91119551401983], [14.248756090835672, 40.911035803253114], [14.24869900842791, 40.91051895867774], [14.248698996492006, 40.91051876374247], [14.24869900362577, 40.910518568572456], [14.248699029761177, 40.91051837502875], [14.248699074649013, 40.910518184956906], [14.248699137861244, 40.910518000169354], [14.24869921879511, 40.910517822428154], [14.248699316678861, 40.910517653428165], [14.24869943057912, 40.91051749478089], [14.248699559409783, 40.91051734799913], [14.24869970194238, 40.910517214482525], [14.248699856817783, 40.91051709550423], [14.248700022559168, 40.91051699219877], [14.248700197586102, 40.91051690555122], [14.248700380229602, 40.910516836387814], [14.248700568748061, 40.91051678536806], [14.248700761343853, 40.91051675297847], [14.24870095618047, 40.91051673952787], [14.249126364045098, 40.910508195610845], [14.249618393351726, 40.91049831150746], [14.250323913085845, 40.91048413589472], [14.250324007363442, 40.910484129532676], [14.25036822665309, 40.910479036567274], [14.250368273543312, 40.91047902879293], [14.25036827433841, 40.91047898126931], [14.250350124701464, 40.90992760995974], [14.250337260563759, 40.90953676892468], [14.250332271155784, 40.909385196710886], [14.250332274718515, 40.90938499467559], [14.250332298649303, 40.909384794030956], [14.25033234270387, 40.9093845968251], [14.250332406432518, 40.90938440507106], [14.25033248918472, 40.909384220726196], [14.250332590115766, 40.90938404567227], [14.250332708195376, 40.90938388169618], [14.250332842218224, 40.909383730471745], [14.250332990816243, 40.90938359354263], [14.25033315247258, 40.909383472306565], [14.250333325537092, 40.90938336800111], [14.250333508243179, 40.90938328169098], [14.250333698725827, 40.9093832142572], [14.250333895040638, 40.909383166388125], [14.250334095183682, 40.90938313857238], [14.250334297111952, 40.90938313109392], [14.250464232341685, 40.90938488790483], [14.25046428564816, 40.90938488720415], [14.250883192539707, 40.909368202915125], [14.250883240585333, 40.90936819856591], [14.250883243833295, 40.90936815043331], [14.250900424506298, 40.90835211704596], [14.250902181188957, 40.90824825055146], [14.250902193969285, 40.90824805613017], [14.250902225607092, 40.90824786387506], [14.25090227580211, 40.90824767561079], [14.250902344077954, 40.90824749312412], [14.250902429786633, 40.908247318146984], [14.25090253211471, 40.908247152340046], [14.250902650091014, 40.90824699727693], [14.250902782595862, 40.90824685442932], [14.250902928371685, 40.90824672515293], [14.250903086034961, 40.90824661067469], [14.250903254089351, 40.90824651208109], [14.250903430939891, 40.90824643030785], [14.250903614908138, 40.90824636613106], [14.250903804248097, 40.90824632015981], [14.25090399716279, 40.908246292830405], [14.250904191821316, 40.90824628440221], [14.25179329339794, 40.90825113823299], [14.251793489722106, 40.908251148969526], [14.251793684043355, 40.908251178931245], [14.251793874483644, 40.90825122782856], [14.251794059202444, 40.90825129518891], [14.251794236414518, 40.90825138036128], [14.25179440440718, 40.90825148252251], [14.251794561556848, 40.908251600685254], [14.251794706344727, 40.908251733707516], [14.251794837371502, 40.90825188030368], [14.251794953370847, 40.90825203905696], [14.251795053221677, 40.90825220843306], [14.251795135958968, 40.90825238679503], [14.2517952007831, 40.908252572419066], [14.251795247067571, 40.90825276351119], [14.25179527436506, 40.908252958224566], [14.251795282411745, 40.90825315467737], [14.251782825260957, 40.909765427349775], [14.251782827091372, 40.909765473175014], [14.251782872950788, 40.90976547270612], [14.25195355949171, 40.90975549608701], [14.252855657537504, 40.909699032713704], [14.252942089630686, 40.9096934166182], [14.252942108418651, 40.90969341548617], [14.253336731733949, 40.909671501390804], [14.253336803164562, 40.909671494846776], [14.253607430907831, 40.90963687239424], [14.253607630910098, 40.90963685694903], [14.253849882915597, 40.909630338385405], [14.253849937927761, 40.909630337662115], [14.254237164150647, 40.909630572950604], [14.254237231537731, 40.909630574127156], [14.254828643076937, 40.9096508721779], [14.255257009971249, 40.90966557249996], [14.25525705643822, 40.90966557185422], [14.255257070336135, 40.90966552750956], [14.2552798466827, 40.909578335542655], [14.255292704766312, 40.90952911263547], [14.255292715234498, 40.909529061810666], [14.255292709476413, 40.90952901023946], [14.255215692418716, 40.90906239218597], [14.255215689852118, 40.90906237623521], [14.255122435936881, 40.908467517762894], [14.255122418477072, 40.90846737124177], [14.255103072279486, 40.908231118287084], [14.255103064481926, 40.90823105109999], [14.254744419831063, 40.90584797806463], [14.254744399919423, 40.90584777755399], [14.254744400284324, 40.90584757605745], [14.25474442092206, 40.90584737562025], [14.254744461623154, 40.905847178276865], [14.25474452197448, 40.90584698603039], [14.254744601363457, 40.90584680083217], [14.254744698984268, 40.905846624562024], [14.254744813846036, 40.90584645900912], [14.254744944782887, 40.90584630585387], [14.25474509046578, 40.90584616665084], [14.254745249415995, 40.90584604281297], [14.254745420020152, 40.90584593559724], [14.254745600546572, 40.905845846091935], [14.25474578916287, 40.90584577520554], [14.254745983954544, 40.90584572365757], [14.25474618294441, 40.90584569197126], [14.254746384112671, 40.90584568046822], [14.255702720839086, 40.90583925051059], [14.25619322021884, 40.905835950097995], [14.256425634258008, 40.90583438521976], [14.256987338886095, 40.90583060141891], [14.256987385091248, 40.905830598879085], [14.256987392779937, 40.90583055324732], [14.257024953498036, 40.905515738635145], [14.257024960429495, 40.90551568639869], [14.257033193170695, 40.90545934564371], [14.257033231576646, 40.90545915092222], [14.257033289093155, 40.90545896096609], [14.257033365153806, 40.905458777646], [14.257033459009563, 40.905458602767254], [14.257033569736146, 40.90545843805204], [14.257033696243136, 40.90545828512244], [14.257033837284709, 40.90545814548451], [14.257033991471904, 40.90545802051336], [14.257034157286306, 40.905457911439704], [14.257034333094998, 40.90545781933768], [14.257034517166637, 40.9054577451143], [14.257034707688511, 40.9054576895005], [14.257034902784383, 40.90545765304397], [14.257035100532978, 40.90545763610371], [14.25703529898689, 40.90545763884656], [14.257358160884827, 40.90547815482896], [14.25793387107023, 40.90551473665864], [14.257933935547738, 40.90551473867024], [14.258611266045234, 40.9055140071931], [14.258611520842182, 40.90551402321247], [14.258876953492752, 40.90554782302118], [14.258877025903942, 40.90554782957652], [14.259628358579024, 40.90558837285093], [14.259628560695655, 40.905588394098174], [14.25962875961254, 40.90558843574732], [14.259628953275733, 40.905588497368306], [14.259629139685538, 40.90558857832485], [14.259629316917152, 40.90558867778104], [14.259629483140545, 40.905588794709914], [14.259629636639353, 40.90558892790411], [14.259629775828603, 40.90558907598832], [14.259629899271074, 40.90558923743346], [14.259630005692147, 40.90558941057252], [14.259630093992952, 40.90558959361772], [14.259630163261725, 40.90558978467901], [14.259630212783227, 40.90558998178354], [14.259630242046113, 40.905590182896105], [14.259645415484883, 40.90575171179764], [14.259645422185203, 40.905751758458514], [14.25964546875785, 40.90575176574636], [14.260205153256369, 40.90581146549894], [14.260414222945489, 40.905832648386635], [14.26041436949818, 40.90583265241868], [14.260495926776693, 40.90582890110842], [14.26049597309505, 40.905828896780115], [14.260496009853306, 40.90582886826781], [14.260934413162255, 40.9054543732644], [14.261219545308759, 40.90521080268683], [14.261431924104592, 40.90502937965323], [14.261432084621065, 40.9050292560298], [14.261432256821134, 40.905029149280445], [14.26143243893767, 40.90502906050062], [14.261432629101778, 40.905028990601394], [14.261638868843693, 40.90496483799386], [14.261638907371465, 40.904964823878544], [14.261638867246822, 40.904964815297], [14.26140808213775, 40.904927313629365], [14.261407886191092, 40.90492727161709], [14.26140769543243, 40.90492721020652], [14.26140751177699, 40.90492713001424], [14.261407337068675, 40.904927031845354], [14.261407173061565, 40.9049269166855], [14.261407021402293, 40.90492678569088], [14.261406883613526, 40.90492664017669], [14.261406761078666, 40.904926481603894], [14.261406655027967, 40.904926311564566], [14.26140656652618, 40.904926131765905], [14.261406496461868, 40.904925944013094], [14.261406445538478, 40.90492575019119], [14.261406414267281, 40.904925552246155], [14.261406402962244, 40.90492535216537], [14.261406411736866, 40.90492515195765], [14.261406440503052, 40.90492495363309], [14.26140648897199, 40.904924759182876], [14.261406556657045, 40.90492457055929], [14.261406642878663, 40.90492438965612], [14.261406746771172, 40.904924218289636], [14.261406867291491, 40.90492405818037], [14.261550328115382, 40.904752126870704], [14.261550356651107, 40.90475208901095], [14.261550324685995, 40.90475205399844], [14.261517862080607, 40.90471985172867], [14.261517732064178, 40.90471970969875], [14.261517616308632, 40.90471955582405], [14.261517515886931, 40.90471939153086], [14.261517431729905, 40.90471921834205], [14.261517364617617, 40.90471903786293], [14.26151731517215, 40.90471885176641], [14.26151728385182, 40.90471866177745], [14.26151727094694, 40.904718469657084], [14.26151727657713, 40.90471827718612], [14.261517300690203, 40.90471808614861], [14.26151734306265, 40.904717898315326], [14.26151740330171, 40.90471771542731], [14.261517480849019, 40.9047175391798], [14.261517574985774, 40.904717371206466], [14.261517684839403, 40.90471721306428], [14.261595722411862, 40.90461567775569], [14.26159575172227, 40.904615635198454], [14.261595766505861, 40.904615585684205], [14.261616117231224, 40.90453169324122], [14.261616126124299, 40.904531657983185], [14.261733150003224, 40.904084865299176], [14.261733203625797, 40.90408469277552], [14.261733272598166, 40.90408452579467], [14.261733356357524, 40.904084365719186], [14.261733454220396, 40.90408421385526], [14.261733565388228, 40.904084071442114], [14.261733688953894, 40.90408393964182], [14.261807313982095, 40.90401219670726], [14.261807461768772, 40.904012066262005], [14.261862801545698, 40.90396787514048], [14.261862931933194, 40.90396777939269], [14.261921755227672, 40.90392814247989], [14.261921789602955, 40.90392811825026], [14.26203312858129, 40.90384608194702], [14.262033279232982, 40.903845981147526], [14.262033438392193, 40.90384589440183], [14.262033604751565, 40.90384582242246], [14.262310151277008, 40.90374077457378], [14.262444460670983, 40.903689757166404], [14.262444502903074, 40.90368973883597], [14.262444535587225, 40.90368970641222], [14.26261904077953, 40.9034997048637], [14.262669018733384, 40.9034452862547], [14.262669208671905, 40.90344510492576], [14.262732400230735, 40.903392254630184], [14.262732440337901, 40.90339221714247], [14.262732476075904, 40.903392175468696], [14.262933511386995, 40.90312976567958], [14.262933539588877, 40.903129729726224], [14.26332316737067, 40.90264452804985], [14.263323287327315, 40.90264439182347], [14.26332341914067, 40.90264426703381], [14.263323561725015, 40.90264415470872], [14.263366223746965, 40.90261357852543], [14.263366261356767, 40.90261354870704], [14.263366284887537, 40.90261350687469], [14.263411395941464, 40.90252333822099], [14.263411481162654, 40.90252318504717], [14.263411579468192, 40.902523039923466], [14.26341169010297, 40.902522903964595], [14.263568183295739, 40.90234693924368], [14.263568237244533, 40.9023468730982], [14.263645412275476, 40.90224353761449], [14.263645483497571, 40.902243447743594], [14.264018357951997, 40.90179969264257], [14.264018465157672, 40.901799574910726], [14.264364415752924, 40.90144878601253], [14.264727221757335, 40.90108090221316], [14.264727371942692, 40.90108076469002], [14.26472753533384, 40.9010806431516], [14.264727710236892, 40.90108053885789], [14.264727894838616, 40.90108045289011], [14.264728087225235, 40.9010803861395], [14.264728285402265, 40.90108033929806], [14.26472848731519, 40.901080312851406], [14.26472869087077, 40.901080307073705], [14.264728893958727, 40.90108032202486], [14.264729094473637, 40.901080357549866], [14.26472929033675, 40.90108041328044], [14.264729479517538, 40.90108048863882], [14.264729660054753, 40.90108058284375], [14.265014001642752, 40.901247898150544], [14.265014040621798, 40.901247918814036], [14.265014083666886, 40.90124792848227], [14.265121138700886, 40.901267024821216], [14.26512118689736, 40.901267032210754], [14.265234551865452, 40.90128159395424], [14.265234740860407, 40.90128162751774], [14.265234925767327, 40.90128167904475], [14.265271829332542, 40.90129389933855], [14.265271873086572, 40.90129391164544], [14.26527191816058, 40.90129391577964], [14.265649218988225, 40.901311381894935], [14.265779206358326, 40.9013173995347], [14.265854363028701, 40.901320878186354], [14.265854396096659, 40.901320879991395], [14.26595075991833, 40.90132694068197], [14.265950793789665, 40.90132694310112], [14.266325353147357, 40.90135689282145], [14.266325517593398, 40.90135691285337], [14.266325679817474, 40.9013569464261], [14.266631409969925, 40.90143354806077], [14.266631455343033, 40.90143355721444], [14.266631501369524, 40.90143356212146], [14.266682060031517, 40.90143658826054], [14.266682283647588, 40.901436614338586], [14.266682502916092, 40.90143666538304], [14.266850191572633, 40.90148580012624], [14.266850355019088, 40.90148585578447], [14.26685051305586, 40.901485925332736], [14.266850664505084, 40.90148600825267], [14.26685080823798, 40.90148610392627], [14.267126332082045, 40.901687189562885], [14.267483920842709, 40.901948165689284], [14.2674839611181, 40.90194819218356], [14.26748400731022, 40.901948205979956], [14.267531690095959, 40.901959957513384], [14.267531813505023, 40.90195997982084], [14.267853532259316, 40.901997474499], [14.267853569734923, 40.901997478152836], [14.268757237704133, 40.90206843727624], [14.26875725077709, 40.902068438216624], [14.269122934855329, 40.90209233530785], [14.269122981249103, 40.902092336083015], [14.269122987311158, 40.90209229008049], [14.269171878788674, 40.90150081148425], [14.269171897013248, 40.901500660863576], [14.269250025785079, 40.90101139896809], [14.269250048289914, 40.901011280929616], [14.269269896176912, 40.90092186939023], [14.269269951221789, 40.90092167053537], [14.26927002646156, 40.90092147840996], [14.26927012109542, 40.90092129505886], [14.269695617927924, 40.90019187780653], [14.269695640036597, 40.90019183530475], [14.26969564445426, 40.900191787600676], [14.269706111544624, 40.899953657606446], [14.269706129059566, 40.899953467225956], [14.269789631880514, 40.899359009349055], [14.269789636285806, 40.89935896097578], [14.26978963596246, 40.89935891240336], [14.26978596995257, 40.89929279993776], [14.269768559283726, 40.89897885129219], [14.26976855668928, 40.89897878408707], [14.269759882660967, 40.89858042833233], [14.269759882192306, 40.89858038018834], [14.269760356338285, 40.89837446124012], [14.269760354238276, 40.89837441464469], [14.269760327398599, 40.89837437649796], [14.269656053119338, 40.898240151640806], [14.269655907688495, 40.89823993705485], [14.26951945982378, 40.89800746827684], [14.269519431549408, 40.89800742534343], [14.269519399002567, 40.89800738555148], [14.269017942228498, 40.8974550764606], [14.2690179108717, 40.897455044877915], [14.269017874540872, 40.89745501947998], [14.268206487665108, 40.89693970637843], [14.267567784596885, 40.896539050121305], [14.267567623282844, 40.89653893750732], [14.267567473813315, 40.89653880958943], [14.267567337634572, 40.896538667605355], [14.267567216064283, 40.89653851292894], [14.267567110278767, 40.89653834705684], [14.267567021301609, 40.896538171594045], [14.267566949993753, 40.89653798823833], [14.267566897045176, 40.89653779876385], [14.267566862968213, 40.89653760500398], [14.26756684809259, 40.89653740883353], [14.267566852562247, 40.89653721215067], [14.267566876333934, 40.89653701685849], [14.267566919177636, 40.89653682484665], [14.267566980678794, 40.89653663797307], [14.267567060242323, 40.89653645804594], [14.267567157098362, 40.89653628680623], [14.267567270309733, 40.896536125910885], [14.267567398780994, 40.89653597691671], [14.268140259459566, 40.895934181018326], [14.268375351606577, 40.8956844804562], [14.268375380990799, 40.8956844460838], [14.268375342480722, 40.89568442237987], [14.268331522938894, 40.89566026684401], [14.268331356136125, 40.89566016392768], [14.268331200207868, 40.89566004517873], [14.268331056651617, 40.89565991173759], [14.268330926846044, 40.8956597648858], [14.26833081203777, 40.89565960603368], [14.268330713329382, 40.89565943670681], [14.268330631668851, 40.89565925853135], [14.26833056784042, 40.89565907321847], [14.268330522457083, 40.89565888254784], [14.26833049595469, 40.89565868835063], [14.268330488587758, 40.89565849249184], [14.268330500427043, 40.89565829685246], [14.268330531358838, 40.89565810331136], [14.268330581086088, 40.89565791372725], [14.268330649131222, 40.89565772992084], [14.268330734840754, 40.89565755365737], [14.268330837391552, 40.89565738662962], [14.268330955798746, 40.895657230441685], [14.268851769986115, 40.895035989285816], [14.26885192787439, 40.89503582159563], [14.268950187143941, 40.8949428261385], [14.269421002842948, 40.894497211620305], [14.269421087362337, 40.89449713604972], [14.269775444048577, 40.894197932123824], [14.269775483146596, 40.89419789532424], [14.269775518057196, 40.89419785453062], [14.269959629348326, 40.89395763284394], [14.27024779237969, 40.89357854746105], [14.27024786778033, 40.89357843266593], [14.27034663724738, 40.893402827448185], [14.27034665701869, 40.89340278835651], [14.270346665878094, 40.893402745454594], [14.270375209013634, 40.89322535643791], [14.270375214401055, 40.89322530779917], [14.27037521016914, 40.89322525904628], [14.270334286327174, 40.8929257857489], [14.270334283418068, 40.89292576353371], [14.270246112415384, 40.8922218484536], [14.270246107084184, 40.89222180137679], [14.27016480740887, 40.89141894972578], [14.270164797247347, 40.89141875587224], [14.270164805926912, 40.891418561946686], [14.2701648333658, 40.89141836977603], [14.270164879305522, 40.89141818117063], [14.270164943313292, 40.89141799790727], [14.270165024786122, 40.8914178217124], [14.270165122956486, 40.891417654245885], [14.27016523689956, 40.891417497085364], [14.27016536554193, 40.89141735171138], [14.270165507671704, 40.891417219493455], [14.270165661949937, 40.89141710167715], [14.270165826923229, 40.891416999372375], [14.270166001037431, 40.891416913542905], [14.270166182652282, 40.891416844997295], [14.270166370056858, 40.89141679438131], [14.270166561485693, 40.89141676217175], [14.27016675513541, 40.89141674867208], [14.270166949181709, 40.89141675400946], [14.27023470322111, 40.89142191650844], [14.270234839447719, 40.891421917571016], [14.271277359449833, 40.8913588225319], [14.27127742451842, 40.891358819656325], [14.272156697847597, 40.89133429877583], [14.272156739939735, 40.89133429671353], [14.27226414533413, 40.891326762687314], [14.272365534767891, 40.89131965058976], [14.272630536511912, 40.89130106189595], [14.27307165352848, 40.89127011881738], [14.273127174986714, 40.89126622403502], [14.27312720849726, 40.89126622196679], [14.273278797675854, 40.89125814265203], [14.273474558895185, 40.891247707224444], [14.273474568556544, 40.891247706732855], [14.273730826213612, 40.89123528913951], [14.273909353893949, 40.891226638006174], [14.274258722459304, 40.89120970632671], [14.274526005994707, 40.89119675248538], [14.274640903598607, 40.89119118316646], [14.274943990697784, 40.89117649097105], [14.274944034693652, 40.89117648669151], [14.274944007541098, 40.89117645181039], [14.274762407241425, 40.89096516401454], [14.274762274474627, 40.89096499134783], [14.274630982027677, 40.89077350146047], [14.274630922455055, 40.89077342314065], [14.274586026950757, 40.89072006958851], [14.274585911025358, 40.890719917640496], [14.274585810132834, 40.890719755321065], [14.274585725194509, 40.89071958411248], [14.274585656986018, 40.890719405578174], [14.27458560613022, 40.89071922134847], [14.274585573091517, 40.89071903310569], [14.27458555817161, 40.89071884256883], [14.274585561506743, 40.89071865147782], [14.27458558306646, 40.89071846157765], [14.274585622653884, 40.89071827460243], [14.274585679907513, 40.89071809225956], [14.274585754304525, 40.890717916214165], [14.274585845165543, 40.890717748073826], [14.274585951660852, 40.890717589373956], [14.274586072817966, 40.89071744156377], [14.27458620753051, 40.89071730599302], [14.274586354568328, 40.8907171838997], [14.27458651258871, 40.890717076398744], [14.274872107022235, 40.89054214108539], [14.27487227428749, 40.89054204930229], [14.275129568320938, 40.89041644262316], [14.275129754161389, 40.89041636325931], [14.275129947061815, 40.89041630305368], [14.275130145052934, 40.890416262620874], [14.275130346113484, 40.89041624237368], [14.275130548190877, 40.8904162425188], [14.27513074922214, 40.89041626305475], [14.27513094715498, 40.890416303771886], [14.275131139968734, 40.89041636425453], [14.275131325695003, 40.890416443885215], [14.27513150243774, 40.890416541851025], [14.275131668392607, 40.890416657151825], [14.275131821865404, 40.890416788610544], [14.275330916160751, 40.89060557568082], [14.275331058273062, 40.89060572508407], [14.275331184247317, 40.89060588832539], [14.275331292744498, 40.89060606366963], [14.275331382611352, 40.890606249253], [14.275331452892658, 40.89060644310289], [14.275331502841373, 40.89060664315879], [14.275331531926579, 40.890606847294265], [14.27533928084482, 40.89069275676464], [14.275339287185522, 40.89069280264383], [14.275339325910311, 40.89069282805036], [14.27569422469811, 40.890902325382136], [14.276094453293108, 40.89113857895065], [14.276094496385104, 40.89113860157635], [14.276094542695262, 40.89113858660278], [14.276183366715461, 40.89110490063545], [14.27618345029232, 40.89110487104124], [14.276343940331257, 40.89105201536363], [14.276343976206428, 40.89105200278769], [14.27732445937319, 40.89068722428346], [14.277324473369575, 40.89068721895661], [14.278350879445876, 40.89028775766179], [14.278351069617537, 40.890287694424615], [14.278351265163163, 40.89028765053715], [14.27835146411927, 40.89028762644007], [14.27835166448813, 40.89028762237534], [14.278351864257827, 40.89028763838377], [14.278352061422463, 40.890287674304616], [14.278352254002302, 40.8902877297772], [14.278352440063635, 40.890287804244515], [14.278352617738216, 40.89028789695884], [14.278352785242001, 40.89028800698921], [14.278352940893079, 40.89028813323082], [14.278353083128549, 40.89028827441606], [14.278353210520217, 40.89028842912729], [14.278353321788936, 40.89028859581104], [14.278536378752436, 40.890595032074486], [14.278536411333913, 40.890595088696045], [14.278716566536453, 40.890920345800644], [14.278798156513075, 40.89106764853691], [14.279040653926053, 40.89150545218848], [14.279040667445265, 40.89150547583057], [14.279251147438417, 40.891862195801856], [14.279251161406656, 40.89186221985575], [14.279612747008526, 40.89249497737407], [14.279612789229134, 40.892495044868326], [14.279997905710596, 40.89305939283031], [14.280076416190997, 40.893174438891904], [14.280379945361243, 40.89361921914188], [14.280379956807241, 40.89361923555912], [14.280861976306475, 40.89429606781045], [14.28116396091896, 40.89472009219575], [14.281164049554489, 40.89472019986704], [14.281845222666629, 40.895438890731974], [14.281845243396921, 40.895438912939454], [14.282181887265374, 40.89580508138736], [14.282181904225343, 40.895805099383], [14.28231759051223, 40.895945550729024], [14.282731267742307, 40.89637173348043], [14.28273128215853, 40.89637174803125], [14.282833411908172, 40.89647274122881], [14.282833467273766, 40.89647279819707], [14.28310252362587, 40.896760875418664], [14.283457724616838, 40.89713403849984], [14.283457754635599, 40.897134068720625], [14.283699020382565, 40.897366825612146], [14.28402615020811, 40.89768241425589], [14.284387924143461, 40.898025298479844], [14.284387960206324, 40.8980253294391], [14.284388002551205, 40.89802530785357], [14.284526006418542, 40.89794617806654], [14.284526044208492, 40.89794615527561], [14.284995979866421, 40.89764840254824], [14.28499601184451, 40.89764838141715], [14.285047703448686, 40.89761278176692], [14.285211454755434, 40.89750000679505], [14.285273067735044, 40.897457572275286], [14.285513830000099, 40.89729176347785], [14.285513873391054, 40.89729173442302], [14.285645673272427, 40.89720595123723], [14.285879537687496, 40.89705373681432], [14.28599903474369, 40.896975960045474], [14.285999101772568, 40.896975912381116], [14.286077846873381, 40.896914887316065], [14.2860780247813, 40.896914764244286], [14.286157715525954, 40.89686578757091], [14.286157753878634, 40.89686576142071], [14.286157763766996, 40.896865716066806], [14.286164650315786, 40.89682494071709], [14.286164694395376, 40.89682474194918], [14.286164758454605, 40.8968245486926], [14.286164841829631, 40.89682436295005], [14.286164943656448, 40.89682418664636], [14.286165062879828, 40.89682402160856], [14.286165198264273, 40.896823869546914], [14.2861653484068, 40.896823732037234], [14.286165511751497, 40.89682361050452], [14.286262959295598, 40.89675854084041], [14.286263070394662, 40.896758454764964], [14.286527576517015, 40.89652194436344], [14.286527731295319, 40.896521819250765], [14.28652789774191, 40.89652171014056], [14.28652807420858, 40.89652161811328], [14.286528258947882, 40.89652154408022], [14.286528450130461, 40.896521488774475], [14.286528645863157, 40.8965214527437], [14.28652884420775, 40.89652143634469], [14.286529043200156, 40.896521439739836], [14.286529240869879, 40.89652146289552], [14.286529435259517, 40.89652150558244], [14.286529624444153, 40.896521567377896], [14.286529806550407, 40.896521647669964], [14.286529979774997, 40.89652174566357], [14.286530142402588, 40.89652186038833], [14.286894336378396, 40.89680694078021], [14.286894343175744, 40.89680694612471], [14.287328246326284, 40.89714962850418], [14.287328424317284, 40.897149787189775], [14.287328582156945, 40.89714996593136], [14.28743743919096, 40.897289152414785], [14.287437554489015, 40.897289316104875], [14.287437652842831, 40.897289490502736], [14.2874377332667, 40.89728967386055], [14.287437794954615, 40.8972898643407], [14.287539242550247, 40.89766648201503], [14.287539269104155, 40.89766656575243], [14.28755022231178, 40.89769647583641], [14.287550278843277, 40.89769665617523], [14.287622142441212, 40.89797064770757], [14.287622155050636, 40.8979706885611], [14.287622174386723, 40.89797072651795], [14.28775429544315, 40.89820488553663], [14.287754376035554, 40.89820504453694], [14.287754442150312, 40.898205210081706], [14.28782079690559, 40.89839557940724], [14.28782084551231, 40.89839574031991], [14.287820880435095, 40.89839590474589], [14.287862059056668, 40.89863982011177], [14.287862068026046, 40.898639862127084], [14.287862084019414, 40.898639901829526], [14.287931743254774, 40.89879353097036], [14.287931764606196, 40.89879357267843], [14.287931802653324, 40.898793600025506], [14.288172078469573, 40.898949571603744], [14.288172115023752, 40.898949593179445], [14.288172153279847, 40.89894961156966], [14.288856772028979, 40.899243548088876], [14.288856883992123, 40.89924360031208], [14.289186202197989, 40.89940977614918], [14.289186244523057, 40.899409795022684], [14.28918627907316, 40.89940976413707], [14.289271152906359, 40.89932624951803], [14.289271159329981, 40.89932624322564], [14.28940697632083, 40.899193797867625], [14.289406980820026, 40.89919379349387], [14.290035795847905, 40.89858442588468], [14.29003582419249, 40.89858439605373], [14.290035847164445, 40.898584362081685], [14.290291169468608, 40.89817127263107], [14.290324446183408, 40.898117434847265], [14.29032449225667, 40.89811736372105], [14.290545687743798, 40.897791246102265], [14.29054570569645, 40.89779122007908], [14.29066418773344, 40.897622346281146], [14.29066423367844, 40.8976222744646], [14.290699765245101, 40.897561139337846], [14.290699791671337, 40.89756109083268], [14.29074682522929, 40.897468779056865], [14.290746973762865, 40.897468533018376], [14.291378151683377, 40.89657509339926], [14.291967674659062, 40.895732214024534], [14.291967697775808, 40.89573217772121], [14.29196771078659, 40.89573213669643], [14.291978068816956, 40.89569378597799], [14.291978134142697, 40.895693586393094], [14.291978220036205, 40.89569339475831], [14.291978325550469, 40.89569321318649], [14.291978449522155, 40.89569304367954], [14.291978590584424, 40.895692888106346], [14.292097819220167, 40.89557452565317], [14.292097850936186, 40.895574491022195], [14.292097863279183, 40.895574445713635], [14.292107691770536, 40.89553016428573], [14.292107699747865, 40.89553011738125], [14.29210765354203, 40.89553010603723], [14.292007800836881, 40.89551081969878], [14.292007614363255, 40.89551077430331], [14.292007433099306, 40.89551071124348], [14.292007258714165, 40.89551063109996], [14.292007092813618, 40.895510534610736], [14.292006936925329, 40.89551042266431], [14.292006792484761, 40.89551029629151], [14.292006660821965, 40.89551015665602], [14.29200654314933, 40.89551000504365], [14.292006440550422, 40.89550984285048], [14.292006353969997, 40.89550967157003], [14.292006284205316, 40.89550949277951], [14.292006231898792, 40.89550930812527], [14.292006197532078, 40.895509119307654], [14.292006181421634, 40.89550892806536], [14.292006183715808, 40.8955087361594], [14.292006204393475, 40.8955085453569], [14.29200624326423, 40.89550835741481], [14.29200629997014, 40.895508174063785], [14.292006373989038, 40.895507996992144], [14.29200646463934, 40.895507827830436], [14.292006571086306, 40.89550766813634], [14.292040871656695, 40.89546120555579], [14.292040886752215, 40.8954611845443], [14.292105618317212, 40.89536857943905], [14.292130636816141, 40.89533253600267], [14.292130645059359, 40.89533252421758], [14.292161973734451, 40.895288075664695], [14.292161991273852, 40.89528804993867], [14.292196129301239, 40.89523626347651], [14.292271050400903, 40.89512261583961], [14.292271058011496, 40.89512260438107], [14.29228861018174, 40.89509637392644], [14.292288634797888, 40.89509633799225], [14.292305485094937, 40.89507230577981], [14.292305521464503, 40.89507225005089], [14.29232153189254, 40.89504583636739], [14.292321629963622, 40.89504568959947], [14.292353581241601, 40.89500216186659], [14.292353613112597, 40.89500211579597], [14.292385950668681, 40.89495245239584], [14.292385967694177, 40.89495242668411], [14.292408571247291, 40.89491885615001], [14.29240858123116, 40.894918841028115], [14.292440603227522, 40.89486937035722], [14.29244062303462, 40.89486933846], [14.292562460960747, 40.89466465378298], [14.292562576947672, 40.89466448022594], [14.292562710392838, 40.89466431970367], [14.292973645120153, 40.894219443055476], [14.292973660978472, 40.894219425474205], [14.293039481283982, 40.89414469380474], [14.293147280505032, 40.894022302349626], [14.293147384825879, 40.89402219258119], [14.293147497153013, 40.894022091020545], [14.29343034758095, 40.89378518263458], [14.29343038831236, 40.89378514941978], [14.293690306201864, 40.893578823296636], [14.29369039634062, 40.89357874236665], [14.293754393570321, 40.89351385796262], [14.293754546695045, 40.89351371803345], [14.29375471348945, 40.89351359471686], [14.293754892159358, 40.89351348933936], [14.293755080782846, 40.89351340303447], [14.293755277330922, 40.893513336730564], [14.293755479689349, 40.893513291140856], [14.293755685681388, 40.893513266755754], [14.293863921129654, 40.8935061183], [14.294022030208152, 40.893495677964744], [14.294022214922226, 40.89349567431934], [14.294022399184588, 40.89349568773425], [14.294022581422901, 40.893495718095], [14.2940227600821, 40.89349576514251], [14.29402293363766, 40.893495828475324], [14.294023100608605, 40.89349590755302], [14.294246998434799, 40.89361490399609], [14.294247040127258, 40.893614923711645], [14.294247085915721, 40.89361491819991], [14.294480231010933, 40.89357571511113], [14.294480286357873, 40.89357570251303], [14.294480337403302, 40.893575677686684], [14.294736521670512, 40.89343241534905], [14.294736557577274, 40.893432393226924], [14.29473659148738, 40.89343236815097], [14.295150910904567, 40.89309799640303], [14.29540920266465, 40.89288872216044], [14.29561530948598, 40.89271846461463], [14.295615369683956, 40.89271841680353], [14.295665598997996, 40.89268007401727], [14.295665620105895, 40.89268005812403], [14.2957106439619, 40.892646621033485], [14.29571068027548, 40.89264659274526], [14.296522623690525, 40.89198350171492], [14.29652277556587, 40.89198338921312], [14.296522937382852, 40.89198329155022], [14.296523107696329, 40.89198320959843], [14.296523284985282, 40.89198314408962], [14.296523467666402, 40.89198309560885], [14.296523654108215, 40.89198306458907], [14.29652384264567, 40.891983051307314], [14.296853895214527, 40.89197543852354], [14.296854092194963, 40.89197544368969], [14.29685428771098, 40.891975468214525], [14.29685447986471, 40.89197551185997], [14.296854666790914, 40.89197557420237], [14.296854846675101, 40.89197565463657], [14.297335773913465, 40.892219803241815], [14.297335815826823, 40.89221982212994], [14.29733586163945, 40.89221982451691], [14.297590489476468, 40.89222137530531], [14.297590537370969, 40.892221373275525], [14.297590580946158, 40.89222135329537], [14.297885074339987, 40.89206864902623], [14.297885107953379, 40.89206862990903], [14.297885139985732, 40.89206860824664], [14.297944944174276, 40.892024694600735], [14.298142566717962, 40.89187957745828], [14.298449168087027, 40.891654422588026], [14.298657533327052, 40.891501411893536], [14.298657578001658, 40.89150138002135], [14.29872269754035, 40.891456257024096], [14.298722867690653, 40.89145615132618], [14.298723047560358, 40.891456063178204], [14.298723235345227, 40.891455993464376], [14.298723429161628, 40.891455942883965], [14.29872362706543, 40.89145591194434], [14.298723827071502, 40.89145590095585], [14.298724027173622, 40.89145591002872], [14.298724225364607, 40.89145593907193], [14.298724419656446, 40.891455987794174], [14.298776095357894, 40.89147173543751], [14.298776140241023, 40.891471746816386], [14.298776175599421, 40.89147171692063], [14.298983519715904, 40.89127879269005], [14.299009226463482, 40.89125487441017], [14.29900937573332, 40.89125474854371], [14.299009536565087, 40.89125463783241], [14.299009707425903, 40.89125454333145], [14.2990098866873, 40.89125446594151], [14.29901007264074, 40.8912544064002], [14.299361969469086, 40.89116039971051], [14.299864119894396, 40.891026253203506], [14.299864383722493, 40.8910262014286], [14.299957039739713, 40.89101441597255], [14.300087178709553, 40.890997699197975], [14.300087235428032, 40.89099769024989], [14.301008240693832, 40.89082514907815], [14.301577916214422, 40.89071851136227], [14.301802041094968, 40.890676554823784], [14.30180209093122, 40.8906765427888], [14.30180213168003, 40.89067651167568], [14.302174751160834, 40.890360101353984], [14.302174787318446, 40.890360067331194], [14.302174782264938, 40.89036001794114], [14.302079420832197, 40.88974140960186], [14.302079392673694, 40.88974128256351], [14.301883122134653, 40.88906712384972], [14.30174535793495, 40.88859391977698], [14.30174535183224, 40.88859389837179], [14.301617505647275, 40.88813582711367], [14.30161749680855, 40.88813579724896], [14.30153916308431, 40.88788551145379], [14.3015391140981, 40.88788532329627], [14.301539083613447, 40.8878851312713], [14.301539071918457, 40.88788493719366], [14.301539079123655, 40.887884742897526], [14.301539105160948, 40.887884550219134], [14.301539149784263, 40.88788436097944], [14.301539212571878, 40.88788417696689], [14.301539292930403, 40.88788399992054], [14.301539390100396, 40.887883831513605], [14.301539503163525, 40.88788367333766], [14.301539631051265, 40.88788352688757], [14.301539772554982, 40.8878833935474], [14.301539926337362, 40.88788327457731], [14.301540090945053, 40.88788317110166], [14.301540264822393, 40.88788308409836], [14.301540446326111, 40.887883014389665], [14.30160967028691, 40.88786022285333], [14.302498442833981, 40.88756757273458], [14.303141248321344, 40.88735590965378], [14.303141279269546, 40.88735589889803], [14.303298141930235, 40.88729848569671], [14.303298197332456, 40.88729846352249], [14.303485584920345, 40.88721689372241], [14.303485726338586, 40.887216838449014], [14.30348587154252, 40.88721679406338], [14.303564849609165, 40.88719589498191], [14.303564902007725, 40.887195877964515], [14.303564952206319, 40.88719585526435], [14.303815770808288, 40.887065269781026], [14.304038703095689, 40.88694763701417], [14.304038740042252, 40.8869476154364], [14.304038770249537, 40.886947585135054], [14.304133901834055, 40.88684356245333], [14.304134048256708, 40.88684341801625], [14.304214670876728, 40.88677168296665], [14.30421470528334, 40.88677164921973], [14.304214728538698, 40.88677160700766], [14.30423198384695, 40.88673633347729], [14.304232017797279, 40.886736255915245], [14.304316574816669, 40.88651839629701], [14.304316608416244, 40.88651829357531], [14.304389852418366, 40.88624518360672], [14.304389917511324, 40.88624498359091], [14.304390003250967, 40.88624479151767], [14.304390108688942, 40.886244609511486], [14.304390232659014, 40.88624443958551], [14.304390373789968, 40.88624428361926], [14.304555802306785, 40.88607975156419], [14.30466022662397, 40.8859758922829], [14.304660262941, 40.8859758519978], [14.304660294662973, 40.88597580800312], [14.304924383109556, 40.88556401164199], [14.304945680268773, 40.8855308010436], [14.304945794998257, 40.88553064021107], [14.304945925035655, 40.885530491482356], [14.304946069112127, 40.88553035630867], [14.304946225821848, 40.88553023600896], [14.304946393635724, 40.885530131757065], [14.304946570916314, 40.8855300445702], [14.305169018416521, 40.88543398091208], [14.305323294421887, 40.885367356999275], [14.305371726971481, 40.88534644449442], [14.305571693173164, 40.88526008970822], [14.305571886004817, 40.88526001796201], [14.3055720851871, 40.88525996640639], [14.305572288612092, 40.88525993558696], [14.305904324505347, 40.88522698977419], [14.30590436888913, 40.88522698333323], [14.305904408033786, 40.88522696163242], [14.306120884141206, 40.885093929813536], [14.306121055559677, 40.88509383569291], [14.306121235350725, 40.88509375876332], [14.306121421795412, 40.885093699760255], [14.306121613111191, 40.885093659247836], [14.306121807468939, 40.885093637613394], [14.306122003010449, 40.88509363506376], [14.306122197866202, 40.88509365162332], [14.306122390173229, 40.885093687133754], [14.306122578092932, 40.885093741255545], [14.306122759828659, 40.88509381347126], [14.30612293364288, 40.88509390309045], [14.306123097873803, 40.88509400925629], [14.306123250951256, 40.885094130953775], [14.306123391411704, 40.88509426701937], [14.306215983871791, 40.88519318492614], [14.306216033768806, 40.8851932346035], [14.30628607738291, 40.88525822177606], [14.306286113314666, 40.88525825207788], [14.306286156301526, 40.88525827108884], [14.30641290960969, 40.88530729152124], [14.306412954601685, 40.88530730642958], [14.306412985622627, 40.885307270593245], [14.306593484610293, 40.885076822226516], [14.306593612801347, 40.88507667411745], [14.306593754866027, 40.88507653925875], [14.306593909441602, 40.885076418944024], [14.3068117322212, 40.88492339475747], [14.306811773719577, 40.88492336215836], [14.30681179796112, 40.88492331528449], [14.306902733737592, 40.88472176178725], [14.306902826783096, 40.884721580745065], [14.306902937748644, 40.88472141009811], [14.306903065484809, 40.884721251614], [14.30690320866844, 40.884721106934414], [14.306903365816382, 40.884720977557976], [14.306903535300826, 40.884720864824835], [14.30690371536618, 40.884720769902735], [14.306982539721208, 40.88468421566477], [14.307131615062701, 40.884615086128456], [14.307402960076374, 40.88448925281087], [14.307403004000204, 40.88448922964085], [14.307403007058754, 40.884489180074816], [14.307405163640523, 40.884282627767334], [14.307405175617143, 40.884282429111046], [14.307405207277972, 40.88428223262861], [14.307405258309505, 40.88428204026556], [14.307405328206432, 40.88428185392667], [14.307405416276637, 40.884281675457075], [14.307405521648056, 40.88428150662396], [14.307405643277304, 40.88428134909908], [14.307430901789319, 40.88425180087514], [14.307431049326764, 40.884251645896995], [14.307431212576846, 40.884251507567924], [14.307431389670946, 40.88425138747129], [14.307738505024203, 40.88406629334766], [14.30773854540705, 40.88406626620079], [14.307738563702104, 40.88406622111185], [14.307801473265313, 40.88388608983705], [14.30786927082455, 40.88369195658235], [14.307869345945184, 40.8836917716822], [14.30786943911977, 40.88369159518951], [14.307869549420497, 40.88369142886175], [14.307869675749014, 40.883691274355186], [14.307869816847369, 40.88369113320835], [14.30786997131053, 40.883691006826766], [14.30787013760039, 40.88369089646891], [14.307870314061063, 40.8836908032337], [14.307870498935394, 40.88369072804956], [14.307870690382442, 40.88369067166515], [14.307870886495815, 40.88369063464194], [14.30787108532266, 40.8836906173486], [14.307871284883097, 40.88369061995732], [14.307871483189945, 40.88369064244215], [14.308174899838114, 40.88374048501703], [14.308174950064878, 40.883740490663776], [14.308175000396636, 40.88374048604587], [14.308545609197157, 40.883687368646186], [14.308545714472954, 40.88368735639454], [14.308727024048828, 40.88367111205916], [14.308727103248739, 40.883671101759894], [14.309080469326108, 40.88361070755253], [14.309080514959417, 40.8836106974197], [14.309080504620777, 40.88361065183254], [14.309003052282891, 40.88333321989323], [14.308945527095734, 40.883127170769015], [14.308945480633977, 40.8831269617052], [14.308945456793497, 40.883126748871916], [14.308915104857077, 40.882603873937896], [14.308902324715412, 40.88238370850779], [14.308902322941595, 40.88238351294225], [14.308902340277115, 40.88238331813849], [14.308902376556203, 40.882383125959265], [14.30890243143195, 40.882382938242245], [14.30890250437962, 40.882382756782434], [14.308902594701669, 40.882382583314985], [14.308902701534414, 40.882382419498654], [14.30904405327745, 40.882187241999], [14.30904418741943, 40.88218707616716], [14.309044338458868, 40.88218692556386], [14.309044504677907, 40.88218679190198], [14.309044684186041, 40.882186676701735], [14.309044874941627, 40.88218658127336], [14.30960077247925, 40.88194463309203], [14.310029393608197, 40.8817580776572], [14.310029436250005, 40.88175805661278], [14.31002947117179, 40.881758024337756], [14.31009900081754, 40.88168729366757], [14.310170081570105, 40.881614984985205], [14.310170231521115, 40.881614847229905], [14.310170394701775, 40.8816147254354], [14.310170569420643, 40.881614620864156], [14.310170753866679, 40.88161453460009], [14.310170946128016, 40.88161446753738], [14.310171144211775, 40.88161442037116], [14.310426162563065, 40.88156726826726], [14.310426206953936, 40.88156725792247], [14.310426242102974, 40.881567228903364], [14.310716715565421, 40.881303976216294], [14.310716814406595, 40.88130389230928], [14.310807518069263, 40.881231819048914], [14.310807552093609, 40.881231789149204], [14.310807509401398, 40.881231774015404], [14.310742327752028, 40.88121224182054], [14.310509020350759, 40.8811423303693], [14.310508911667977, 40.88114229438137], [14.310150960147322, 40.88101228456499], [14.31007915836245, 40.88098620535534], [14.309624586335532, 40.88082109824735], [14.309624516430974, 40.88082107572727], [14.309559695537786, 40.880802792598445], [14.309044084162181, 40.88065734530112], [14.309043924380296, 40.880657292883356], [14.308698821674893, 40.88052777023167], [14.308698656747799, 40.88052769974163], [14.308698498799082, 40.880527614759295], [14.308698349099034, 40.880527515968154], [14.308287567868332, 40.880229154605956], [14.308287553801335, 40.880229144573214], [14.308253654131107, 40.88020540607589], [14.3080651918542, 40.88007321599269], [14.308065187143214, 40.880073212678205], [14.307893009057151, 40.87995170320318], [14.307892951967638, 40.879951661381526], [14.307260138932142, 40.87947065323601], [14.307259989573213, 40.879470527757114], [14.30725985314887, 40.87947038832454], [14.307259730956957, 40.87947023626475], [14.307259624159911, 40.87947007302433], [14.307259533773726, 40.87946990015623], [14.307259460658264, 40.87946971930498], [14.307259405509095, 40.87946953219108], [14.307259368850866, 40.87946934059458], [14.307259351032318, 40.879469146338195], [14.30725935222296, 40.879468951269935], [14.30725937241147, 40.87946875724553], [14.307259411405786, 40.8794685661108], [14.307259468834944, 40.87946837968405], [14.30725954415261, 40.879468199738795], [14.307325514003526, 40.879329937549635], [14.307325532632603, 40.87932989296715], [14.307325514067996, 40.87932984835771], [14.30700467372272, 40.878654909085405], [14.307004582895704, 40.878654683607465], [14.30681942949631, 40.87809991876743], [14.306819410393228, 40.87809985836019], [14.306616288427845, 40.87742029333672], [14.306565855174043, 40.87725156105161], [14.306500062148187, 40.877031438166696], [14.306500047221157, 40.877031385620626], [14.306389447489963, 40.87662080261048], [14.306277080499518, 40.87620365762138], [14.306277039461706, 40.876203536667774], [14.30623775202042, 40.87610824960877], [14.30623768518028, 40.87610806131164], [14.306237637461894, 40.876107867284915], [14.306237609341535, 40.87610766946515], [14.306237601099864, 40.876107469826756], [14.306237612819144, 40.87610727036229], [14.306242052727484, 40.87606657042807], [14.306242055385628, 40.87606653317961], [14.306242055251452, 40.87606649583671], [14.306227865027703, 40.875720675129834], [14.306224377735935, 40.87563567029043], [14.306224380698087, 40.8756354521094], [14.30622440741084, 40.87563523554956], [14.30623579259852, 40.87557169845035], [14.306235839733665, 40.87557149641099], [14.30623590754503, 40.875571300341505], [14.306235995302934, 40.87557111235168], [14.306236102063068, 40.875570934464356], [14.30623622667665, 40.87557076859368], [14.306450748881762, 40.875314107068675], [14.30645083400784, 40.87531401159894], [14.306488813333868, 40.87527406582287], [14.306488868369545, 40.8752740101607], [14.30653240004077, 40.87523167308233], [14.306532543108915, 40.87523154665271], [14.306532697580781, 40.87523143444136], [14.306532862048632, 40.8752313374709], [14.306533035013633, 40.87523125662504], [14.30653321489951, 40.87523119264055], [14.306533400066922, 40.875231146100525], [14.306533588828398, 40.87523111742911], [14.306533779463704, 40.87523110688759], [14.306533970235542, 40.87523111457203], [14.306534159405357, 40.8752311404124], [14.306534345249204, 40.87523118417321], [14.306534526073445, 40.87523124545566], [14.306988338764643, 40.875409620093265], [14.306988448959766, 40.8754096672659], [14.307295039309965, 40.875551930800206], [14.307563077379934, 40.875676302941194], [14.308044864368442, 40.87589985619379], [14.308461069648377, 40.87609297640453], [14.30846118764149, 40.876093022309135], [14.30858848573572, 40.87613346508171], [14.308588718470297, 40.8761335553684], [14.309113086375858, 40.87637563921059], [14.309113114147358, 40.876375651523546], [14.309474473540742, 40.876529341203366], [14.309828217852345, 40.87667897873429], [14.310986346020746, 40.87715934940119], [14.310986543714012, 40.877159444422325], [14.31106126954611, 40.877200550229055], [14.31106136189373, 40.8772005950133], [14.311527741293682, 40.877397867286284], [14.311527909105347, 40.87739794766627], [14.31178958741734, 40.87753861209342], [14.311922401716732, 40.87761000620433], [14.312145973124368, 40.877730185259026], [14.312146047680747, 40.87773022741842], [14.312342322208165, 40.87784683068517], [14.312745497302684, 40.87808359676085], [14.312745574392867, 40.878083644413664], [14.313439865562678, 40.8785348723163], [14.313439918513156, 40.87853490794386], [14.31410598444485, 40.878998676151205], [14.314384057398474, 40.87919228882018], [14.314384075223385, 40.87919230094785], [14.314669308149922, 40.87938190138635], [14.314669329934095, 40.879381915462865], [14.315076900586813, 40.87963784873588], [14.315268895698356, 40.879758410052375], [14.315269052714433, 40.87975851946051], [14.315432467889977, 40.87988441563743], [14.315533672753984, 40.879962387144296], [14.315771411468948, 40.8801455410107], [14.315771418612027, 40.880145546539474], [14.31631347810569, 40.88056706389978], [14.31631351562728, 40.88056709380651], [14.316533432581023, 40.880746735344715], [14.316767594905658, 40.880938012446556], [14.316767608629268, 40.88093802345692], [14.31699127397818, 40.881114257028], [14.316991283317428, 40.88111426443192], [14.317129541948848, 40.88122454483654], [14.317129614371058, 40.88122459747407], [14.31751759255331, 40.88148084190507], [14.317517743696088, 40.881480952219135], [14.317877684764538, 40.88177041133695], [14.317877716482835, 40.881770435814296], [14.318062518437227, 40.88190723090427], [14.318062557871226, 40.88190725716527], [14.318062587179801, 40.881907219940395], [14.318156849042115, 40.88177441622659], [14.318156858373904, 40.88177440284941], [14.318250858971306, 40.88163728263342], [14.318250886908777, 40.88163724292289], [14.318449831419436, 40.881361632370854], [14.31844985985814, 40.88136158824842], [14.318449883497044, 40.88136154137892], [14.318543924887969, 40.88114776370809], [14.318543989383656, 40.88114763066654], [14.318645030539175, 40.88095745093799], [14.318645050589362, 40.88095740818921], [14.318645007390462, 40.880957389128234], [14.318460447178536, 40.880886708771214], [14.31846043165388, 40.88088670275157], [14.318062104840303, 40.88073034209737], [14.318061921558506, 40.880730259287645], [14.318061747520279, 40.880730158489015], [14.318061584485564, 40.88073004072081], [14.318061434103038, 40.88072990717395], [14.318061297893435, 40.880729759198914], [14.318061177234158, 40.880729598292085], [14.318061073345365, 40.88072942608063], [14.318060987277628, 40.88072924430601], [14.318060919901292, 40.88072905480641], [14.318060871897702, 40.880728859498134], [14.318060843752285, 40.88072866035621], [14.31806083574966, 40.88072845939446], [14.318071016829672, 40.879758948737674], [14.318071028005473, 40.87975875756717], [14.318071057413336, 40.879758568341806], [14.318071104783659, 40.87975838279635], [14.318071169682158, 40.879758202631855], [14.318071251513862, 40.87975802950002], [14.318071349528557, 40.87975786498807], [14.318071462827664, 40.879757710604224], [14.318071590372488, 40.879757567763825], [14.318071730993724, 40.879757437776405], [14.318071883402192, 40.879757321833665], [14.318072046200646, 40.87975722099853], [14.318072217896589, 40.87975713619544], [14.318072396915952, 40.87975706820184], [14.318072581617526, 40.87975701764109], [14.318072770308012, 40.87975698497672], [14.31807296125754, 40.87975697050818], [14.318073152715531, 40.87975697436812], [14.318943519057953, 40.879816294893686], [14.31894353785172, 40.87981629599696], [14.31930708568338, 40.879834205642105], [14.319307244141923, 40.87983421978327], [14.319481260189296, 40.87985675584686], [14.319481356902173, 40.87985676362268], [14.319657813125982, 40.87986235356647], [14.319995487309454, 40.879873049357116], [14.319995560339507, 40.879873053007685], [14.320467455672889, 40.87990529903757], [14.32046765384321, 40.879905322558535], [14.320467848683005, 40.87990536571135], [14.320468038252416, 40.87990542806639], [14.320468220664056, 40.87990550900282], [14.320468394101804, 40.87990560771482], [14.320468556838879, 40.87990572321961], [14.320468707255044, 40.879905854367195], [14.32046884385273, 40.87990599985185], [14.320468965271942, 40.8799061582251], [14.320469070303815, 40.879906327910156], [14.320469157902627, 40.8799065072176], [14.320588476745725, 40.88018519905323], [14.320588494998713, 40.88018523714355], [14.320588516408225, 40.88018527355315], [14.32087923275667, 40.88063495336032], [14.32092389155831, 40.880704032342415], [14.320924029388253, 40.880704283285176], [14.321057293518486, 40.880994377239], [14.32105731753899, 40.880994423042985], [14.321057358113652, 40.880994455115975], [14.32139561930051, 40.881234179875094], [14.321395658599252, 40.881234204939254], [14.3213956877109, 40.88123416853718], [14.32171281858017, 40.88079533196408], [14.321910252963754, 40.88052212622996], [14.322117928559452, 40.88023474842145], [14.32280928837752, 40.87927802273955], [14.322809410697838, 40.879277869834546], [14.32280954738424, 40.8792777296239], [14.322809697126518, 40.8792776034516], [14.322809858489308, 40.87927749252707], [14.322810029925856, 40.879277397913604], [14.322810209792852, 40.87927732051811], [14.322810396366172, 40.879277261082464], [14.322810587857406, 40.8792772201764], [14.322810782431006, 40.879277198192014], [14.322810978221877, 40.879277195340045], [14.322811173353257, 40.879277211647825], [14.322811365954703, 40.87927724695904], [14.322811554180026, 40.879277300935215], [14.32281173622498, 40.879277373058954], [14.322811910344566, 40.87927746263891], [14.323135540566431, 40.87946454076699], [14.323135581470082, 40.87946456185592], [14.323135607598303, 40.87946452397233], [14.323624260942225, 40.878677570170176], [14.323624272921961, 40.8786775503697], [14.323796647895168, 40.87838505433316], [14.323796753433044, 40.87838489347566], [14.323796873938294, 40.8783847435028], [14.323797008295847, 40.87838460580231], [14.323797155262442, 40.87838448164838], [14.32379731347815, 40.87838437218987], [14.323797481478946, 40.878384278439626], [14.32379765771026, 40.87838420126514], [14.323797840541364, 40.87838414138055], [14.323798028280455, 40.87838409933998], [14.323798219190325, 40.87838407553245], [14.323798411504415, 40.87838407017826], [14.323798603443176, 40.87838408332695], [14.323798793230537, 40.87838411485685], [14.323798979110325, 40.87838416447621], [14.323799159362535, 40.878384231725875], [14.323799332319227, 40.87838431598357], [14.323799496379975, 40.87838441646962], [14.32379965002667, 40.87838453225421], [14.323799791837564, 40.87838466226592], [14.323799920500432, 40.878384805301735], [14.323817285336608, 40.878406085293534], [14.323817312950002, 40.87840611639116], [14.323817343057467, 40.878406145081016], [14.323900114727307, 40.87847868317686], [14.323900243154188, 40.878478806242754], [14.323900360138962, 40.87847894023246], [14.323934838743305, 40.878522169298606], [14.323934875091181, 40.87852221006871], [14.32393491568436, 40.87852224661401], [14.32398230293031, 40.87856041946764], [14.323982425287129, 40.878560526517276], [14.323982538545064, 40.87856064315113], [14.32402881374785, 40.87861234588457], [14.324028895427867, 40.87861242717968], [14.324135003717561, 40.878706497771404], [14.32413501791723, 40.878706510123465], [14.324204991070253, 40.878766231196444], [14.324205103146323, 40.878766334486855], [14.32433476477557, 40.878895308474995], [14.324510920424729, 40.87906719939542], [14.32451094867418, 40.87906722591211], [14.324582068657541, 40.879131437384906], [14.324582076212936, 40.87913144413721], [14.324746468666618, 40.87927687102316], [14.324746475707368, 40.87927687728126], [14.324875726224612, 40.87939230619698], [14.324875848802554, 40.879392425471565], [14.324875960741764, 40.879392554782775], [14.32499294444978, 40.87953998886746], [14.32499303536083, 40.87954008875157], [14.325086918498531, 40.87963016978363], [14.325087028177386, 40.87963026091254], [14.32514587292472, 40.879672433711384], [14.325146052134022, 40.879672578470235], [14.325240313126606, 40.87975814417424], [14.325240344891583, 40.87975817181171], [14.325322095105372, 40.879826329022485], [14.325322236728029, 40.87982645913555], [14.325368967981515, 40.87987373257907], [14.325368977384247, 40.879873741965355], [14.325451892482361, 40.87995541948133], [14.325451899146824, 40.87995542607717], [14.325534009041444, 40.88003707243753], [14.325534142531511, 40.88003721903296], [14.32561619199933, 40.880136824089206], [14.325616271438395, 40.88013690977914], [14.325710179231612, 40.8802270133768], [14.325710250328862, 40.880227075420436], [14.32578344598269, 40.880285098040915], [14.325783485173334, 40.880285126051945], [14.325783528045548, 40.880285104086035], [14.325985718959123, 40.88016847293745], [14.325985756274838, 40.88016844914581], [14.325985791334663, 40.88016842214019], [14.326009426955387, 40.88014848467201], [14.326131950805804, 40.88004512610729], [14.326378686680124, 40.879836987077475], [14.326378767091716, 40.87983692271443], [14.326580745138576, 40.87968361873043], [14.326664970871022, 40.879619689562425], [14.326847071153798, 40.87948146410357], [14.327051348234935, 40.87932640937988], [14.32717688017619, 40.87923112484299], [14.327176888454316, 40.879231118593275], [14.327279012673854, 40.87915443311829], [14.327279048536187, 40.87915440680763], [14.327439707070567, 40.879039264484874], [14.327439765016955, 40.8790392196522], [14.327743312321177, 40.878786054040106], [14.327858167476073, 40.87869004573212], [14.327858221825164, 40.87869000189007], [14.328094014461355, 40.878506495306155], [14.328094087838988, 40.87850643226709], [14.328139295317245, 40.87846362173978], [14.328139335626252, 40.87846358460231], [14.3282812023503, 40.8783364294645], [14.328281254518657, 40.87833638430437], [14.328389046469248, 40.878246278381155], [14.328389187525367, 40.87824617072835], [14.328501410128748, 40.87816815062173], [14.32860899431413, 40.878093356264166], [14.32871229832269, 40.878021535697115], [14.328761766283003, 40.87798714281646], [14.32876178447012, 40.877987129868224], [14.328919685696844, 40.87787203513967], [14.32891974460447, 40.87787198872021], [14.329034513858941, 40.87777435355217], [14.329158412407736, 40.87766895205436], [14.329194655546583, 40.8776381205729], [14.329382831810817, 40.877478032590055], [14.329422617288087, 40.87744418839452], [14.329547465838386, 40.87733797916207], [14.329547500060956, 40.87733795069909], [14.329901479615142, 40.877050148385344], [14.329901504623303, 40.87705012838293], [14.33029299616696, 40.87674210640856], [14.330495471656603, 40.87658279827356], [14.330495487041137, 40.876582786289944], [14.33096128760064, 40.87622359115267], [14.331231408591638, 40.876015288512825], [14.331231443546093, 40.87601526028305], [14.331737793315153, 40.87558717477763], [14.331737816955105, 40.87558715510129], [14.33227325465869, 40.87514841746579], [14.33227333421453, 40.87514834476438], [14.332761010777235, 40.874651847205136], [14.332805032054365, 40.87460637292427], [14.332805035075602, 40.874606369810074], [14.332939354549863, 40.87446821787992], [14.332939483913469, 40.874468096141946], [14.332939623568759, 40.87446798636273], [14.33299350236275, 40.87442937791156], [14.332993593903165, 40.87442931606906], [14.333073420655076, 40.87437854028036], [14.333073515015858, 40.874378472232834], [14.333321241239794, 40.87417690274828], [14.333321396661464, 40.87417678829275], [14.33332156239246, 40.87417668935235], [14.333321736889165, 40.87417660684863], [14.333321918526316, 40.874176541550014], [14.333664048281939, 40.874071891873534], [14.33366420084181, 40.87407185171531], [14.333664356092234, 40.874071823706316], [14.33442366791615, 40.873965561635735], [14.334423854834904, 40.87396554437235], [14.334424042548868, 40.873965544709336], [14.334424229404435, 40.87396556264372], [14.334424413755567, 40.87396559801751], [14.334424593978284, 40.87396565051911], [14.334424768484977, 40.873965719686005], [14.334424935738385, 40.873965804908906], [14.33442509426515, 40.87396590543706], [14.33442524266878, 40.87396602038491], [14.334425379641965, 40.873966148739854], [14.334525595038413, 40.87406930835308], [14.334525626680351, 40.87406933820257], [14.334525660802505, 40.87406936518176], [14.334696911270624, 40.874193025436654], [14.334696946843838, 40.874193048880215], [14.33469698428752, 40.87419306920299], [14.3350456888594, 40.87436347417336], [14.335045731721442, 40.87436349268103], [14.335045777284563, 40.87436350286326], [14.335623004046747, 40.87446432689779], [14.335623081187201, 40.87446433729547], [14.336427695810082, 40.87454103731196], [14.336427712754404, 40.874541038781885], [14.336775784143551, 40.87456825406757], [14.336775815745314, 40.87456825603563], [14.336875346040653, 40.87457287391143], [14.336875392729914, 40.87457287385165], [14.336875426456551, 40.874572841565374], [14.33697572265914, 40.874467225908276], [14.337105617072904, 40.874330434621704], [14.33710565804805, 40.87433038872133], [14.33714089341391, 40.87428838469389], [14.337140913296652, 40.87428836135732], [14.337205942661239, 40.87421321028583], [14.337205954900494, 40.87421319586825], [14.337776880021078, 40.87352762274302], [14.338164817764092, 40.87305874861367], [14.338164881680035, 40.87305867508517], [14.33864780252346, 40.87252971711841], [14.338647840783604, 40.87252967636937], [14.338801050230542, 40.87237100324381], [14.338801070351048, 40.87237098270334], [14.338963637929748, 40.87220739102269], [14.338963643382174, 40.872207385557054], [14.339195771411045, 40.87197559166798], [14.339195783606105, 40.871975579594526], [14.33937603643453, 40.871798648883804], [14.33937609413031, 40.87179859445527], [14.339612927965186, 40.87158388666644], [14.339613065823007, 40.8715837724992], [14.339668486694144, 40.87154191096536], [14.339668492980138, 40.871541906236686], [14.339733056933225, 40.871493536206216], [14.33976511635891, 40.87146948198566], [14.339765124596656, 40.87146947583789], [14.339790127483223, 40.87145091621723], [14.33979014003358, 40.87145090674718], [14.33981854898605, 40.8714291177584], [14.339818584314935, 40.87142908775046], [14.339818544622537, 40.87142906381048], [14.339779986098781, 40.87140835518352], [14.339779814203624, 40.871408251423695], [14.339779653578193, 40.87140813095164], [14.339779505841351, 40.87140799498153], [14.33977937248207, 40.871407844883734], [14.33977925484441, 40.871407682171025], [14.339779154113984, 40.871407508483294], [14.339779071306006, 40.87140732557106], [14.339779007255057, 40.87140713527781], [14.339778962606674, 40.871406939521414], [14.339778937810847, 40.87140674027481], [14.33977893311748, 40.871406539546086], [14.339778948573876, 40.871406339358316], [14.339778984024258, 40.871406141729075], [14.339779039111338, 40.87140594865018], [14.33977911327992, 40.87140576206758], [14.339779205782499, 40.87140558386175], [14.33977931568678, 40.87140541582873], [14.339779441885097, 40.871405259662055], [14.339779583105555, 40.87140511693565], [14.339779737924864, 40.87140498908798], [14.340002797127559, 40.871238894140326], [14.340002879220654, 40.87123882590295], [14.340273555468027, 40.87098821353757], [14.340273694965617, 40.87098809573799], [14.340273844624768, 40.87098799115091], [14.340274003198212, 40.87098790064797], [14.340274169364381, 40.87098782498342], [14.340274341738436, 40.87098776478787], [14.340274518883797, 40.87098772056299], [14.34027469932412, 40.870987692677346], [14.340332421569748, 40.870981453725925], [14.340444936470007, 40.8709693078147], [14.340444963583012, 40.87096930451268], [14.340516327464236, 40.87095962248905], [14.340656630268068, 40.87094058834555], [14.340656826221686, 40.870940571520364], [14.340657022880388, 40.870940574022775], [14.34065721834244, 40.870940595828586], [14.340929551719585, 40.87098462571685], [14.340929622306826, 40.8709846384319], [14.341109079866998, 40.87102029809286], [14.341261014890698, 40.87105048507423], [14.341261050865485, 40.87105049154071], [14.341776644666615, 40.87113347192399], [14.341776730517564, 40.87113348195561], [14.342039310689065, 40.87115270303953], [14.342039357343891, 40.871152704254804], [14.3420394024922, 40.87115269243147], [14.342109028311695, 40.871130913788974], [14.342261970274873, 40.87108307111967], [14.342262019423295, 40.87108305282822], [14.342262056661129, 40.87108301590276], [14.342597069545016, 40.87071352484878], [14.342597159708843, 40.870713431663326], [14.343005223510534, 40.8703181764987], [14.344084176137573, 40.8692558926394], [14.344084193735881, 40.8692558748742], [14.344898108045145, 40.86841343040143], [14.344898123882402, 40.86841341362602], [14.34538958639244, 40.86788065900805], [14.345774285768439, 40.86745694953831], [14.345774348961001, 40.86745688306622], [14.346065465858558, 40.86716439121803], [14.346065479145265, 40.86716437799312], [14.346264774907453, 40.8669678598577], [14.34626492170953, 40.86696772870715], [14.346265080693593, 40.86696761262363], [14.346265250319432, 40.86696751273174], [14.34626542894374, 40.86696742999921], [14.346465716100978, 40.866886382393346], [14.346465760286055, 40.866886361869], [14.346465761673821, 40.86688631316942], [14.346461359784913, 40.866684886479476], [14.34646136570476, 40.86668468294509], [14.346461392288944, 40.86668448106748], [14.346461439261908, 40.86668428293916], [14.346461506136764, 40.86668409061381], [14.346461592220333, 40.86668390608492], [14.346461696620329, 40.86668373126521], [14.346461818254614, 40.866683567966746], [14.346516992686086, 40.86661687072315], [14.34665101083781, 40.866454857982], [14.346764976822703, 40.866317082523324], [14.346765101763284, 40.866316945019214], [14.346765238924371, 40.866316819702156], [14.34676538712235, 40.86631670765355], [14.34676554507836, 40.866316609840325], [14.346765711429342, 40.866316527106534], [14.346765884739785, 40.86631646016612], [14.346766063514131, 40.86631640959674], [14.346766246209668, 40.86631637583478], [14.34732957759703, 40.86623912992566], [14.347329624451826, 40.86623912119599], [14.347329668784809, 40.86623910369864], [14.3476090825088, 40.86611303615578], [14.347895488251858, 40.86598210351138], [14.347895538112354, 40.86598207719663], [14.347895580760655, 40.86598204032301], [14.34842311339938, 40.865470783563524], [14.348423131229083, 40.865470765843924], [14.348860547984637, 40.86502498281663], [14.348860560859668, 40.865024969814854], [14.34924566452934, 40.864639616959266], [14.349745078488331, 40.86413646211011], [14.349745111074014, 40.864136425901926], [14.349745139970263, 40.86413638668621], [14.350031449903287, 40.86370519959824], [14.350352776543941, 40.863221271069065], [14.350352846197229, 40.863221148090595], [14.350569740089268, 40.86276579114546], [14.350569817970237, 40.8627656437885], [14.350569907850238, 40.86276550342787], [14.350724279619877, 40.86254521431723], [14.350724305186237, 40.86254517382656], [14.350724326749976, 40.86254513106986], [14.350939340588562, 40.862062445636695], [14.35097964850413, 40.86197132349387], [14.350979726498013, 40.86197116622177], [14.350979817982651, 40.861971016394804], [14.351702031885225, 40.86089720794979], [14.35170205618524, 40.860897167872885], [14.351702076614982, 40.86089712569141], [14.351835419593522, 40.86058523903354], [14.351835516213189, 40.86058504333434], [14.351835633581533, 40.86058485932834], [14.35198284503103, 40.86037968750661], [14.351982873011858, 40.860379643871525], [14.351982891343871, 40.860379595385616], [14.352034467517976, 40.86021819387167], [14.352096341022213, 40.860024570766576], [14.352157346573629, 40.85983366194782], [14.352157415187088, 40.859833478682496], [14.352217862823863, 40.859693321243086], [14.352217921197886, 40.85969319768258], [14.352405198694967, 40.8593295043601], [14.352430050962637, 40.859281243576525], [14.352430106234367, 40.85928114339293], [14.352559887549532, 40.859061036955815], [14.352559927448327, 40.85906097213968], [14.3525763809939, 40.85903534847006], [14.352720132788239, 40.85881144292422], [14.352720143570512, 40.85881142574932], [14.352854846869167, 40.858591948203404], [14.352854991382273, 40.85859174287348], [14.35311279708117, 40.858270376043826], [14.35311281830368, 40.8582703500391], [14.353148802854733, 40.85822700450503], [14.353187887159104, 40.85817972232457], [14.35318799381389, 40.85817960331967], [14.353321712831233, 40.858041890520624], [14.353321745704415, 40.85804185498331], [14.353410828214303, 40.857940748998764], [14.353586995354004, 40.857740802466694], [14.353743704542968, 40.85756294045407], [14.353767449807794, 40.85753599043251], [14.35376747826887, 40.85753595471693], [14.35376743421155, 40.85753594269222], [14.353389792766675, 40.85745267798688], [14.353389730184075, 40.8574526631291], [14.353281922512446, 40.85742522987025], [14.35328189824172, 40.85742522401582], [14.352955604045553, 40.8573508152287], [14.352649624637985, 40.857281038724395], [14.352364840039176, 40.85721582662755], [14.352057765762664, 40.85714551134521], [14.35178790018815, 40.85708371573111], [14.351787871599633, 40.85708370896336], [14.351236220680924, 40.85694883050637], [14.351236203193341, 40.85694882614706], [14.350144985676517, 40.85667157931201], [14.350144974983973, 40.856671576563905], [14.350065782111466, 40.85665098991963], [14.350065755560308, 40.85665098282239], [14.349900559347034, 40.85660560677446], [14.349657911558358, 40.85653895584714], [14.349372936745818, 40.85646348286568], [14.349372919274124, 40.856463478406646], [14.349182018986113, 40.85641658702898], [14.348811718973861, 40.85632562681239], [14.348558547926663, 40.856263437483754], [14.348371485267586, 40.8562174859413], [14.348371475867372, 40.856217483608006], [14.348100148627996, 40.856149437725946], [14.348100133159457, 40.85614943378093], [14.347871872590739, 40.85609024808483], [14.347618240645792, 40.85602448325534], [14.34732705286018, 40.85594898030938], [14.347327020748283, 40.855948971697515], [14.347073320581135, 40.85587866819199], [14.347073288854537, 40.855878659957625], [14.34698504472197, 40.85585729433984], [14.346812799050506, 40.855815590120905], [14.346812614874523, 40.855815536050876], [14.346812436730133, 40.85581546457405], [14.346812266258237, 40.85581537634881], [14.34681210502907, 40.8558152721878], [14.346811954527727, 40.85581515305046], [14.346811816140491, 40.85581502003417], [14.346811691142058, 40.85581487436416], [14.346811580683799, 40.8558147173822], [14.346811485783157, 40.855814550534284], [14.346811407314268, 40.85581437535725], [14.346811345999917, 40.85581419346467], [14.346811302404879, 40.85581400653197], [14.346811276930707, 40.855813816281014], [14.346811269812049, 40.85581362446421], [14.346811281114473, 40.85581343284841], [14.346811310733875, 40.8558132431986], [14.346811358397424, 40.855813057261656], [14.346811423666091, 40.855812876750264], [14.346811505938678, 40.85581270332714], [14.346811604457363, 40.85581253858968], [14.346845212743172, 40.85576201415068], [14.346845299722611, 40.85576189338929], [14.346845395441147, 40.855761779430104], [14.346898430911923, 40.85570320812777], [14.34689846867927, 40.855703163897935], [14.347053816403541, 40.8555101357347], [14.347166165224467, 40.855369685756806], [14.34737016561888, 40.855114661127246], [14.347681758418764, 40.854725125007874], [14.347681775117364, 40.854725104413546], [14.347882243556167, 40.85448119021105], [14.347882293431862, 40.85448113184688], [14.348196265535307, 40.854127690790094], [14.348342661767553, 40.85396288936662], [14.348342669212377, 40.85396288089], [14.348405502549753, 40.85389052009461], [14.348405529449055, 40.85389048776766], [14.34874476463968, 40.8534649092678], [14.348886486531777, 40.85328684692797], [14.348886609275974, 40.85328670665683], [14.348886744545657, 40.853286578421724], [14.34888689116594, 40.85328646333644], [14.349058711354493, 40.853164093952316], [14.349058878155029, 40.85316398719524], [14.34905905469591, 40.85316389745779], [14.349059239246177, 40.85316382561984], [14.349059429996336, 40.85316377238574], [14.349059625076107, 40.85316373827745], [14.349059822572759, 40.85316372362941], [14.349060020549858, 40.853163728585216], [14.349238716707413, 40.85317707638362], [14.349238766093393, 40.853177077591944], [14.349238809991443, 40.85317705493372], [14.34938650867992, 40.85309119226508], [14.349386550371625, 40.85309116512605], [14.34938657374832, 40.85309112121399], [14.349453232096751, 40.852949064820095], [14.349453247305917, 40.852949028802314], [14.349453259648747, 40.852948991704444], [14.349512363851208, 40.852744993028345], [14.349512435449043, 40.85274478820259], [14.349606472216959, 40.85251637590216], [14.349606507619704, 40.85251627483831], [14.349680377361095, 40.85226257478707], [14.349680388069906, 40.852262530127796], [14.34968034519358, 40.852262513673274], [14.34946553857353, 40.85219169969776], [14.349465519283433, 40.85219169355428], [14.349192218400717, 40.85210769056588], [14.349192187080888, 40.85210768149546], [14.34897326090265, 40.85204813026441], [14.348973082439294, 40.85204807260677], [14.348972910161375, 40.85204799848597], [14.348972745583804, 40.8520479085538], [14.348972590153773, 40.85204780360105], [14.348972445238042, 40.85204768455063], [14.34897231211091, 40.852047552449385], [14.348972191943016, 40.85204740845893], [14.348972085791045, 40.852047253845434], [14.348971994588434, 40.85204708996848], [14.348971919137162, 40.852046918269096], [14.348924748991761, 40.85192426071709], [14.348924685574568, 40.85192406682741], [14.348924642238027, 40.85192386748626], [14.348924619432998, 40.85192366476754], [14.348924617396738, 40.85192346078028], [14.348924636150434, 40.8519232576467], [14.348924675498974, 40.85192305748017], [14.348993263646223, 40.851648875995174], [14.348993323329594, 40.851648680465516], [14.348993402661662, 40.85164849205009], [14.34899350081353, 40.85164831271754], [14.349164928631133, 40.85136990328187], [14.349165024381977, 40.85136976170523], [14.349298663082337, 40.85118929202233], [14.349485733043025, 40.85093530775983], [14.349485746668133, 40.85093528880151], [14.349773772862793, 40.8505244859474], [14.34977382137304, 40.85052440963321], [14.349954973153377, 40.850208738792524], [14.349954994025813, 40.850208697991526], [14.349954953889632, 40.850208675867606], [14.349627137419656, 40.85004802798642], [14.349627096324248, 40.85004800898889], [14.349245157120615, 40.84988183551859], [14.349245013652338, 40.84988176617598], [14.349244876159814, 40.8498816856319], [14.34913606833216, 40.84981197923855], [14.349135953609473, 40.849811915947726], [14.348884120895406, 40.84969381700182], [14.34888407834934, 40.849693796432845], [14.348458208736053, 40.84948166559825], [14.34845818360219, 40.849481652856994], [14.348036778700086, 40.84926428249625], [14.348036768699966, 40.84926427740879], [14.347706333105016, 40.84909849890666], [14.347706320152893, 40.84909849252524], [14.347481377073096, 40.848989675802564], [14.347312392506, 40.84890792947979], [14.347312224982096, 40.84890783833932], [14.347312066900697, 40.848907731657015], [14.347311919699191, 40.8489076104029], [14.347311784716037, 40.8489074756795], [14.3473116631786, 40.84890732871184], [14.347224055557014, 40.848790463138826], [14.347223944239497, 40.84879029813223], [14.347223849874757, 40.84879012287795], [14.347223773397447, 40.84878993911183], [14.347223715565052, 40.84878974865401], [14.347223676950385, 40.84878955339093], [14.34722365793591, 40.84878935525659], [14.347223658709963, 40.84878915621346], [14.347223679264873, 40.848788958233], [14.347223719397052, 40.848788763276154], [14.347223778709004, 40.84878857327389], [14.347223856613262, 40.84878839010814], [14.34727101135382, 40.84869125008258], [14.347297891408223, 40.84863587258147], [14.347297987105177, 40.84863569810151], [14.34729809966771, 40.84863553399533], [14.347298227981423, 40.848635381887625], [14.34729837077597, 40.8486352432843], [14.347298526637644, 40.848635119557585], [14.34729869402337, 40.848635011932394], [14.34729887127598, 40.84863492147425], [14.347299056640622, 40.84863484907872], [14.347299248282132, 40.848634795462544], [14.347782402210527, 40.8485252157538], [14.34778244803185, 40.848525203036104], [14.347782492433033, 40.848525186010896], [14.348245190335332, 40.84832195762176], [14.348288128035518, 40.84830309869181], [14.348288154627792, 40.84830308724094], [14.34860306323867, 40.8481701785621], [14.348603101187953, 40.84817016300192], [14.34896024257205, 40.84802798588457], [14.348960285675906, 40.84802796929899], [14.349080821954784, 40.847983179951264], [14.349599730196681, 40.847790362270075], [14.349599767989442, 40.84779034609517], [14.34959972777121, 40.847790337584584], [14.349100868591004, 40.84770988013673], [14.349100847007232, 40.84770987689689], [14.34879233810899, 40.847667005102714], [14.348792332975343, 40.84766700438254], [14.34824018700162, 40.84758881637095], [14.348239991034745, 40.847588778563114], [14.348028570121297, 40.84753692738657], [14.348028551593101, 40.847536923029026], [14.34766663124714, 40.847455431978354], [14.347666451646834, 40.84745538264949], [14.347666277414111, 40.84745531682727], [14.347288713298335, 40.84729220750788], [14.347288652088348, 40.84729217983603], [14.347075478234286, 40.84719146287565], [14.346862326407813, 40.847090753118785], [14.346862308633218, 40.84709074493245], [14.346640609010182, 40.846991255983085], [14.34664043056468, 40.84699116490614], [14.34658934876427, 40.846961779386234], [14.346589277350196, 40.84696174205165], [14.34633622380068, 40.846842178260204], [14.346336185645372, 40.84684216213429], [14.346336146284026, 40.846842149229104], [14.346056647076153, 40.84676319962161], [14.345686793188289, 40.84665847059521], [14.345475263483285, 40.846598975697866], [14.345475261238427, 40.84659897506506], [14.34544119471109, 40.84658935062089], [14.345441149016457, 40.84658934000956], [14.345441102142512, 40.84658933815616], [14.345243103799787, 40.84659085193527], [14.344932449629745, 40.84659322489307], [14.344510957680434, 40.846596443667615], [14.344510866326335, 40.84659644855228], [14.343994623119244, 40.84664782907794], [14.34379884021117, 40.846667314339406], [14.343798657266802, 40.846667324114414], [14.343798474195507, 40.8466673171078], [14.343623603607886, 40.846652580779995], [14.343272967292373, 40.84662302899554], [14.342853188532343, 40.84658764721362], [14.342852963450007, 40.84658761527582], [14.34285274344621, 40.846587558000955], [14.34272103755015, 40.846545144142134], [14.342678727200116, 40.84653152191139], [14.342464051586118, 40.846462392446334], [14.341795642347572, 40.84624714594458], [14.34179559564264, 40.84624713215026], [14.34175649956895, 40.84623661319597], [14.341756375487734, 40.846236575456786], [14.341417871972306, 40.84612150334], [14.341133671048503, 40.84602488991979], [14.340819813780762, 40.845919510586334], [14.340819699705376, 40.84591946838341], [14.34048518674754, 40.845784012061706], [14.340162223222768, 40.84565323054932], [14.340162042237296, 40.84565314652142], [14.340161870525646, 40.845653044877245], [14.340161709797055, 40.845652926628574], [14.340161561651433, 40.84565279295246], [14.340161427563437, 40.84565264517953], [14.340161308867794, 40.845652484780736], [14.340161206746012, 40.8456523133527], [14.340161122214623, 40.84565213260185], [14.34016105611506, 40.84565194432737], [14.340161009105286, 40.8456517504034], [14.340160981653241, 40.845651552760245], [14.340160974032187, 40.84565135336529], [14.340160986317985, 40.84565115420333], [14.340161018388338, 40.84565095725684], [14.340161069924017, 40.84565076448624], [14.340161140412029, 40.8456505778104], [14.34016122915073, 40.84565039908751], [14.340417430931973, 40.84519318951077], [14.340417465912772, 40.84519312954964], [14.340779543109475, 40.84459652265807], [14.341104327600965, 40.84406135120426], [14.341127348695345, 40.84402341691547], [14.341127370603918, 40.84402337677251], [14.341127388742853, 40.844023334791416], [14.341211553235611, 40.84380106716369], [14.341211618649872, 40.843800913996056], [14.34121169658139, 40.843800766802204], [14.341533605296574, 40.8432495606592], [14.341571422169666, 40.84318486157986], [14.341920769672296, 40.84258482904046], [14.341920771420972, 40.84258482604296], [14.342265613049703, 40.841994889219954], [14.342450614485102, 40.84167839621966], [14.342497078314857, 40.84159890972532], [14.342497099303035, 40.84159886945007], [14.34249705483872, 40.84159886020215], [14.342153752332507, 40.84154469764789], [14.341845597986277, 40.84149608013298], [14.34184542646946, 40.84149604532057], [14.34184525865275, 40.841495995646895], [14.341540854214403, 40.84139120204759], [14.341221293017941, 40.84128091597968], [14.341221288460378, 40.841280914400635], [14.341066107878612, 40.84122693974099], [14.340894771150873, 40.84116722661164], [14.340894625548206, 40.84116716938754], [14.340797319113808, 40.8411244608032], [14.340797206084508, 40.841124419125435], [14.340609733826208, 40.841067874154845], [14.340609553062302, 40.841067810027006], [14.340609379272488, 40.84106772887857], [14.340319326380289, 40.840914944280115], [14.340319303931585, 40.840914932814414], [14.340053641308547, 40.84078344047903], [14.340053608014225, 40.8407834247561], [14.339771658409544, 40.84065657185342], [14.339771626731672, 40.840656558252775], [14.339698079512035, 40.84062647205453], [14.339697912923377, 40.840626394799465], [14.339697754122602, 40.840626302590785], [14.339697604448409, 40.84062619620581], [14.339697465162555, 40.840626076541376], [14.339559972840847, 40.84049651917357], [14.339559933112369, 40.84049648550896], [14.339559883083023, 40.840496471061854], [14.339255763008874, 40.84042577803607], [14.339255745900433, 40.84042577421693], [14.33893874165798, 40.84035792033244], [14.33893871143005, 40.84035791434778], [14.338572193140912, 40.84029120100865], [14.338572005201819, 40.84029115734021], [14.338571822345214, 40.84029109576507], [14.33822708134255, 40.84015616496354], [14.338226869151546, 40.840156067262086], [14.33801456062521, 40.84004284163506], [14.338014526003485, 40.840042824851864], [14.338014490192013, 40.840042810785775], [14.337954895642037, 40.840022017079725], [14.33795487133166, 40.84002200894537], [14.337378479411496, 40.83983732673831], [14.337378467716235, 40.8398373230699], [14.336914585444477, 40.83969493529114], [14.336366853051, 40.83953081288322], [14.3363667211394, 40.839530768297195], [14.336183724256871, 40.839461728546794], [14.335993003978416, 40.83938977474958], [14.335992986002909, 40.839389767868894], [14.335459945744669, 40.839182784116524], [14.3353056076519, 40.839122853668535], [14.335305578245407, 40.839122842777286], [14.334958906705745, 40.83900059308021], [14.334958895331999, 40.839000589146174], [14.334583660053033, 40.838873322698916], [14.334583503683614, 40.8388732622443], [14.33438534531908, 40.83878693886374], [14.334385235491652, 40.83878689849352], [14.333882937893215, 40.8386350028612], [14.333882788835389, 40.838634951288206], [14.333646767680422, 40.838542716205566], [14.333646725783389, 40.838542700900746], [14.333575288188284, 40.83851839692896], [14.333575227985351, 40.83851837854046], [14.333288328775224, 40.838440533066056], [14.332875620500083, 40.83832855110142], [14.332875483779988, 40.8383285086967], [14.332371535291125, 40.838152201258126], [14.33237148079501, 40.838152181300465], [14.33197986006229, 40.8380022821464], [14.331509896070251, 40.837822392602874], [14.33134549359029, 40.83775946368752], [14.331345483475127, 40.83775945987825], [14.330958304859443, 40.837616036885045], [14.330701068441526, 40.83752322735934], [14.330701049826013, 40.83752322053849], [14.330441177381505, 40.83742653796811], [14.330441146389335, 40.83742652701429], [14.330302929831678, 40.83738021711873], [14.330302845139853, 40.837380186605834], [14.329861246983498, 40.83720976404665], [14.329861066029668, 40.83720968370847], [14.329860893905655, 40.83720958587272], [14.32986073229821, 40.83720947149814], [14.329796436612105, 40.837159011338215], [14.329796287114338, 40.83715888155468], [14.329796151180064, 40.837158737626844], [14.329796030141217, 40.83715858096495], [14.329795925183774, 40.83715841310405], [14.329795837336144, 40.83715823568888], [14.329795767459087, 40.837158050457816], [14.329795716237284, 40.837157859225826], [14.32979568417262, 40.83715766386665], [14.329795671579278, 40.8371574662945], [14.329795678580652, 40.83715726844524], [14.329795705108138, 40.83715707225747], [14.329795750901813, 40.8371568796535], [14.329795815512973, 40.83715669252053], [14.329795898308538, 40.83715651269216], [14.329795998477248, 40.8371563419304], [14.329866180261732, 40.837049226668825], [14.330262822249821, 40.83644030592228], [14.330262874262724, 40.83644022995511], [14.330555248854976, 40.83603360812629], [14.33055526256958, 40.83603358928519], [14.330774117387445, 40.83573657910848], [14.33077414341587, 40.835736539841655], [14.33077410366639, 40.83573651455637], [14.330575953800832, 40.835623881526466], [14.330575915288087, 40.835623861793984], [14.330575875210128, 40.83562384547367], [14.330325800008676, 40.83553444920951], [14.330325776863953, 40.83553444077469], [14.329903499847639, 40.835377594152796], [14.329903452738996, 40.83537757597524], [14.32946796738631, 40.83520319034179], [14.329467864235957, 40.835203155428246], [14.329121714950844, 40.83510666538452], [14.328913424213765, 40.835048603071904], [14.328913299820064, 40.83504856398393], [14.328602999443662, 40.83493982410606], [14.328602987475666, 40.8349398199969], [14.328370106778857, 40.834861505046085], [14.32836992033957, 40.83486143176427], [14.328369742166359, 40.83486134019931], [14.32836957404674, 40.834861231269855], [14.328369417667364, 40.83486110606872], [14.328369274597106, 40.83486096585198], [14.328369146271308, 40.834860812026356], [14.328369033977394, 40.83486064613509], [14.32836893884195, 40.834860469842496], [14.328368861819415, 40.834860284917205], [14.328368803682517, 40.83486009321448], [14.328368765014512, 40.83485989665757], [14.328368746203333, 40.83485969721843], [14.328368747437704, 40.83485949689791], [14.328368768705241, 40.83485929770573], [14.328368809792579, 40.83485910164027], [14.328368870287509, 40.83485891066855], [14.32836894958312, 40.83485872670649], [14.328369046883882, 40.83485855159968], [14.328369161213628, 40.83485838710487], [14.328636175387633, 40.83451255338073], [14.328636189057038, 40.834512535878034], [14.328705980771216, 40.83442418810638], [14.328706006156423, 40.83442415292876], [14.328706028389204, 40.83442411567864], [14.328873544294526, 40.8341135077793], [14.328873569956306, 40.83411346166409], [14.329023730532661, 40.83385180292212], [14.32904976088029, 40.83380634992998], [14.329342510980432, 40.83329631489376], [14.32934267378814, 40.83329607375949], [14.329443316829773, 40.83316816759056], [14.329443342899165, 40.83316813097445], [14.329443300944348, 40.8331681148455], [14.328462880559785, 40.8328442390309], [14.328462864711463, 40.832844233941415], [14.327236873041507, 40.83246174930356], [14.327009286969552, 40.832390634508215], [14.32562219776503, 40.83196994006239], [14.325622192733478, 40.831969938529134], [14.325546048613173, 40.83194662569587], [14.325546040796718, 40.83194662328523], [14.325460278583302, 40.831919981588165], [14.325460274145268, 40.83191998020385], [14.325108291471166, 40.83180974038484], [14.325108254801501, 40.83180972851082], [14.324888019883149, 40.831736061963774], [14.32488797463453, 40.8317360492567], [14.324887953259594, 40.831736091113825], [14.324802118362625, 40.831926696140506], [14.324802101664257, 40.83192673851991], [14.324802143311649, 40.83192675696832], [14.324883702142705, 40.8319583159522], [14.324883878858307, 40.83195839435065], [14.324884047178967, 40.83195848944468], [14.324884205531959, 40.83195860034577], [14.324884352437675, 40.83195872601769], [14.32488448652348, 40.8319588652862], [14.32488460653652, 40.83195901685002], [14.324884711355427, 40.83195917929299], [14.32488480000081, 40.83195935109728], [14.324884871644395, 40.83195953065763], [14.324884925616765, 40.83195971629627], [14.324884961413622, 40.83195990627865], [14.324884978700489, 40.83196009882964], [14.324884977315845, 40.83196029215011], [14.324884957272626, 40.83196048443373], [14.324884918758112, 40.83196067388386], [14.32488486213217, 40.83196085873035], [14.32488478792389, 40.83196103724604], [14.324782861859777, 40.83217624796921], [14.324782771282873, 40.83217641761563], [14.324782664831012, 40.832176577778306], [14.32478254348845, 40.83217672697638], [14.324782408377121, 40.832176863830355], [14.324782260746268, 40.83217698707488], [14.32478210196089, 40.83217709557044], [14.324781933489119, 40.83217718831387], [14.32478175688865, 40.83217726444767], [14.32478157379233, 40.83217732326791], [14.324781385893077, 40.83217736423073], [14.324781194928207, 40.83217738695739], [14.324781002663387, 40.83217739123776], [14.324780810876304, 40.83217737703225], [14.324718679607942, 40.83216975724402], [14.324718504550722, 40.832169727838526], [14.324718332790312, 40.832169683026976], [14.324718165679743, 40.83216962316237], [14.324230560144786, 40.831970111643926], [14.32423046933891, 40.83197007950482], [14.324101875704807, 40.83193143031229], [14.324101692938015, 40.831931365566945], [14.324101517299683, 40.83193128342783], [14.324101350440616, 40.83193118466695], [14.324101193929112, 40.831931070212555], [14.324101049236205, 40.8319309411404], [14.324100917721857, 40.831930798663606], [14.324100800622155, 40.83193064412132], [14.32410069903771, 40.83193047896606], [14.32410061392331, 40.83193030475011], [14.324100546078933, 40.83193012311091], [14.324100496142245, 40.83192993575567], [14.324100464582594, 40.83192974444532], [14.32410045169661, 40.83192955097798], [14.324100457605406, 40.83192935717204], [14.324100482253444, 40.83192916484904], [14.32410052540906, 40.83192897581663], [14.32410058666664, 40.8319287918515], [14.324100665450427, 40.83192861468273], [14.32410076101994, 40.83192844597551], [14.32410087247693, 40.8319282873155], [14.324533107762546, 40.83137237804213], [14.324629910859738, 40.831247875727016], [14.324629930582379, 40.831247849482985], [14.324713396074356, 40.83113290427869], [14.324713421372543, 40.83113286577539], [14.324713422312263, 40.83113281971434], [14.324712466689602, 40.83109655282568], [14.324712470367217, 40.83109636798123], [14.32471249109797, 40.83109618426616], [14.324712528704715, 40.831096003250344], [14.324712582866091, 40.83109582648061], [14.324712653119278, 40.83109565546751], [14.324712738863942, 40.83109549167237], [14.324712839367375, 40.83109533649488], [14.324712953770751, 40.83109519126107], [14.324828016947786, 40.83096225245411], [14.324828043664235, 40.83096221875457], [14.324828064112287, 40.830962181103814], [14.324951937960591, 40.830708811340095], [14.324951961163976, 40.83070875552229], [14.324951977429182, 40.83070869730314], [14.325006754313964, 40.83045378454837], [14.325006762979399, 40.83045372925099], [14.325006765385105, 40.83045367333048], [14.325005382275604, 40.83034914055633], [14.32500538830103, 40.830348956731925], [14.325005411187876, 40.83034877423834], [14.32500545074259, 40.830348594618904], [14.325072282477924, 40.830100121648904], [14.32507228321887, 40.830100118901946], [14.325118590134103, 40.82992892623858], [14.325118639587792, 40.829928769327466], [14.32511870177073, 40.82992861701185], [14.32511877626215, 40.82992847032241], [14.325223245604407, 40.82974215181758], [14.32522335871357, 40.82974197297897], [14.325223490084777, 40.82974180709186], [14.325285359507077, 40.829671652841014], [14.325436437089214, 40.82950034528472], [14.325509896539273, 40.82941705046109], [14.325509923143853, 40.82941701758411], [14.325509946868154, 40.829416982571836], [14.325598932278613, 40.829272858732956], [14.325672341321141, 40.82915396536804], [14.325691235799132, 40.8291233634227], [14.32569126043729, 40.8291233185058], [14.325691280333846, 40.82912327129677], [14.325711622582723, 40.82906709782393], [14.325793772145145, 40.82884021486598], [14.325793787124363, 40.828840170241385], [14.32595543379562, 40.82831818837161], [14.325955441836328, 40.828318161034446], [14.32597331184806, 40.828254044869134], [14.325973322676814, 40.82825399674949], [14.32597329539637, 40.828253955657566], [14.325849410415495, 40.82808635803241], [14.325766362643897, 40.8279740062589], [14.325766326541004, 40.82797396282318], [14.3257662815645, 40.82797392865897], [14.325488860862208, 40.82778709749706], [14.325488811750825, 40.82778706645775], [14.325258556649851, 40.82765073837981], [14.325153327161651, 40.82758843520393], [14.325153320108097, 40.82758843100817], [14.324509040850028, 40.827203393525494], [14.324508990978043, 40.82720336562338], [14.323948516499858, 40.826910503478715], [14.323948467001046, 40.826910480983095], [14.323948412885354, 40.82691047572217], [14.323862971225669, 40.82690688765702], [14.32340365213139, 40.826887581168215], [14.323287829827633, 40.826882713429704], [14.323287790268783, 40.82688271333652], [14.32328775082669, 40.826882716377156], [14.322218035403077, 40.82700799860753], [14.322218021635068, 40.82700800017167], [14.32154021266581, 40.82708262666479], [14.321540210378501, 40.82708262691529], [14.321077338241944, 40.82713305003207], [14.321077290167683, 40.82713305767151], [14.321077246380629, 40.82713307893639], [14.320807420359696, 40.82728089937807], [14.320602555875542, 40.82739312958779], [14.320602471685712, 40.82739318127674], [14.32038412791357, 40.827542579089254], [14.320384096411322, 40.82754260020838], [14.320053463678438, 40.82775974120383], [14.320053384862053, 40.8277597986601], [14.319979844659683, 40.827819113982706], [14.319979694951078, 40.827819223670275], [14.31997953571949, 40.82781931900826], [14.319979368336066, 40.82781939917571], [14.319979194242144, 40.82781946348229], [14.319979014936848, 40.82781951137426], [14.319978831964178, 40.82781954243922], [14.319978646899713, 40.82781955640968], [14.319978461337044, 40.827819553165334], [14.319978276874053, 40.82781953273411], [14.319822220192991, 40.82779487245839], [14.319822035567016, 40.82779483428735], [14.319821855355533, 40.82779477890143], [14.31974742414453, 40.82776800298445], [14.319529392825613, 40.827689569061285], [14.31952934565971, 40.82768955468571], [14.319529297304385, 40.827689545040386], [14.319194160863384, 40.82763978363316], [14.319194121176436, 40.82763977935447], [14.319194081274134, 40.82763977826165], [14.319142932811808, 40.82764042416533], [14.318945346723085, 40.82764291673658], [14.318662964983156, 40.82764647910333], [14.318432114725905, 40.82764939093721], [14.318432091742942, 40.8276493914914], [14.318037754554856, 40.82766343733814], [14.317685513844271, 40.82767867688049], [14.317685417001794, 40.82767868580666], [14.317307265187267, 40.82773220207636], [14.317307220548651, 40.827732210492], [14.317307179862857, 40.827732230693606], [14.317039611930857, 40.82788071188836], [14.317039595009915, 40.827880721494786], [14.316934608282326, 40.827941683151444], [14.316934462865227, 40.82794175977883], [14.31693431164689, 40.82794182420633], [14.31693415564871, 40.82794187599877], [14.316569645730041, 40.82804647606499], [14.316569506151218, 40.828046510738815], [14.316349098531978, 40.82809291911828], [14.31634888322716, 40.828092952327324], [14.316348665587672, 40.828092961921996], [14.316348448195749, 40.828092947788456], [14.316271009181675, 40.82808365640361], [14.3161395616218, 40.828067889834365], [14.316139383570262, 40.82806786027545], [14.316139208908556, 40.82806781478515], [14.31613903905913, 40.828067753733926], [14.316138875405242, 40.82806767761899], [14.315924248708212, 40.827955811052036], [14.315924184515888, 40.8279557804465], [14.315780378988443, 40.82789339392141], [14.315780175054615, 40.82789329124313], [14.31577998415256, 40.827893165990425], [14.315750096186116, 40.827871016498236], [14.315625820735985, 40.82777890544741], [14.31562581242299, 40.827778899352076], [14.315539812815363, 40.82771652087395], [14.315539777769331, 40.82771649764273], [14.315539739453238, 40.827716480694136], [14.315283032496524, 40.82761554934536], [14.31528285665294, 40.82761547021951], [14.315282689246523, 40.82761537452752], [14.315282531833391, 40.82761526315889], [14.315282385876774, 40.82761513714885], [14.315282252733406, 40.827614997668704], [14.315282133640917, 40.82761484601501], [14.315282029706328, 40.82761468359744], [14.315281941895758, 40.827614511925745], [14.315281871025448, 40.8276143325957], [14.315281817754169, 40.82761414727426], [14.315281782577106, 40.82761395768407], [14.315281765821243, 40.827613765587465], [14.315281767642336, 40.82761357277007], [14.315281788023453, 40.82761338102421], [14.315281826775147, 40.82761319213225], [14.315281883537201, 40.82761300785003], [14.315281957781984, 40.82761282989055], [14.315282048819357, 40.82761265990801], [14.315282155803086, 40.82761249948249], [14.3153958941745, 40.82745857424331], [14.315472794272809, 40.8273545033081], [14.315472819782286, 40.82735446499203], [14.315472777284707, 40.82735444730552], [14.315394195417701, 40.8273261734895], [14.315394017204289, 40.827326099474355], [14.315393846953537, 40.82732600862864], [14.31539368625041, 40.82732590179809], [14.315393536590978, 40.82732577997725], [14.31539339936851, 40.82732564430022], [14.315393275860487, 40.82732549603009], [14.315393167216714, 40.8273253365472], [14.315393074448616, 40.82732516733626], [14.315392998419828, 40.82732498997255], [14.31539293983814, 40.82732480610725], [14.315392899248925, 40.82732461745207], [14.315392877030051, 40.8273244257633], [14.315392873388365, 40.82732423282548], [14.315392888357769, 40.82732404043479], [14.315392921798907, 40.82732385038229], [14.315392973400453, 40.827323664437294], [14.315393042682022, 40.82732348433086], [14.31539312899863, 40.82732331173971], [14.31539323154671, 40.82732314827059], [14.315393349371579, 40.82732299544532], [14.315529188306916, 40.82716336614612], [14.315529318225657, 40.827163227409976], [14.315529460727602, 40.82716310163322], [14.315529614525722, 40.82716298995182], [14.315529778230967, 40.82716289337445], [14.315529950364812, 40.82716281277336], [14.3155301293726, 40.82716274887651], [14.315530313637598, 40.827162702260985], [14.315530501495589, 40.827162673347814], [14.315530691249904, 40.82716266239813], [14.315530881186753, 40.82716266951081], [14.315531069590687, 40.82716269462164], [14.315531254760112, 40.827162737503805], [14.31553143502264, 40.82716279777002], [14.315531608750208, 40.82716287487598], [14.31558818437902, 40.82719127600964], [14.315588226848044, 40.827191294826214], [14.315588258007306, 40.827191260376416], [14.315677357292081, 40.827082667538086], [14.31577178427369, 40.82696758095341], [14.315771916673013, 40.826967434902684], [14.315772062807227, 40.82696730259553], [14.315772221256621, 40.826967185317294], [14.315772390481845, 40.82696708420737], [14.315772568838861, 40.82696700024804], [14.31577275459491, 40.82696693425498], [14.315772945945355, 40.82696688686932], [14.315773141031208, 40.826966858551415], [14.31577333795719, 40.82696684957637], [14.315773534810145, 40.82696686003139], [14.315773729677629, 40.826966889814905], [14.315773920666485, 40.82696693863755], [14.315774105921236, 40.826967006025015], [14.315774283642115, 40.82696709132263], [14.315864090062359, 40.8270157784468], [14.31586413284353, 40.827015798989336], [14.315864168169066, 40.82701576729817], [14.315981937122945, 40.826899183635774], [14.315981968817363, 40.82689914896789], [14.315981930507292, 40.82689912178812], [14.315853803758102, 40.826817498596206], [14.31585364067679, 40.82681738285062], [14.315853489969742, 40.826817251397436], [14.315853353143746, 40.82681710555094], [14.315853231566809, 40.82681694676932], [14.315853126454472, 40.8268167766401], [14.315853038857664, 40.826816596864255], [14.315852969652191, 40.826816409239214], [14.315852919529977, 40.82681621564087], [14.31585288899215, 40.826816018004855], [14.315852878344035, 40.82681581830715], [14.31585288769209, 40.82681561854437], [14.315852916942854, 40.82681542071377], [14.315852965803874, 40.82681522679328], [14.315853033786627, 40.826815038721755], [14.315853120211417, 40.82681485837955], [14.315853224214154, 40.82681468756976], [14.315853344755004, 40.826814528000156], [14.315853480628785, 40.826814381266146], [14.315965621811767, 40.826704813456246], [14.315965765508981, 40.82670468595568], [14.31596592077607, 40.82670457283003], [14.315966086180492, 40.82670447512302], [14.315966260196168, 40.82670439373613], [14.315966441217576, 40.82670432942025], [14.315966627574555, 40.826704282768794], [14.315966817547716, 40.826704254212174], [14.315967009384305, 40.82670424401387], [14.315967201314376, 40.826704252267966], [14.31596739156712, 40.82670427889831], [14.315967578387205, 40.82670432365921], [14.31596776005097, 40.82670438613768], [14.316054766065355, 40.82673906651607], [14.316054809704216, 40.826739081551125], [14.316054844610784, 40.826739051352945], [14.316135472915864, 40.82666230999196], [14.31613550398409, 40.826662277438984], [14.316135464663402, 40.82666225555725], [14.316042578118735, 40.82661625955808], [14.316042457377627, 40.82661619452198], [14.315949172251552, 40.82656174089539], [14.315949003882366, 40.8265616309045], [14.315948847410693, 40.826561504560544], [14.315948704418703, 40.82656136314106], [14.315948576352266, 40.82656120807602], [14.31594846450633, 40.82656104093337], [14.315948370011832, 40.82656086340318], [14.315948293824254, 40.82656067728055], [14.315948236713973, 40.82656048444748], [14.315948199258463, 40.82656028685379], [14.315948181836454, 40.82656008649747], [14.31594818462411, 40.82655988540444], [14.315948207593246, 40.82655968560805], [14.315948250511608, 40.82655948912855], [14.315948312945224, 40.826559297952656], [14.315977517278803, 40.82648308997788], [14.315977531665858, 40.826483046319055], [14.315977495092271, 40.82648301847231], [14.315898591425652, 40.82642867527575], [14.31589843233545, 40.82642855352304], [14.315898286223602, 40.82642841646559], [14.315898154556105, 40.82642826547855], [14.315898038654026, 40.826428102076825], [14.31589793968025, 40.826427927899886], [14.315897858627814, 40.8264277446953], [14.31589779630995, 40.82642755430124], [14.31589775335191, 40.82642735862798], [14.315897730184712, 40.8264271596388], [14.3158977270408, 40.826426959330206], [14.315897743951716, 40.82642675971198], [14.315897780747788, 40.826426562786956], [14.315897837059827, 40.82642637053095], [14.315897912322836, 40.82642618487295], [14.315898005781673, 40.82642600767571], [14.315898116498632, 40.82642584071712], [14.315898243362852, 40.82642568567233], [14.315898385101463, 40.82642554409698], [14.316145587058696, 40.826202209592886], [14.316145737058722, 40.82620208674104], [14.316145898249642, 40.82620197899101], [14.31614606911656, 40.82620188735543], [14.316146248053641, 40.82620181269551], [14.31614643337921, 40.82620175571291], [14.316146623351552, 40.82620171694317], [14.316146816185274, 40.826201696750644], [14.316147010068102, 40.82620169532512], [14.316147203177895, 40.826201712679975], [14.316147393699778, 40.82620174865212], [14.316147579843198, 40.82620180290347], [14.316147759858755, 40.82620187492418], [14.31628679397992, 40.826265481918206], [14.31628684011848, 40.82626550023428], [14.316286879773598, 40.82626547037299], [14.316478865123553, 40.82610487569328], [14.316479018867177, 40.82610475921381], [14.316479183116298, 40.8261046580862], [14.316479356343214, 40.826104573251044], [14.316479536936715, 40.82610450549741], [14.316479723217078, 40.826104455455486], [14.316479913451682, 40.82610442359071], [14.316480105871127, 40.82610441019947], [14.316480298685693, 40.82610441540632], [14.316480490101984, 40.826104439162826], [14.31648067833961, 40.826104481248024], [14.316480861647747, 40.82610454127048], [14.316481038321418, 40.82610461867191], [14.31648120671736, 40.8261047127324], [14.316557541448152, 40.8261523198493], [14.316557583492227, 40.826152343244416], [14.31655762063475, 40.82615231265881], [14.316677274053289, 40.82604333289518], [14.316677419636637, 40.82604321237705], [14.316677575945917, 40.82604310613893], [14.316677741585321, 40.82604301512949], [14.316677915075726, 40.82604294016143], [14.316678094867898, 40.8260428819042], [14.316678279356333, 40.82604284087802], [14.31667846689359, 40.82604281744925], [14.316678655805003, 40.8260428118271], [14.316678844403633, 40.82604282406177], [14.316679031005334, 40.826042854044026], [14.316679213943795, 40.82604290150611], [14.31671295421623, 40.82605337973881], [14.31671299902094, 40.82605339136544], [14.316713039607945, 40.826053369109616], [14.316763422473901, 40.82602256284039], [14.316763462690679, 40.82602253539085], [14.316763461205186, 40.82602248672201], [14.316760170273183, 40.825981761441064], [14.31676016398636, 40.82598157127721], [14.316760175798533, 40.82598138137647], [14.316760205602797, 40.82598119345755], [14.316760253129408, 40.82598100922119], [14.316760317948228, 40.825980830334814], [14.31676039947262, 40.82598065841742], [14.31676049696475, 40.82598049502495], [14.316760609542271, 40.82598034163617], [14.316782385235616, 40.82595345347815], [14.316782412680038, 40.82595341598216], [14.316782375358239, 40.82595338830143], [14.31671679538847, 40.82590954879756], [14.316716635773403, 40.82590943020604], [14.316716488723577, 40.82590929635064], [14.316716355692611, 40.825909148554565], [14.316716237995548, 40.8259089882788], [14.316716136795849, 40.82590881710772], [14.316716053093899, 40.825908636733374], [14.316715987717107, 40.825908448938826], [14.31671594131174, 40.82590825558045], [14.316715914336527, 40.825908058569645], [14.316715907058121, 40.82590785985391], [14.316715919548473, 40.82590766139759], [14.316715951684111, 40.82590746516248], [14.31671600314737, 40.825907273088404], [14.316716073429522, 40.82590708707406], [14.316716161835812, 40.82590690895823], [14.316716267492321, 40.825906740501644], [14.316716389354614, 40.82590658336954], [14.316716526218054, 40.82590643911519], [14.316716676729712, 40.82590630916458], [14.3168193039174, 40.82582625026191], [14.316819457031588, 40.82582614197011], [14.316819619615956, 40.825826048496104], [14.316819790240936, 40.82582597066177], [14.316819967406264, 40.82582590915149], [14.316820149554166, 40.825825864506115], [14.31682033508306, 40.8258258371182], [14.31682052236163, 40.82582582722856], [14.31682070974318, 40.82582583492415], [14.31682089558011, 40.825825860137314], [14.316821078238398, 40.82582590264634], [14.31682125611197, 40.82582596207748], [14.316915469471995, 40.82586243467734], [14.316915516961839, 40.825862450309266], [14.316915558037847, 40.82586242180647], [14.317000705688413, 40.82579661205572], [14.31700076059301, 40.825796566397116], [14.317061339779423, 40.825742414378844], [14.317095874523186, 40.825711435813915], [14.317095916790626, 40.825711395612906], [14.317131995828644, 40.825675017716954], [14.317132014843068, 40.82567499801261], [14.317283700097711, 40.82551343947627], [14.31728386454772, 40.825513283127876], [14.317284045649341, 40.82551314641347], [14.31736224450789, 40.82546080216304], [14.317362281168196, 40.825460774960156], [14.317362247987395, 40.82546074360704], [14.317323249989041, 40.82542731982958], [14.317323109310234, 40.825427186926994], [14.31732298213526, 40.82542704104982], [14.317322869654909, 40.82542688356396], [14.317322772922381, 40.82542671594403], [14.317322692843424, 40.82542653975951], [14.317322630167848, 40.8254263566601], [14.31732258548251, 40.825426168360224], [14.317322559205817, 40.82542597662301], [14.317322551583809, 40.82542578324377], [14.317322562687853, 40.8254255900332], [14.317322592413976, 40.825425398800405], [14.317322640483845, 40.82542521133598], [14.317322706447356, 40.82542502939523], [14.317322789686871, 40.82542485468172], [14.317322889422982, 40.82542468883139], [14.317323004721821, 40.82542453339716], [14.317323134503797, 40.82542438983441], [14.317467908008702, 40.82527904436834], [14.317468048349848, 40.82527891626355], [14.317468200214897, 40.825278802055486], [14.317468362233022, 40.825278702775066], [14.317468532941744, 40.82527861931845], [14.317468710800144, 40.825278552438974], [14.31746889420276, 40.82527850274033], [14.317469081494087, 40.82527847067114], [14.317469270983517, 40.825278456520856], [14.317469460960602, 40.82527846041723], [14.31746964971049, 40.82527848232508], [14.31746983552941, 40.82527852204666], [14.317470016740044, 40.82527857922341], [14.317470191706674, 40.82527865333922], [14.31747035884994, 40.82527874372507], [14.317573181856254, 40.8253408340757], [14.317573225703427, 40.82534085759408], [14.317573272893515, 40.82534084182107], [14.317673027472729, 40.82530174842138], [14.317673204921208, 40.82530168830536], [14.317673387216427, 40.825301645057806], [14.31767357275866, 40.82530161905822], [14.317673759919685, 40.82530161053478], [14.317673947057076, 40.82530161956226], [14.317674132528612, 40.82530164606146], [14.317674314706693, 40.825301689799836], [14.317737457741053, 40.82532001665401], [14.317737503453628, 40.82532002760405], [14.317737550402635, 40.825320025296286], [14.317796207572512, 40.82531434805824], [14.317796261553019, 40.82531433981728], [14.31779631243334, 40.825314319992835], [14.317863534867877, 40.8252837711488], [14.317863576529952, 40.82528374978442], [14.317863607354104, 40.82528371454169], [14.317883491493253, 40.82525868453505], [14.317883519209001, 40.82525864589974], [14.317883498248394, 40.825258603220625], [14.317859626148916, 40.82521547686489], [14.31785953768192, 40.825215296144385], [14.317859467821199, 40.825215107449424], [14.317859417273848, 40.825214912689894], [14.317859386551486, 40.82521471383707], [14.317859375965076, 40.825214512903656], [14.317859385621764, 40.82521431192342], [14.317859415423813, 40.82521411293058], [14.317859465069578, 40.82521391793928], [14.317859534056565, 40.82521372892313], [14.317859621686516, 40.82521354779527], [14.31785972707248, 40.82521337638901], [14.317859849147784, 40.82521321643924], [14.317859986676833, 40.8252130695649], [14.317860138267616, 40.82521293725261], [14.317860302385794, 40.82521282084156], [14.317860477370235, 40.82521272151002], [14.317860661449819, 40.82521264026338], [14.318026226949856, 40.825149311936116], [14.318026408201888, 40.82514925235141], [14.318026594306916, 40.82514921030912], [14.318026783571266, 40.825149186191865], [14.318026974272504, 40.825149180219114], [14.318027164675124, 40.82514919244524], [14.318027353046338, 40.82514922275896], [14.318027537671844, 40.82514927088441], [14.318027716871425, 40.82514933638361], [14.31802788901425, 40.82514941866049], [14.318028052533704, 40.825149516966256], [14.318028205941653, 40.82514963040627], [14.318028347841985, 40.825149757948154], [14.31802847694331, 40.82514989843119], [14.318028592070723, 40.825150050576895], [14.31802869217649, 40.82515021300063], [14.31805468347993, 40.825197271734794], [14.318054708052516, 40.82519731153094], [14.318054753433708, 40.825197300213205], [14.318200999221167, 40.82515318879362], [14.318201042917433, 40.82515317325155], [14.318201027802381, 40.82515312940575], [14.318179692071094, 40.82509982875671], [14.318179629374214, 40.82509964734401], [14.318179584356306, 40.82509946075661], [14.318179557432002, 40.82509927071307], [14.318179548849283, 40.82509907896374], [14.318179558687198, 40.825098887274706], [14.31817958685514, 40.825098697411505], [14.318179633093667, 40.82509851112284], [14.318179696976909, 40.8250983301245], [14.318179777916475, 40.82509815608354], [14.318179875166885, 40.82509799060295], [14.318179987832426, 40.82509783520686], [14.318180114875405, 40.82509769132653], [14.318180255125712, 40.82509756028715], [14.318180407291589, 40.82509744329564], [14.318180569971533, 40.825097341429526], [14.318180741667202, 40.82509725562705], [14.318180920797214, 40.82509718667847], [14.31818110571172, 40.82509713521883], [14.31823673659041, 40.82508449529782], [14.318236933762702, 40.825084460770775], [14.318237133398782, 40.82508444612617], [14.318237333498846, 40.825084451510705], [14.318237532058442, 40.825084476870444], [14.318237727088544, 40.825084521951354], [14.318237916635487, 40.82508458630184], [14.318238098800531, 40.825084669277295], [14.318238271758883, 40.82508477004652], [14.318238433777971, 40.825084887600106], [14.31823858323481, 40.82508502076047], [14.318238718632255, 40.82508516819371], [14.31823883861399, 40.82508532842296], [14.318238941978132, 40.825085499843155], [14.318260563837585, 40.82512578902567], [14.31826058827938, 40.82512582961563], [14.31826063268788, 40.825125813098076], [14.318411656694545, 40.82506097079613], [14.318411698154778, 40.82506095058659], [14.318411687782481, 40.82506090564457], [14.318403395813016, 40.82503149713738], [14.318403351760669, 40.82503130516056], [14.318403326805495, 40.82503110978157], [14.318403321189532, 40.82503091289538], [14.318403334967252, 40.825030716411575], [14.318403368005024, 40.82503052223584], [14.318403419982417, 40.82503033225147], [14.318403490395307, 40.82503014830111], [14.318403578560762, 40.82502997216888], [14.318403683623673, 40.82502980556307], [14.318403804565044, 40.82502965009959], [14.318403940211873, 40.82502950728625], [14.31840408924853, 40.825029378508205], [14.318404250229518, 40.82502926501445], [14.318404421593497, 40.82502916790576], [14.318404601678418, 40.82502908812399], [14.318534581552031, 40.82497900610223], [14.318534776220817, 40.82497894233743], [14.31853497639093, 40.824978898819495], [14.318535179962495, 40.824978876004934], [14.318535384799947, 40.8249788741331], [14.318535588754447, 40.824978893223616], [14.318535789686415, 40.824978933076224], [14.31853598548798, 40.82497899327284], [14.31853617410509, 40.82497907318199], [14.318536353559065, 40.824979171965374], [14.318536521967346, 40.82497928858671], [14.318567255069485, 40.82500298855016], [14.31856729502162, 40.82500301627554], [14.318567337731123, 40.82500299302118], [14.318642844950338, 40.824956820385076], [14.318642993157171, 40.82495673817383], [14.318643147792251, 40.82495666880565], [14.318741369996829, 40.82491751730384], [14.31874140634436, 40.82491750110764], [14.318741441285896, 40.82491748206669], [14.318833106439524, 40.82486268082836], [14.318833145319326, 40.82486265493594], [14.318833127999758, 40.82486261155288], [14.318718836265734, 40.824612427858426], [14.318718763460325, 40.82461224523256], [14.318718708937402, 40.82461205634083], [14.318718673223833, 40.82461186300854], [14.318718656664725, 40.824611667103895], [14.318718659420094, 40.82461147051996], [14.318718681463311, 40.82461127515638], [14.318718722581371, 40.82461108290098], [14.31871878237694, 40.82461089561156], [14.318718860272202, 40.824610715097954], [14.318718955514436, 40.8246105431045], [14.3187190671833, 40.82461038129319], [14.318719194199714, 40.82461023122765], [14.318719335336288, 40.824610094358], [14.318719489229196, 40.82460997200684], [14.318719654391334, 40.824609865356464], [14.318719829226707, 40.824609775437466], [14.318720012045844, 40.824609703118746], [14.31901868488586, 40.82450822866419], [14.319112075328663, 40.82447619200674], [14.319112268991136, 40.82447613630543], [14.319112467275747, 40.824476100374895], [14.319112668169522, 40.82447608457992], [14.319112869632995, 40.82447608908085], [14.319113069620924, 40.82447611383198], [14.319113266103038, 40.824476158582044], [14.319113457084663, 40.82447622287675], [14.319113640626963, 40.82447630606337], [14.319113814866627, 40.824476407297404], [14.319113978034782, 40.82447652555113], [14.319114128474952, 40.82447665962403], [14.31911426465988, 40.824476808155026], [14.319114385207023, 40.82447696963622], [14.319269637518435, 40.82470841086949], [14.319269665880745, 40.82470844896134], [14.319269711907046, 40.82470843725708], [14.319402239888044, 40.824667706399694], [14.319402284041411, 40.82466769036191], [14.319402258057526, 40.82466765122656], [14.319385855124228, 40.82464545191797], [14.319385748096558, 40.82464529141289], [14.319385657030818, 40.82464512134281], [14.319385582774302, 40.824644943290096], [14.319385526017907, 40.824644758911376], [14.319385487289708, 40.82464456992215], [14.319385466950038, 40.82464437808081], [14.319385465188143, 40.82464418517229], [14.319385482020415, 40.824643992991454], [14.319385517290243, 40.824643803326374], [14.31938557066947, 40.82464361794175], [14.319385641661444, 40.82464343856243], [14.319385729605642, 40.8246432668574], [14.319385833683816, 40.824643104424226], [14.319385952927599, 40.824642952774234], [14.31938608622752, 40.82464281331839], [14.319386232343337, 40.824642687354235], [14.319386389915556, 40.824642576053755], [14.319386557478092, 40.82464248045251], [14.31938673347191, 40.82464240144], [14.319556713570853, 40.82457574137661], [14.319556899123238, 40.82457567890337], [14.319557089894934, 40.82457563487209], [14.319557284057744, 40.82457560970472], [14.31955747975098, 40.82457560364245], [14.319557675099283, 40.824575616743374], [14.319557868230602, 40.82457564888194], [14.31955805729413, 40.824575699750156], [14.319558240478043, 40.824575768860555], [14.319558416026863, 40.82457585555084], [14.319558582258281, 40.824575958990245], [14.319558737579275, 40.824576078187484], [14.319558880501381, 40.82457621200028], [14.319559009654954, 40.82457635914629], [14.3195591238023, 40.82457651821539], [14.319576164783783, 40.824602902449534], [14.31957619193058, 40.824602940329115], [14.319576236338976, 40.82460292619753], [14.319758105089589, 40.824535209542745], [14.319758293790661, 40.82453514973543], [14.319758487479689, 40.824535108875054], [14.319758684259243, 40.8245350873619], [14.319758882201626, 40.824535085406715], [14.319759079367742, 40.824535103028644], [14.3197592738261, 40.82453514005507], [14.31975946367174, 40.82453519612327], [14.319759647044885, 40.82453527068398], [14.319759822149164, 40.82453536300679], [14.319759987269213, 40.82453547218727], [14.319760140787475, 40.82453559715588], [14.319786311195656, 40.82455914726147], [14.319786346948073, 40.82455917649203], [14.319786391551228, 40.82455916452432], [14.319986728981808, 40.82449509769622], [14.31998677470707, 40.824495081843885], [14.320097391308547, 40.824453707478675], [14.320097455737288, 40.82445368078293], [14.32023163658211, 40.82439251584968], [14.3202317784627, 40.82439245763668], [14.320372063659393, 40.82434109028947], [14.320372149310819, 40.824341061106885], [14.320519886119117, 40.824294427615946], [14.320666851455451, 40.82424693235074], [14.320666865482488, 40.82424692770283], [14.32082982342084, 40.82419159145224], [14.320830018617995, 40.82419153603881], [14.320830218425293, 40.82419150068882], [14.320830420786088, 40.82419148576614], [14.320830623617452, 40.82419149142437], [14.320830824831612, 40.82419151760527], [14.320831022357442, 40.82419156403936], [14.32083121416178, 40.82419163024868], [14.320831398270357, 40.82419171555172], [14.320831572788114, 40.824191819070464], [14.320831735918718, 40.824191939739364], [14.320831885983042, 40.824192076316365], [14.320832021436448, 40.824192227395656], [14.320853623188649, 40.824218931173476], [14.32085365574106, 40.82421896750599], [14.320853702771867, 40.824218954551576], [14.320894777225552, 40.82420537986501], [14.320894820929038, 40.824205362970574], [14.320894798985208, 40.824205321571384], [14.320869236129449, 40.82416239320443], [14.320869142035285, 40.824162215419065], [14.320869066275163, 40.82416202908133], [14.320869009615425, 40.82416183607609], [14.3208689726292, 40.82416163835566], [14.320868955690617, 40.824161437920054], [14.320868958971019, 40.82416123679674], [14.320868982437219, 40.82416103702015], [14.32086902585185, 40.82416084061109], [14.320869088775758, 40.824160649556305], [14.320869170572449, 40.82416046578838], [14.32086927041452, 40.824160291166194], [14.320869387292033, 40.824160127456096], [14.320869520022736, 40.82415997631408], [14.320869667264011, 40.824159839268994], [14.320869827526463, 40.8241597177071], [14.320869999188984, 40.82415961285803], [14.320870180515149, 40.82415952578237], [14.320870369670784, 40.82415945736093], [14.3209441489516, 40.824136895686024], [14.3209443354132, 40.82413684834144], [14.320944525560963, 40.82413681913072], [14.320944717635573, 40.82413680832412], [14.320944909859884, 40.82413681602164], [14.320945100455372, 40.82413684215205], [14.320945287658574, 40.82413688647359], [14.320945469737424, 40.82413694857617], [14.320945645007258, 40.82413702788521], [14.320945811846421, 40.824137123666894], [14.320945968711253, 40.82413723503503], [14.320946114150388, 40.8241373609592], [14.320946246818167, 40.824137500274304], [14.320946365487103, 40.82413765169135], [14.320946469059228, 40.82413781380937], [14.320963565328555, 40.824167645589725], [14.32096359139738, 40.824167686203346], [14.32096363741275, 40.824167671655815], [14.321070995844186, 40.82412769657813], [14.321179537963223, 40.82408728085824], [14.32117973266764, 40.82408721947813], [14.321179932614926, 40.82408717826636], [14.32118013572177, 40.82408715765234], [14.32118033987193, 40.824087157850855], [14.321180542938299, 40.82408717885983], [14.321180742805062, 40.824087220460356], [14.32118093738974, 40.824087282219004], [14.321224049883005, 40.8241034307168], [14.321224096710452, 40.824103445627905], [14.321224142101643, 40.82410342679212], [14.321399564498108, 40.82402009944616], [14.321486084585889, 40.823979003262586], [14.321486124763675, 40.82397898165176], [14.321486085775426, 40.82397895796215], [14.321377981538925, 40.82392046821991], [14.321377937843987, 40.82392044725714], [14.321377892319893, 40.82392043063611], [14.321217877166017, 40.823870679520496], [14.321217685607659, 40.82387060905535], [14.321072795188497, 40.82380874513165], [14.321072620051227, 40.82380866004732], [14.321072454017555, 40.823808558335834], [14.32107229866116, 40.82380844096122], [14.321072155454532, 40.82380830903599], [14.321072025754994, 40.82380816381052], [14.321071910791852, 40.82380800666128], [14.32107181165474, 40.82380783907775], [14.321071729283286, 40.8238076626483], [14.32107166445822, 40.82380747904514], [14.321071617793956, 40.8238072900085], [14.321071589732785, 40.82380709733007], [14.321071580540673, 40.82380690283608], [14.321071590304745, 40.823806708369965], [14.321071618932455, 40.8238065157749], [14.321071666152466, 40.8238063268763], [14.321071731517224, 40.823806143464594], [14.321071814407192, 40.823805967278155], [14.321071914036734, 40.823805799986914], [14.321072029461549, 40.823805643176456], [14.32107215958763, 40.82380549833306], [14.321072303181626, 40.82380536682955], [14.321072458882542, 40.823805249912354], [14.321072625214628, 40.82380514868961], [14.32107280060137, 40.82380506412071], [14.321400104438482, 40.82366645171268], [14.321754670315944, 40.823513297782014], [14.321754770260947, 40.82351324780474], [14.321946751747967, 40.82340342063531], [14.322014300166384, 40.82336476678233], [14.322057654445059, 40.823339956872104], [14.322384135401872, 40.82315312756728], [14.32253961622694, 40.82306415627183], [14.322539790942555, 40.82306406736313], [14.322539973523073, 40.82306399598626], [14.322540162214342, 40.823063942826984], [14.322540355203495, 40.82306390839604], [14.322540550636376, 40.82306389302422], [14.322540746635346, 40.82306389685921], [14.32254094131733, 40.82306391986416], [14.322541132811908, 40.823063961818065], [14.322541319279281, 40.82306402231784], [14.322541498927949, 40.82306410078222], [14.322541670031924, 40.82306419645736], [14.322541830947312, 40.82306430842406], [14.322754171249164, 40.82322806734994], [14.32275421180997, 40.82322809547388], [14.322754258877213, 40.82322808061454], [14.32292976655129, 40.823162724991164], [14.322929948314764, 40.82316266701621], [14.322930134775325, 40.82316262662421], [14.32293032423623, 40.82316260418272], [14.322930514973427, 40.823162599895944], [14.322930705251254, 40.8231626138029], [14.322930893338228, 40.82316264577704], [14.322931077522801, 40.823162695527394], [14.322931256128937, 40.82316276260126], [14.322976688321251, 40.82318234480871], [14.323063600864648, 40.823219819990996], [14.323063644700861, 40.823219836456325], [14.323063687732994, 40.82321981799131], [14.32313616457176, 40.82318452773947], [14.323136205937312, 40.82318450496502], [14.323136177828454, 40.823184467021754], [14.32310066007002, 40.823141234581996], [14.323100545511705, 40.82314108063944], [14.323100446233717, 40.82314091642678], [14.323100363149953, 40.82314074345567], [14.323100297025242, 40.82314056331838], [14.323100248468291, 40.823140377673184], [14.323100217926093, 40.82314018822902], [14.3231002056798, 40.82313999672981], [14.32310021184215, 40.8231398049384], [14.323100236356412, 40.82313961462033], [14.32310027899692, 40.82313942752756], [14.323100339371148, 40.82313924538237], [14.323100416923324, 40.82313906986149], [14.323100510939543, 40.82313890258069], [14.32310062055434, 40.823138745079845], [14.323100744758657, 40.823138598808846], [14.323100882409136, 40.823138465114184], [14.323101032238636, 40.823138345226575], [14.323101192867906, 40.82313824024964], [14.323101362818274, 40.823138151149756], [14.32310154052527, 40.82313807874712], [14.32316509250835, 40.823115676581], [14.323165291501532, 40.823115617846675], [14.32316549550883, 40.823115580044174], [14.32316570233472, 40.82311556358033], [14.32316590975334, 40.823115568632325], [14.323166115532452, 40.823115595145794], [14.32316631745746, 40.82311564283539], [14.323166513355247, 40.82311571118789], [14.323200458672757, 40.823129569633416], [14.323200503003726, 40.823129585281244], [14.323200541093296, 40.823129557726176], [14.323341934712996, 40.82301648544787], [14.323341968810313, 40.823016455346824], [14.323341930488823, 40.82301643084851], [14.323151126759756, 40.822907150367755], [14.323151069508736, 40.82290711629925], [14.32299090242687, 40.82280815636471], [14.322990865847784, 40.82280813321345], [14.322920675390979, 40.822762637660105], [14.322920659876678, 40.8227626275017], [14.322821702155093, 40.82269717483398], [14.322719701442534, 40.822629708156946], [14.322719568706821, 40.822629612327496], [14.322573724108423, 40.82251495382095], [14.322573699225954, 40.82251493488109], [14.322495743023602, 40.822457499515664], [14.322495670646719, 40.822457443593166], [14.322350063126336, 40.82233952469115], [14.322350017720833, 40.822339490020234], [14.322177047852996, 40.822215072232055], [14.322176986079688, 40.822215025963914], [14.321927897976817, 40.822020845429996], [14.32192788084765, 40.82202083192587], [14.321745485304874, 40.82187541694078], [14.321625758485599, 40.821779964843586], [14.321541375130355, 40.82171268980205], [14.321463991137739, 40.82165099549449], [14.321463977071705, 40.82165098448439], [14.321284416516717, 40.82151300310942], [14.320869921861366, 40.82119635630444], [14.320615287387334, 40.82100182971662], [14.32061512412972, 40.82100169051567], [14.320614976722455, 40.821001534627726], [14.32061484686182, 40.82100136384667], [14.320614736042193, 40.82100118013776], [14.320597979451565, 40.82096969902194], [14.320597952911903, 40.82096965486117], [14.320597914096583, 40.82096962098049], [14.320334379163658, 40.82076270850303], [14.32033434149317, 40.820762681739616], [14.32033430409367, 40.82076270888045], [14.320260962556901, 40.820821493970115], [14.320260844659117, 40.82082158155682], [14.320155630349376, 40.82089390562689], [14.320155597725545, 40.82089393007338], [14.320155567206411, 40.820893957101475], [14.320091847566939, 40.82095521119038], [14.320091706337776, 40.820955334744276], [14.32009155415075, 40.82095544451837], [14.320091392345532, 40.82095553954633], [14.320044780415458, 40.820980049587135], [14.320044740605649, 40.8209800729445], [14.320044708767991, 40.82098010636247], [14.320012228238863, 40.821017538991164], [14.320012155227365, 40.821017634114206], [14.319987065743623, 40.82105473637198], [14.319987041568618, 40.821054775985544], [14.319987025162966, 40.82105481939659], [14.3199781350597, 40.82108213288402], [14.319978122418652, 40.8210821795992], [14.31997816430447, 40.821082203841314], [14.320026344777359, 40.82110693665687], [14.320026390506092, 40.821106957263446], [14.320026440480182, 40.82110695298126], [14.320075793380072, 40.82110018095996], [14.320075840982263, 40.821100172035905], [14.32007588157376, 40.8211001456173], [14.320115510425039, 40.82107149843647], [14.320115682344232, 40.82107138709973], [14.320115864749031, 40.82107129393016], [14.320116055726373, 40.82107121990494], [14.320147437995885, 40.821060870482185], [14.320147547508848, 40.821060827052776], [14.320232809938323, 40.82102104745168], [14.320232990539768, 40.82102097369018], [14.320233177468323, 40.82102091787482], [14.320233368945477, 40.821020880536636], [14.320233563149435, 40.821020862030885], [14.320283827081308, 40.821018537521], [14.320284015259078, 40.8210185376807], [14.320284202588896, 40.821018555525534], [14.32028438741238, 40.82101859089752], [14.320284568093342, 40.821018643483534], [14.320284743032264, 40.82101871281803], [14.320284910680455, 40.82101879828722], [14.320285069553776, 40.821018899134465], [14.320285218245763, 40.82101901446699], [14.320285355440088, 40.82101914326379], [14.320285479922209, 40.82101928438466], [14.32031060862582, 40.82105062890044], [14.320310720169733, 40.82105078242951], [14.320310816660198, 40.82105094583945], [14.320310897228483, 40.821051117659046], [14.320310961149204, 40.82105129634134], [14.320311007846863, 40.8210514802776], [14.32031103690103, 40.8210516678118], [14.32031104805012, 40.82105185725551], [14.320311041193753, 40.821052046903105], [14.320311016393662, 40.82105223504714], [14.320310973873125, 40.821052419993684], [14.32029803724858, 40.82109854543486], [14.320297980181618, 40.82109871824522], [14.320297907642388, 40.82109888515273], [14.32029782023152, 40.82109904477541], [14.320297718672775, 40.82109919579156], [14.320277251945981, 40.82112682609589], [14.320277184087246, 40.82112691262699], [14.320254686254346, 40.82115403131351], [14.320254603858881, 40.821154124568906], [14.32021401799676, 40.82119727636175], [14.320213953659641, 40.821197351962894], [14.32014265476944, 40.82129009881641], [14.320142528228901, 40.821290247755165], [14.320142387755896, 40.8212903836323], [14.320142234691778, 40.82129050515035], [14.320142070498125, 40.82129061114896], [14.320141896742795, 40.821290700615975], [14.320141715084945, 40.82129077269708], [14.32014152725919, 40.821290826703994], [14.320034604584652, 40.82131598668957], [14.319745057681017, 40.82138411619984], [14.319745011406946, 40.82138412953758], [14.319744997198667, 40.821384175551756], [14.319657327584206, 40.821727576585374], [14.319657268406445, 40.821727767866435], [14.319657190399527, 40.82172795227189], [14.319657094345285, 40.82172812795352], [14.319656981206435, 40.82172829315053], [14.319656852116921, 40.82172844620721], [14.31965670837056, 40.82172858558955], [14.319608340100874, 40.82177100000636], [14.319608318095598, 40.821771019887834], [14.319581910445832, 40.82179559985406], [14.319581802679345, 40.82179569321835], [14.319530549072683, 40.82183699275614], [14.319530439986156, 40.82183707468127], [14.319439012838584, 40.82190097957848], [14.319438933262969, 40.8219010324165], [14.319382563358312, 40.82193655202181], [14.319382484262748, 40.821936599350686], [14.318983643349853, 40.82216294116939], [14.318983599342213, 40.82216296931999], [14.31898357077921, 40.82216301306107], [14.31879814853214, 40.82248271042722], [14.318798142287166, 40.822482721118156], [14.318757719900615, 40.822551432074235], [14.31875760781434, 40.82255160214611], [14.318757479011225, 40.82255175993564], [14.318757334827207, 40.82255190380623], [14.318709898627398, 40.82259464376746], [14.318709863582233, 40.82259467690914], [14.31833263134352, 40.82296906386584], [14.318332596989189, 40.82296910168145], [14.318332580733536, 40.82296915011688], [14.318316750516198, 40.823025886529535], [14.318316739949847, 40.82302593313089], [14.318316772852809, 40.823025967782485], [14.318472326606047, 40.82317445274417], [14.318529952496869, 40.82322945960524], [14.318530093118758, 40.82322960831324], [14.318530217806462, 40.823229770614084], [14.318530325254233, 40.82322994480812], [14.31853041433686, 40.82323012907117], [14.318530484121462, 40.8232303214736], [14.318530533877242, 40.82323052000055], [14.318530563083149, 40.82323072257301], [14.318530571433335, 40.82323092706961], [14.318530558840356, 40.82323113134884], [14.318530525436087, 40.82323133327145], [14.318518848052209, 40.823284772521134], [14.318518836626588, 40.82328483395608], [14.318503235341863, 40.823386261140634], [14.318503192112216, 40.823386468444085], [14.318503127206084, 40.823386670014706], [14.31850304135112, 40.82338686359272], [14.318502935509832, 40.82338704700794], [14.318502810868798, 40.82338721820413], [14.31850266882535, 40.82338737526202], [14.318458299767311, 40.823431495746384], [14.318458228111766, 40.82343157506278], [14.318413283431697, 40.82348701920956], [14.318413255333999, 40.8234870576497], [14.318413291684681, 40.823487088402764], [14.318522912236888, 40.823570800055045], [14.31852306568209, 40.82357092994701], [14.318523205311779, 40.82357107458761], [14.31852332971509, 40.82357123251534], [14.318523437635008, 40.82357140213446], [14.318523527981073, 40.823571581731066], [14.3185235998404, 40.823571769490464], [14.318523652486899, 40.823571963515455], [14.318523685388609, 40.82357216184556], [14.31852369821308, 40.82357236247678], [14.318523690830732, 40.823572563381866], [14.318523663316157, 40.82357276253081], [14.31852361594737, 40.82357295791134], [14.318523549203004, 40.82357314754926], [14.318523463757465, 40.823573329528415], [14.318523360474126, 40.82357350201002], [14.318523240396592, 40.82357366325127], [14.318523104738173, 40.823573811622914], [14.318522954869602, 40.82357394562577], [14.318474086594698, 40.82361340570693], [14.31847405675018, 40.823613429340064], [14.318399844227084, 40.82367105575359], [14.318399699453666, 40.82367115821398], [14.318399546172142, 40.823671247445425], [14.318399385587975, 40.82367132274615], [14.318399218964055, 40.82367138352398], [14.318310513675492, 40.823699349827386], [14.318310316086334, 40.823699401196095], [14.318310114289806, 40.823699432153816], [14.31830991038864, 40.82369944237797], [14.318309706507495, 40.82369943176203], [14.318186525220359, 40.823686688595906], [14.318186479779893, 40.82368668601166], [14.318186441986485, 40.823686711372716], [14.318132447035973, 40.82372668694163], [14.318132381949022, 40.8237267331474], [14.317744198096145, 40.82399081844869], [14.317622898972457, 40.824073338662885], [14.317622796100943, 40.824073418956104], [14.3175754404631, 40.82411563779327], [14.317575339975551, 40.824115741345885], [14.317544358488867, 40.824152668068685], [14.317544240810632, 40.82415279652444], [14.317544112400315, 40.82415291425226], [14.317495704992092, 40.82419355987472], [14.31749557750431, 40.824193658443406], [14.317495442494705, 40.824193746428215], [14.317394006051021, 40.82425417412621], [14.317393814504952, 40.82425427461858], [14.317393613226468, 40.824254353837176], [14.317393404569954, 40.82425441085535], [14.317342757712975, 40.8242653461285], [14.317342713315194, 40.82426535787809], [14.317342672005337, 40.82426537749607], [14.317281814168378, 40.82429776307933], [14.317281657677547, 40.82429783783815], [14.317281495298442, 40.82429789875849], [14.317281328252081, 40.82429794538224], [14.31728115779458, 40.824297977358825], [14.317225336121806, 40.82430596151883], [14.317225280187456, 40.82430597282226], [14.317225225913623, 40.82430599045111], [14.317187779148385, 40.82432057480316], [14.317187634627693, 40.82432062481484], [14.317187486708164, 40.824320663637664], [14.317148514163527, 40.82432931436489], [14.317148465183088, 40.82432932789785], [14.317148419972797, 40.824329351098356], [14.317098789311393, 40.82435811585699], [14.317098597357127, 40.82435821369621], [14.317098395992192, 40.824358290319424], [14.317098187553375, 40.824358344837435], [14.317097974459555, 40.824358376617575], [14.317097759183628, 40.82435838529104], [14.317043495619643, 40.824357646148584], [14.317043443374605, 40.824357648188105], [14.317043392709609, 40.82435766110185], [14.3169447899842, 40.824388401347086], [14.316944746050567, 40.82438841734512], [14.31694470588183, 40.8243884412733], [14.316888652046735, 40.82442550764223], [14.31688853816217, 40.82442557759608], [14.31683224447319, 40.824457616173056], [14.316832204902635, 40.82445764126397], [14.316832189363172, 40.82445768546703], [14.316803422431953, 40.824553957426765], [14.316803411579777, 40.82455400072047], [14.31680340464154, 40.82455404481109], [14.316792975435712, 40.82464734176821], [14.316792941536045, 40.82464754733992], [14.31679288643416, 40.8246477482695], [14.31679281072803, 40.82464794237642], [14.31679271523924, 40.824648127554184], [14.316792601004057, 40.82464830179321], [14.316792469262184, 40.82464846320261], [14.316747424544504, 40.82469812851577], [14.316747350473394, 40.82469822058655], [14.316729106561548, 40.824723867089915], [14.316729082767765, 40.82472389983167], [14.316704191068542, 40.82475743356289], [14.316704097332595, 40.82475755042861], [14.316658704751298, 40.82480999205291], [14.31665866700029, 40.82481003443573], [14.316611462684568, 40.82486153996712], [14.316611451050656, 40.82486155288475], [14.316569555566687, 40.82490889231483], [14.316569545482489, 40.82490890388714], [14.31650133131421, 40.82498840815314], [14.316501316186732, 40.82498842621046], [14.316462624708318, 40.82503573225684], [14.316438146031855, 40.8250661743444], [14.316437985568209, 40.82506635115523], [14.316396914764177, 40.8251065043186], [14.31639680244754, 40.825106606093726], [14.316396682745996, 40.82510669907084], [14.31606466305653, 40.825344984021186], [14.315945644549458, 40.825430401066576], [14.315945454020024, 40.82543052212513], [14.315945251062336, 40.82543062094221], [14.315729443477277, 40.825521008596894], [14.315729344103268, 40.82552104713893], [14.315552405027928, 40.82558430218193], [14.31546336545761, 40.825616133808964], [14.315463304862082, 40.82561615772589], [14.315171102346321, 40.82574264215598], [14.314931106214388, 40.82584652808586], [14.314930899763835, 40.82584660425952], [14.314930686194426, 40.82584665729124], [14.314930468091644, 40.82584668653902], [14.314740127475345, 40.82586161386151], [14.314739902952411, 40.82586161882205], [14.314739679288822, 40.825861598579664], [14.314739459304707, 40.82586155338958], [14.314476351160433, 40.82579190462378], [14.314476302963877, 40.8257918912182], [14.314367025309227, 40.82576001864352], [14.314366829096095, 40.82575995016782], [14.31436664104788, 40.825759861700966], [14.314366463194963, 40.82575975419815], [14.314366297457644, 40.825759628820094], [14.314268734799668, 40.82567751667738], [14.314268578393934, 40.825677370019264], [14.314059192285022, 40.825458791734896], [14.314059049009376, 40.825458624662936], [14.31393542021377, 40.82529728211035], [14.313935287746665, 40.825297086253485], [14.313935179319744, 40.82529687613198], [14.31386252681157, 40.825132971276204], [14.313862458996605, 40.82513279663083], [14.313862407821093, 40.82513261640613], [14.313811191858367, 40.824913698170995], [14.313811155747903, 40.824913498739996], [14.313811140006619, 40.82491329667836], [14.313811144796164, 40.82491309406111], [14.313811170067352, 40.824912892968946], [14.31381121556067, 40.82491269546693], [14.313811280808936, 40.82491250358323], [14.31381136514211, 40.82491231928834], [14.313811467694155, 40.824912144474816], [14.31381158741195, 40.82491198093785], [14.31381172306609, 40.824911830356825], [14.31381187326352, 40.824911694278086], [14.313812036461835, 40.824911574099055], [14.313812210985127, 40.824911471053866], [14.313812395041182, 40.824911386200704], [14.314748069334904, 40.824536267342275], [14.314748111706882, 40.82453624793771], [14.31474811102777, 40.82453620133874], [14.31474137707342, 40.82442900371546], [14.314741371790383, 40.82442895700293], [14.314741326103299, 40.824428968078216], [14.313616302065684, 40.82476188686006], [14.313616248655807, 40.824761906037345], [14.313616197774454, 40.82476193116693], [14.313387473022352, 40.82489160429107], [14.313387433400878, 40.82489162937732], [14.31338744542776, 40.82489167470432], [14.313410209594025, 40.824963222129995], [14.313410225744283, 40.82496326561127], [14.313410270530262, 40.824963277680546], [14.313637800914034, 40.8250131168422], [14.31363788990186, 40.82501313215894], [14.313728946904574, 40.82502459844093], [14.313729133596137, 40.82502463099927], [14.313729316368011, 40.82502468108149], [14.313729493579189, 40.82502474823791], [14.313729663638584, 40.82502483186558], [14.313729825019333, 40.825024931213655], [14.313729976272485, 40.82502504539014], [14.313730116040023, 40.82502517336991], [14.31373024306705, 40.8250253140039], [14.313730356213062, 40.825025466029444], [14.313730454462181, 40.82502562808159], [14.313730536932287, 40.82502579870535], [14.313730602882922, 40.82502597636879], [14.313760427965796, 40.82511971335783], [14.313760477167426, 40.825119898143704], [14.313760508496616, 40.82512008678383], [14.313760521666966, 40.82512027755375], [14.31376051655808, 40.82512046870949], [14.313760493216659, 40.825120658503586], [14.313760451856083, 40.82512084520099], [14.313729429193303, 40.82523477939706], [14.313729370876171, 40.82523495947807], [14.31372929579571, 40.82523513323934], [14.313729204624453, 40.82523529912442], [14.313729098179067, 40.82523545564738], [14.313728977413037, 40.82523560140616], [14.31372884340813, 40.82523573509514], [14.313728697364695, 40.82523585551678], [14.313728540590917, 40.82523596159241], [14.3137283744911, 40.825236052371864], [14.313728200553088, 40.82523612704197], [14.31372802033493, 40.82523618493387], [14.313727835450933, 40.82523622552901], [14.3137276475572, 40.825236248463746], [14.31372745833679, 40.825236253532644], [14.313525162892319, 40.82523209419074], [14.313525116612196, 40.82523209545279], [14.313525098761065, 40.82523213817035], [14.313352474802342, 40.8257079814995], [14.313352400945739, 40.825708158199824], [14.313352310526817, 40.82570832702583], [14.313352204374665, 40.825708486429484], [14.313352083462643, 40.82570863494913], [14.313316062936568, 40.82574878917581], [14.313316033834404, 40.82574882482664], [14.313316023843681, 40.82574886974999], [14.31330910812867, 40.825788619742426], [14.313309102169216, 40.82578866802369], [14.31330912422417, 40.82578871138471], [14.313324976088033, 40.82581639869129], [14.313392404197765, 40.825934168220755], [14.313392426539329, 40.825934203696974], [14.313392454412798, 40.825934234816074], [14.313605731169924, 40.82615323101485], [14.313605859137484, 40.826153375792664], [14.31360597253672, 40.826153532243694], [14.313606070309156, 40.82615369890762], [14.313606151542176, 40.82615387422877], [14.313606215477543, 40.82615405657071], [14.313606261518482, 40.826154244231425], [14.31360628923524, 40.82615443545928], [14.313606298369109, 40.82615462846935], [14.313606288834832, 40.826154821460044], [14.313606260721402, 40.82615501262999], [14.313606214291234, 40.826155200194776], [14.313606149977709, 40.82615538240368], [14.313606068381134, 40.82615555755593], [14.31360597026314, 40.82615572401665], [14.313605856539565, 40.82615588023208], [14.313605728271916, 40.826156024744094], [14.313605586657454, 40.82615615620381], [14.313605433018017, 40.826156273384164], [14.31360526878769, 40.82615637519139], [14.313536416933749, 40.8261945814875], [14.313536233149001, 40.82619467149719], [14.313536041128488, 40.82619474225523], [14.313535842882596, 40.82619479302081], [14.31353564048689, 40.82619482326243], [14.313535436060379, 40.826194832663475], [14.313535231743337, 40.82619482112552], [14.313535029674894, 40.82619478876936], [14.313534831970628, 40.82619473593375], [14.313534640700437, 40.82619466317186], [14.313534457866853, 40.82619457124549], [14.313534285384074, 40.82619446111707], [14.313448864977028, 40.82613355299677], [14.313448700606147, 40.82613342224927], [14.313448550853145, 40.826133274985104], [14.3133835571218, 40.82606227279375], [14.31338347956871, 40.82606219680709], [14.313318256977137, 40.82600489491065], [14.313318151150517, 40.82600481378317], [14.313252759830814, 40.825961290736004], [14.313252737215015, 40.82596127611897], [14.313216858431419, 40.82593876601535], [14.313216705172387, 40.825938659586626], [14.313216562498724, 40.82593853933843], [14.313216431652243, 40.82593840631737], [14.313176214790088, 40.82589351169735], [14.313176177195471, 40.82589347399395], [14.313176135791789, 40.82589344051773], [14.31314012436527, 40.82586737871347], [14.313140084497347, 40.82586735268053], [14.313140038877762, 40.82586733904225], [14.313095813423347, 40.82585639885669], [14.313039504730877, 40.82584268953449], [14.313039458357302, 40.825842680552185], [14.313039411121682, 40.82584268048869], [14.312997435714689, 40.82584461907643], [14.3129973934024, 40.82584462284111], [14.312997352492859, 40.82584463369795], [14.312964510259109, 40.825854853657574], [14.312964467385248, 40.82585486919218], [14.31296443035692, 40.82585489580774], [14.312923790536777, 40.82588703731385], [14.312923563188734, 40.82588719292739], [14.312883009666875, 40.825911024695074], [14.312882975376652, 40.82591104578611], [14.312825792403919, 40.825947824398554], [14.31243107364897, 40.82620166255376], [14.312365037389537, 40.82624415114949], [14.312365034743644, 40.82624415284895], [14.312298459574798, 40.82628684032246], [14.31162327686593, 40.826720757319315], [14.311623258004325, 40.826720769744234], [14.311556737859643, 40.826765674648634], [14.311556721910469, 40.8267656856416], [14.311491303851234, 40.826811715939925], [14.31132927391774, 40.826926849803634], [14.311329253249685, 40.82692686489144], [14.311276128667407, 40.82696669806694], [14.31127611227649, 40.8269667106234], [14.311249207610722, 40.82698776558896], [14.31124900549658, 40.826987904651716], [14.311194368956887, 40.82702075073476], [14.311194199668014, 40.82702084173177], [14.311194022426298, 40.827020916059105], [14.311193838868531, 40.827020973030365], [14.311193650689834, 40.82702101211944], [14.311193459627994, 40.82702103296534], [14.311144438768094, 40.8270240076764], [14.311144390385856, 40.82702401301101], [14.311144347750616, 40.827024036495715], [14.311090461688659, 40.82705727386757], [14.311090403725393, 40.827057308284985], [14.311048265142173, 40.82708137817256], [14.311048191518971, 40.827081424590624], [14.311005964997841, 40.82711069198073], [14.311005924699693, 40.82711072142724], [14.310959667932314, 40.827146326460216], [14.310959633175615, 40.8271463559814], [14.31095966490105, 40.82714638873861], [14.311017750729713, 40.82720085803858], [14.311017861379096, 40.82720094785885], [14.311096227502567, 40.82725577287298], [14.311096270317709, 40.82725579967702], [14.31109632026035, 40.827255807248804], [14.311188486707676, 40.827264994545295], [14.311188670226752, 40.82726502148261], [14.31118885046103, 40.82726506530583], [14.311189025860276, 40.82726512563803], [14.311189194915844, 40.827265201960266], [14.311261806217592, 40.82730212782104], [14.311262014874037, 40.827302250353505], [14.311318164803913, 40.82733996948301], [14.311318325618505, 40.82734008964892], [14.311366267800453, 40.82737981440306], [14.31136641597574, 40.82737995030561], [14.31136654975721, 40.82738010039871], [14.311366667792816, 40.827380263165466], [14.311366768889652, 40.82738043696089], [14.311366852025994, 40.82738062002855], [14.311366916361639, 40.8273808105183], [14.311382453436204, 40.827435788466595], [14.311382495275057, 40.82743596763117], [14.311382520472534, 40.82743614988243], [14.3113825288154, 40.82743633367805], [14.311382520233053, 40.82743651746265], [14.31137503244742, 40.827517080959026], [14.311375000688127, 40.82751729554725], [14.311374945875045, 40.82751750543362], [14.311374868653006, 40.82751770814898], [14.311374769930465, 40.82751790130855], [14.311305360606541, 40.827637254169105], [14.311305248655055, 40.82763742579467], [14.311305119730267, 40.82763758506447], [14.311304975185516, 40.827637730306634], [14.311257098414814, 40.82768114455308], [14.311257061345415, 40.827681179940285], [14.311199013692214, 40.82773950906477], [14.311153607080481, 40.82778515700726], [14.311124258900065, 40.82781489751256], [14.311124147711634, 40.827815001908085], [14.311078267191712, 40.8278548994072], [14.311078120112393, 40.82785501566221], [14.311027149296804, 40.8278915573897], [14.311027113032697, 40.82789158602188], [14.311027079574458, 40.8278916178877], [14.310992668727701, 40.827927575224415], [14.310992525150382, 40.82792771112262], [14.3109923688578, 40.8279278321821], [14.310992201377044, 40.82792793722002], [14.310929166005735, 40.827963255423576], [14.31092906273584, 40.82796332194121], [14.310815456597627, 40.828046806892594], [14.310815453201005, 40.828046809383146], [14.310757874160265, 40.82808893564001], [14.310757787796025, 40.82808899540917], [14.310697193938022, 40.82812861810413], [14.310697084252341, 40.82812868490177], [14.310643062922551, 40.8281592501846], [14.310575408902636, 40.8281975685675], [14.310507370196959, 40.82823662844872], [14.310431167322939, 40.82828051067162], [14.31043111866232, 40.828280540575896], [14.310374155931425, 40.82831782942181], [14.310374107257065, 40.82831786339082], [14.310146504345898, 40.828486967587565], [14.31009665479156, 40.82852401114505], [14.310037181729582, 40.82856829664861], [14.310037172667794, 40.82856830335668], [14.309977862498458, 40.82861194999893], [14.309977745718673, 40.82861202973139], [14.30992540830717, 40.82864511324831], [14.3099252931822, 40.82864518075341], [14.309822301974636, 40.828701039522464], [14.309822229351195, 40.82870108298722], [14.309765674373653, 40.8287382705069], [14.309765599639526, 40.82873832475396], [14.309715912662574, 40.82877802138881], [14.309715889232637, 40.82877804069775], [14.309665308644556, 40.82882103077093], [14.309665290087636, 40.82882104694062], [14.309581689151784, 40.828895722984676], [14.30958167949099, 40.8288957315582], [14.309532907979195, 40.828938733367714], [14.309532894215582, 40.82893874539176], [14.309505490609519, 40.828962465590486], [14.309505343440373, 40.82896258138342], [14.309505186086444, 40.828962682904375], [14.309505019927206, 40.828962769263335], [14.309504846419326, 40.82896283970322], [14.309504667083893, 40.828962893606516], [14.309504483493084, 40.82896293050065], [14.309504297256385, 40.82896295006219], [14.309504110006474, 40.82896295211966], [14.309503923384913, 40.828962936655], [14.309503739027758, 40.828962903803806], [14.309439563624089, 40.828948338855625], [14.309439373395026, 40.82894828568041], [14.309439189338894, 40.82894821400029], [14.309439013250918, 40.828948124514405], [14.3094388468486, 40.828948018095566], [14.309438691754975, 40.82894789578176], [14.309438549482776, 40.82894775876599], [14.309438421419681, 40.82894760838467], [14.309438308814775, 40.82894744610456], [14.309438212766368, 40.82894727350848], [14.309438134211286, 40.828947092279904], [14.309419446425293, 40.82889738554981], [14.309419426520886, 40.82889733979993], [14.309419384021762, 40.82889731366443], [14.309325867392495, 40.82884615305773], [14.309325826039677, 40.82884613285553], [14.309325783000473, 40.82884611655192], [14.309251603335548, 40.82882186781287], [14.309251555882001, 40.8288218548872], [14.309251509420195, 40.828821871017915], [14.309019367151784, 40.82891571604021], [14.30901916325854, 40.828915785937696], [14.309018953027401, 40.828915833487486], [14.308871141169801, 40.828940981934394], [14.308870958227995, 40.82894100444413], [14.308870773990797, 40.82894101001614], [14.308870590023044, 40.82894099860309], [14.308870407887282, 40.828940970301915], [14.308870229130498, 40.828940925353], [14.308777961665859, 40.82891314596708], [14.308777917255982, 40.828913134804054], [14.308777871910022, 40.82891314043665], [14.3086877560725, 40.8289285505304], [14.308687706829561, 40.82892856157974], [14.308687673035237, 40.828928599061655], [14.308646254819728, 40.828979572439096], [14.308646225865647, 40.82897961195099], [14.308646229137834, 40.82897966082656], [14.30865626222785, 40.82906517268803], [14.30865627232218, 40.82906522976652], [14.30865628898208, 40.82906528528501], [14.308673763244174, 40.82911318999358], [14.308673782455921, 40.829113235456354], [14.308673821126423, 40.82911326612464], [14.30871537247476, 40.82914295832721], [14.308768092281737, 40.829180630601584], [14.308968409851163, 40.82932378445272], [14.308968563209442, 40.82932390579924], [14.308968703983519, 40.829324041543124], [14.308968830827459, 40.829324190386515], [14.308968942528516, 40.82932435090635], [14.308969038018727, 40.829324521567884], [14.308969116385112, 40.82932470073945], [14.308969176878419, 40.829324886708], [14.308969218920273, 40.82932507769549], [14.308969242108715, 40.82932527187592], [14.308969246222041, 40.82932546739273], [14.308969231220926, 40.82932566237659], [14.308969197248793, 40.82932585496329], [14.308969144630447, 40.829326043311504], [14.308969073868969, 40.82932622562046], [14.308968985640906, 40.8293264001471], [14.3089688807898, 40.82932656522281], [14.308968760318125, 40.82932671926928], [14.308968625377704, 40.82932686081371], [14.308968477258691, 40.82932698850278], [14.308915171437862, 40.82936857770711], [14.308915152713826, 40.82936859268013], [14.308869273493364, 40.82940619135288], [14.308869115844127, 40.8294063081092], [14.308868947514632, 40.829406408858894], [14.308868770124432, 40.82940649263262], [14.308868585380257, 40.82940655862436], [14.30886839505959, 40.829406606199186], [14.308868200993572, 40.829406634899364], [14.308868005049373, 40.82940664444877], [14.30886780911224, 40.82940663475551], [14.308867615067344, 40.82940660591285], [14.30886742478166, 40.8294065581983], [14.308867240085986, 40.82940649207094], [14.308867062757342, 40.82940640816699], [14.308866894501865, 40.82940630729373], [14.30868110925888, 40.82928214673439], [14.308681013042053, 40.829282089945245], [14.30861958581535, 40.829250323745754], [14.308619432059048, 40.829250235381515], [14.30861928673471, 40.82925013374453], [14.308532044858339, 40.82918316839918], [14.308532005256584, 40.829183140937864], [14.30853196318834, 40.82918311742849], [14.308448606306747, 40.82914168827283], [14.30844839765098, 40.829141568403045], [14.308448204901927, 40.829141424341266], [14.306523984873369, 40.827513973082674], [14.3065239466142, 40.82751394389473], [14.306523911650098, 40.827513976958414], [14.30642881158156, 40.827613435685485], [14.306428780209208, 40.8276134719967], [14.306428814656083, 40.827613505405495], [14.30807896287998, 40.82905980327573], [14.308079105155219, 40.82905994101084], [14.30807923311242, 40.829060092140445], [14.308079345497179, 40.82906025518298], [14.308079441207756, 40.829060428540096], [14.308079519305872, 40.82906061051231], [14.308079579025907, 40.829060799315705], [14.308079619782406, 40.829060993099375], [14.308079641175823, 40.8290611899636], [14.30807964299643, 40.82906138797847], [14.308079625226382, 40.82906158520278], [14.308079588039883, 40.82906177970308], [14.308050384234917, 40.82918193034597], [14.308050375040333, 40.8291819788381], [14.308050414773803, 40.82918200811758], [14.30826715239126, 40.82932525368942], [14.308267382641905, 40.82932543119496], [14.308417902245855, 40.82945999956421], [14.308418040956488, 40.82946013629679], [14.308418165709252, 40.82946028587347], [14.308418275320976, 40.82946044687567], [14.308418368752092, 40.82946061777641], [14.308418445116489, 40.82946079695486], [14.308418503689916, 40.82946098271167], [14.30841854391686, 40.8294611732851], [14.308418565415803, 40.82946136686772], [14.308418567982844, 40.82946156162359], [14.308418551593642, 40.829461755705616], [14.308418516403629, 40.829461947273096], [14.308418462746554, 40.82946213450919], [14.30841037109451, 40.829485928126324], [14.308410356107938, 40.82948597612119], [14.308399390077653, 40.82952447175378], [14.30839937690933, 40.829524516033054], [14.308383983752734, 40.82957417025279], [14.308383910013049, 40.82957436988032], [14.30838381547939, 40.82957456054253], [14.308383701222079, 40.82957474008071], [14.308383568534758, 40.8295749064621], [14.308346132147088, 40.82961703991043], [14.308346102016378, 40.829617077322524], [14.30834608386689, 40.829617121798535], [14.308317293137588, 40.829698766447706], [14.308317229081249, 40.82969892590078], [14.308317151573895, 40.82969907926671], [14.308275274769974, 40.82977378510548], [14.30827517175844, 40.82977394961072], [14.308275053285886, 40.82977410335598], [14.308274920468127, 40.82977424489323], [14.308229553490996, 40.82981811504194], [14.308229492657663, 40.8298181793184], [14.308194396507703, 40.829858715193744], [14.308194360013184, 40.82985876287856], [14.3081943295267, 40.829858814611214], [14.308157944458001, 40.82993006171806], [14.30815783796392, 40.829930245457454], [14.308157712587334, 40.82993041686885], [14.308157569741901, 40.82993057401953], [14.308112683551682, 40.829974971922084], [14.308112637454059, 40.8299750206859], [14.30807715012379, 40.83001517871603], [14.308077142990783, 40.83001518674431], [14.308035857287898, 40.83006140377688], [14.308035847307085, 40.830061414866314], [14.308010333987292, 40.830089550314035], [14.308010328624974, 40.83008955620385], [14.307967570405395, 40.8301363331622], [14.307967552118166, 40.83013635289993], [14.307910971334488, 40.83019660346779], [14.307868505861242, 40.83024215140065], [14.307777606630118, 40.830340302806036], [14.30777749151352, 40.830340417399704], [14.307777367477517, 40.83034052227396], [14.307725708460776, 40.83038071995395], [14.307725480893632, 40.83038087318925], [14.307527294832074, 40.8304953974851], [14.30752728164593, 40.83049540524001], [14.307469103779814, 40.8305302218444], [14.307269116274805, 40.83065026166237], [14.307269098963717, 40.830650272293795], [14.30721128258254, 40.830686593538886], [14.307211260482951, 40.83068660783125], [14.306902372240417, 40.830892188677815], [14.306902331795682, 40.83089221489815], [14.306844232550809, 40.83092889393593], [14.306844184774622, 40.830928923170326], [14.30678667786684, 40.83096301435725], [14.306662415173424, 40.83103664638089], [14.306662391878318, 40.831036660617634], [14.30660505832701, 40.83107278401442], [14.30660503702108, 40.83107279781927], [14.306577693418088, 40.83109101165965], [14.306577674248262, 40.83109102475264], [14.3065219579855, 40.83113003500389], [14.306521933332714, 40.83113005282971], [14.306384634585156, 40.831232546515416], [14.30638447083849, 40.83123265660635], [14.306384297040674, 40.83123275002639], [14.306384114883327, 40.83123282586626], [14.305916266653933, 40.83140104554721], [14.305916236950019, 40.83140105596432], [14.305858910848773, 40.83142065490905], [14.305858896391447, 40.83142065997581], [14.305643552531926, 40.831497987139066], [14.305643424202987, 40.83149802839375], [14.305326513621896, 40.831588243937375], [14.305109626970353, 40.83164998526092], [14.30510953176717, 40.83165000984941], [14.304731951914368, 40.83173768762053], [14.30455913521766, 40.831777816760344], [14.304558928620486, 40.83177785343384], [14.304558719318054, 40.83177786826053], [14.304558509614123, 40.831777861077214], [14.304313394103245, 40.831756550718005], [14.304313213135698, 40.83175652662076], [14.30431303511947, 40.83175648612196], [14.304312861537875, 40.83175642955908], [14.304247648772545, 40.83173183380461], [14.304120669067194, 40.831683942450525], [14.304120478998115, 40.83168385926297], [14.304120298569867, 40.83168375683214], [14.30412012972415, 40.83168363626039], [14.304119974278017, 40.83168349884523], [14.303602394055961, 40.83117576029248], [14.303602288655629, 40.83117564863998], [14.303445254013935, 40.830995954359096], [14.30344521952481, 40.83099591867688], [14.30344517383322, 40.83099589931185], [14.303001388135067, 40.83083356285725], [14.303001338377845, 40.830833547567586], [14.303001286332282, 40.83083354846231], [14.302781569333364, 40.830848896932785], [14.302781525362796, 40.83084890197281], [14.302781483144956, 40.83084891466342], [14.301902874646803, 40.83115579769324], [14.30190283189828, 40.83115581497829], [14.301902843738954, 40.83115585954287], [14.301930154230696, 40.83124173639153], [14.301930170554781, 40.83124178023091], [14.301930217280955, 40.83124177798814], [14.302133956351897, 40.83122205354435], [14.30213399906465, 40.83122204753566], [14.3021340399479, 40.8312220343008], [14.302436488270185, 40.83110957118581], [14.302436553519481, 40.831109548199855], [14.302759752065807, 40.831001938367805], [14.302759800950204, 40.83100191915693], [14.302759841369499, 40.83100188561578], [14.302808756632514, 40.83095670724743], [14.302808911708388, 40.83095657789677], [14.302809079037695, 40.83095646484359], [14.302809256914514, 40.83095636924047], [14.302809443525383, 40.83095629206208], [14.302809636967798, 40.830956234095275], [14.302809835269608, 40.83095619593101], [14.302810036409122, 40.83095617795837], [14.302898273684669, 40.83095276936011], [14.302898300999496, 40.83095276849179], [14.302996612810974, 40.830950315467355], [14.302996793454632, 40.83095031912395], [14.30299697303114, 40.830950339068366], [14.302997150074907, 40.830950375137846], [14.302997323141009, 40.830950427038], [14.303156029569411, 40.83100594991988], [14.303156221435609, 40.83100602842607], [14.303156404144628, 40.83100612637132], [14.303156575733455, 40.831006242703324], [14.30315673435854, 40.831006376172205], [14.303467116190903, 40.83129630245267], [14.303467237832058, 40.83129642639425], [14.303769571395827, 40.83163249633968], [14.303769693599095, 40.83163264615072], [14.303769800766759, 40.83163280706088], [14.303769891897415, 40.831632977566564], [14.303769966139521, 40.83163315607454], [14.303770022799336, 40.831633340916774], [14.303770061347418, 40.83163353036606], [14.303770081423563, 40.831633722652136], [14.303770082840177, 40.83163391597823], [14.303770065584024, 40.83163410853786], [14.303770029816345, 40.831634298531704], [14.303769975871365, 40.831634484184406], [14.303769904253159, 40.831634663761186], [14.303769815630945, 40.831634835584026], [14.30376971083283, 40.831634998047384], [14.303769590838074, 40.83163514963315], [14.30376945676794, 40.83163528892488], [14.303769309875209, 40.83163541462099], [14.303769151532482, 40.83163552554694], [14.30363155844249, 40.831722315363436], [14.303631524049578, 40.831722339128326], [14.303631494217747, 40.83172236820505], [14.303558182600582, 40.83180002833306], [14.303558042329843, 40.83180016313988], [14.30355788962509, 40.8318002836804], [14.30355772593124, 40.83180038881404], [14.303557552797198, 40.83180047754601], [14.303428695860086, 40.83185878748009], [14.303428611935743, 40.83185883033324], [14.303296072357764, 40.831934588036546], [14.303296048951719, 40.83193460184038], [14.303225688745513, 40.831977396184044], [14.303225647902496, 40.83197742390856], [14.303225621053503, 40.83197746533239], [14.303191642653049, 40.83203610657408], [14.303191535713365, 40.83203627181628], [14.303191413049142, 40.83203642574668], [14.303191275848418, 40.83203656687443], [14.303191125440016, 40.83203669383266], [14.30308484829982, 40.83211779286251], [14.302961618770867, 40.83221345571246], [14.302961451467628, 40.83221357242022], [14.3029612731466, 40.83221367147923], [14.302795894729737, 40.832294794791586], [14.302795835148336, 40.83229482655786], [14.302691743973464, 40.83235492335241], [14.302691625734491, 40.8323550034039], [14.302601513838844, 40.83242591084495], [14.302601497537049, 40.83242592395091], [14.302358609335672, 40.83262541384987], [14.302358463909401, 40.83262552262239], [14.30235830921604, 40.83262561775508], [14.302358146531041, 40.83262569846353], [14.302163111516036, 40.8327116538646], [14.302162854981887, 40.83271174659513], [14.30203078402858, 40.832749525824006], [14.301837948398218, 40.832805414166685], [14.301837786017668, 40.83280545395326], [14.301837620881514, 40.832805480039006], [14.30151283841533, 40.83284295024214], [14.30151268640467, 40.83284296193012], [14.301444013437724, 40.83284561500023], [14.301334835021253, 40.83284983287867], [14.301334784882364, 40.832849837387805], [14.301334743347294, 40.83284986583215], [14.30128211546768, 40.83289000248755], [14.301282076844421, 40.83289003522359], [14.301282064353243, 40.83289008428855], [14.301260121784026, 40.83299959331702], [14.301260076414957, 40.83299977508129], [14.301260014237672, 40.83299995180307], [14.301259935797722, 40.833000121931775], [14.301259841783352, 40.83300028397467], [14.301259733019458, 40.83300043650997], [14.301259610460352, 40.833000578199304], [14.301259475181384, 40.83300070779947], [14.301259328369513, 40.83300082417334], [14.301259171312886, 40.83300092629982], [14.30120743446957, 40.83303121898116], [14.30120738518548, 40.83303124690812], [14.301096291620029, 40.83309213626381], [14.301096223304603, 40.833092177330926], [14.301040219145973, 40.83312896064526], [14.301040131918803, 40.83312902496731], [14.300971398816834, 40.833185712389735], [14.300890574597199, 40.83325239829146], [14.300840177915505, 40.83329416012662], [14.300615846461769, 40.833481069137626], [14.300615670679354, 40.833481199971565], [14.300560475263724, 40.83351776042039], [14.300560295398814, 40.833517866485025], [14.300337500851635, 40.833634019630004], [14.299926641301104, 40.833848215508674], [14.299926429598798, 40.833848310687], [14.29979633611885, 40.833897940035506], [14.299796131345204, 40.83389800577812], [14.29979592069617, 40.833898049152324], [14.299795706607604, 40.833898069656556], [14.299795491555141, 40.83389806705372], [14.299795278025554, 40.8338980413739], [14.2997032686185, 40.83388191734769], [14.29970307709364, 40.833881873997086], [14.299702890743196, 40.83388181207327], [14.299702711363635, 40.83388173217322], [14.299702540684219, 40.83388163506717], [14.299702380350345, 40.83388152169127], [14.299702231907675, 40.833881393138476], [14.299702096787232, 40.833881250648076], [14.299701976291615, 40.833881095593725], [14.299701871582434, 40.83388092947017], [14.299701783669109, 40.8338807538789], [14.29970171339915, 40.833880570512655], [14.299701661449978, 40.83388038113914], [14.299701628322396, 40.83388018758395], [14.299692183752688, 40.83380212277736], [14.299692177056706, 40.83380208180948], [14.29969216697818, 40.833802041540004], [14.299665452901893, 40.83371148191775], [14.299665407330924, 40.83371129459336], [14.299665380007616, 40.83371110375159], [14.299665371185855, 40.83371091116572], [14.299665380947609, 40.833710718625206], [14.299665409202175, 40.83371052791909], [14.299665455687016, 40.83371034081938], [14.299665519970208, 40.83371015906456], [14.299665601454443, 40.833709984343464], [14.299665699382588, 40.83370981827956], [14.299665812844715, 40.83370966241587], [14.299665940786557, 40.83370951820066], [14.299666082019309, 40.833709386973936], [14.299666235230664, 40.83370926995504], [14.299666398997015, 40.83370916823127], [14.299716027995256, 40.83368156322876], [14.299716043840148, 40.83368155450897], [14.29986800226405, 40.83359882142585], [14.299868048482661, 40.83359879703968], [14.29992971558845, 40.83356728278357], [14.299929774777864, 40.83356725375566], [14.300377016681924, 40.83335698740348], [14.30037721218615, 40.83335690779852], [14.3006660163543, 40.833256730925314], [14.300666059473748, 40.83325671367432], [14.300666098640622, 40.833256688717086], [14.30072392354239, 40.83321592724341], [14.300723976055151, 40.83321588757632], [14.301764354435605, 40.83237482208381], [14.301764389227085, 40.83237479099248], [14.30176435450059, 40.83237475982865], [14.300806113059096, 40.83159678373855], [14.300806073934261, 40.8315967551119], [14.30080603324778, 40.831596781471895], [14.299706893547448, 40.83239005628589], [14.299706731245724, 40.83239016186467], [14.299706559495457, 40.83239025125469], [14.299706379906318, 40.83239032361816], [14.299706194161455, 40.83239037827687], [14.2997060040017, 40.83239041471856], [14.299705811209265, 40.83239043260169], [14.299705617591036, 40.83239043175866], [14.299705424961637, 40.83239041219736], [14.299705235126428, 40.83239037410113], [14.299705049864578, 40.832390317827006], [14.299704870912395, 40.83239024390241], [14.299704699947052, 40.83239015302018], [14.299704538570868, 40.83239004603206], [14.299182674703523, 40.83200644916478], [14.299182497797734, 40.83200630277017], [14.298497569126035, 40.83136983538155], [14.298497433688672, 40.831369696703526], [14.298497312312488, 40.83136954556552], [14.298497206137656, 40.83136938338728], [14.298497116161554, 40.83136921169228], [14.298497043229391, 40.831369032093356], [14.298496988026272, 40.83136884627761], [14.298496951070758, 40.83136865599055], [14.298496932710002, 40.831368463019686], [14.298496933116475, 40.831368269177716], [14.298496952286364, 40.83136807628554], [14.298496990039588, 40.83136788615514], [14.298497046021506, 40.83136770057255], [14.298497119706239, 40.831367521281074], [14.298497210401614, 40.83136734996492], [14.298497317255663, 40.83136718823339], [14.29849743926463, 40.83136703760575], [14.298497575282397, 40.83136689949695], [14.298497724031252, 40.831366775204344], [14.299824288670925, 40.83036335606933], [14.299824323742074, 40.830363326758615], [14.299824288686857, 40.830363297428896], [14.298999410811476, 40.82973865262673], [14.29899937094307, 40.82973862546101], [14.298999331181248, 40.82973865278263], [14.298435869580727, 40.830168818940145], [14.298435724300708, 40.83016892000111], [14.298435570655654, 40.830169007823656], [14.298435409848594, 40.83016908172015], [14.298435243138629, 40.83016914111199], [14.297012805780545, 40.83060600867247], [14.29701276147253, 40.83060602461188], [14.297012720957293, 40.83060604860727], [14.294152367084735, 40.83248845707111], [14.294152324909971, 40.83248848813146], [14.294152290173178, 40.832488527333616], [14.293109891639363, 40.83379794336641], [14.293109863409997, 40.833797982752145], [14.293109894269959, 40.83379802011247], [14.293551212807015, 40.83428049874718], [14.293551220145881, 40.83428050681457], [14.293690627818892, 40.83443459533632], [14.293690752439193, 40.834434747494626], [14.293690861511896, 40.83443491115744], [14.2936909539822, 40.83443508474204], [14.293691028955866, 40.834435266569756], [14.29369108570785, 40.83443545488222], [14.293691123689333, 40.83443564785832], [14.293691142533007, 40.83443584363188], [14.293691142056641, 40.83443604030965], [14.293691122264846, 40.83443623598963], [14.29369108334902, 40.83443642877948], [14.293691025685497, 40.83443661681482], [14.293690949831923, 40.83443679827723], [14.293690856521845, 40.834436971411854], [14.293690746657628, 40.834437134544395], [14.293690621301721, 40.83443728609724], [14.293690481666394, 40.83443742460481], [14.293690329102, 40.834437548727635], [14.293638709735035, 40.83447548447184], [14.293596720083936, 40.83450664873877], [14.29359668416872, 40.83450667822275], [14.293596713427046, 40.834506714322536], [14.293765585499866, 40.834695418327264], [14.293765617893735, 40.83469545122563], [14.293765661246027, 40.83469543534338], [14.293881771326912, 40.83464650248531], [14.293881959935863, 40.83464643392495], [14.293882154466113, 40.834646384611254], [14.293882352959045, 40.83464635504073], [14.293882553416138, 40.83464634551112], [14.293882753819096, 40.83464635611837], [14.29388295215017, 40.83464638675567], [14.29388314641247, 40.834646437114564], [14.293883334650076, 40.834646506688], [14.29388351496772, 40.8346465947755], [14.29388368554988, 40.83464670049015], [14.293883844679058, 40.83464682276755], [14.293883990753066, 40.834646960376574], [14.294112876109262, 40.83488536156412], [14.294113005714362, 40.834885510643645], [14.294113119980633, 40.83488567178149], [14.294113217793347, 40.83488584340567], [14.294113298198289, 40.8348860238419], [14.29411336041106, 40.834886211329916], [14.294113403824744, 40.83488640404068], [14.294113428015816, 40.834886600094194], [14.29411343274828, 40.83488679757784], [14.294113417975964, 40.83488699456506], [14.294113383842985, 40.834887189134136], [14.294113330682327, 40.83488737938695], [14.294113259012601, 40.83488756346746], [14.294113169532984, 40.834887739579884], [14.2941130631164, 40.83488790600614], [14.294112940801, 40.83488806112264], [14.294112803780038, 40.83488820341615], [14.294067189684363, 40.83493111395384], [14.294067134995696, 40.83493116957995], [14.294032766981319, 40.83496897006537], [14.294032737421718, 40.83496900591911], [14.294032766121358, 40.83496904246474], [14.2941726496756, 40.8351304374025], [14.294172681561086, 40.83513047082785], [14.294172725172826, 40.83513045559777], [14.294293949715641, 40.83508151812722], [14.294294134683826, 40.835081453796604], [14.294294325056846, 40.835081407864365], [14.29429451900942, 40.83508138077089], [14.294294714681948, 40.83508137277595], [14.294294910198339, 40.835081383956215], [14.294295103683998, 40.83508141420447], [14.294295293283803, 40.8350814632307], [14.294295477179883, 40.83508153056486], [14.294295653609064, 40.83508161556134], [14.294295820879752, 40.83508171740521], [14.294295977388174, 40.83508183512], [14.294296121633742, 40.83508196757706], [14.294519760253936, 40.835308487601175], [14.294519891875813, 40.83530863479294], [14.294520008341813, 40.835308794246394], [14.29452010851669, 40.83530896440729], [14.294520191423993, 40.835309143616975], [14.294520256255591, 40.83530933012863], [14.294520302379542, 40.83530952212425], [14.294520329346255, 40.83530971773235], [14.294520336892875, 40.835309915046274], [14.29452032494584, 40.8353101121427], [14.294520293621606, 40.83531030710046], [14.294520243225499, 40.8353104980192], [14.294520174248756, 40.83531068303797], [14.294520087363724, 40.83531086035329], [14.294519983417304, 40.83531102823681], [14.29451986342271, 40.83531118505209], [14.294519728549583, 40.83531132927058], [14.294519580112587, 40.835311459486526], [14.294519419558602, 40.835311574430655], [14.294464908163732, 40.835346664484426], [14.294464905082625, 40.835346666463806], [14.294397203486488, 40.83539007218076], [14.294397166095383, 40.83539009879566], [14.294397195530456, 40.83539013400951], [14.294569430936425, 40.835576980041246], [14.294569463626363, 40.8355770122937], [14.294569506620844, 40.83557699615912], [14.294701159071773, 40.835520336773335], [14.294701344153978, 40.83552026773968], [14.294701535143469, 40.83552021730078], [14.29470173017709, 40.83552018594868], [14.294701927352241, 40.835520173989224], [14.29470212474542, 40.83552018153909], [14.294702320431009, 40.83552020852461], [14.29470251250004, 40.83552025468256], [14.294702699078828, 40.83552031956263], [14.294702878347248, 40.83552040253191], [14.29470304855649, 40.835520502781016], [14.294703208046116, 40.83552061933198], [14.294703355260259, 40.835520751047824], [14.29495210116281, 40.835766479696574], [14.295041797536825, 40.83585385300804], [14.295041804335218, 40.835853859661945], [14.295130567394821, 40.83594115046396], [14.295130708890298, 40.83594130500693], [14.295198514278114, 40.83602363657304], [14.29519851852596, 40.83602364174854], [14.29530013002403, 40.836147866968325], [14.295300244213195, 40.83614802109948], [14.295300343111307, 40.836148185461106], [14.295300425808614, 40.836148358541244], [14.295300491544392, 40.83614853874776], [14.295300539713942, 40.83614872442294], [14.295300569874161, 40.83614891385879], [14.295300581747606, 40.83614910531271], [14.295300575225054, 40.83614929702352], [14.295300550366507, 40.83614948722771], [14.295300507400635, 40.836149674175594], [14.295300446722676, 40.83614985614747], [14.295300368890802, 40.8361500314694], [14.29530027462098, 40.836150198528614], [14.295300164780386, 40.83615035578835], [14.295300040379434, 40.83615050180199], [14.295299902562475, 40.83615063522637], [14.295299752597272, 40.83615075483414], [14.29529959186334, 40.83615085952503], [14.295244241243951, 40.83618324104765], [14.295244163013843, 40.836183284494936], [14.29460519141028, 40.83651967652672], [14.29460518428532, 40.836519680259435], [14.29454408038001, 40.83655153573532], [14.29434042630468, 40.83665792177393], [14.294279446884753, 40.836689776080085], [14.29371693551896, 40.83698370951183], [14.29365641143673, 40.837015831710076], [14.293117261135855, 40.83730615924243], [14.29305710611309, 40.837338684224825], [14.292808409950357, 40.837473868808665], [14.292748345088995, 40.83750679558418], [14.292507260979896, 40.83763954011259], [14.292466069442016, 40.83766220765379], [14.292466033072744, 40.8376622271814], [14.29240597909565, 40.83769367765524], [14.292405927703737, 40.83769370363356], [14.292340132334937, 40.837725782050335], [14.292339957573956, 40.83772585718994], [14.292339776464686, 40.8377259153861], [14.292339590645593, 40.837725956112315], [14.29233940179775, 40.837725979000155], [14.292339211629637, 40.83772598384254], [14.29233902186167, 40.83772597059567], [14.292338834210652, 40.83772593937939], [14.292338650374232, 40.83772589047611], [14.292338472015548, 40.83772582432824], [14.292338300748183, 40.837725741534214], [14.292338138121565, 40.83772564284306], [14.292337985606952, 40.837725529147626], [14.292337844584118, 40.83772540147648], [14.292337716328873, 40.837725260984655], [14.292337602001526, 40.837725108943154], [14.292278778511712, 40.83763860284615], [14.292234489939885, 40.83757346753008], [14.292234465787269, 40.837573433554155], [14.292217076084476, 40.83755002041221], [14.291946843828775, 40.837186150664174], [14.291632403735736, 40.836762750234435], [14.291632398234615, 40.83676274279114], [14.291613249261845, 40.83673670742684], [14.291298130577665, 40.83631263336316], [14.291298106354372, 40.836312600053404], [14.291275760249574, 40.836281196887], [14.29096924173052, 40.835850439117706], [14.290861869155867, 40.835699542294186], [14.29077950159525, 40.83558378893686], [14.290779466604825, 40.835583742666685], [14.290612911237956, 40.835376291420495], [14.290474848655418, 40.83520512085421], [14.290474817482139, 40.83520508583813], [14.29047477471174, 40.83520510503694], [14.290253028245704, 40.83531790892444], [14.290252989760011, 40.83531792798502], [14.290191382692072, 40.83534762034696], [14.29019134652849, 40.83534763733347], [14.290128805345772, 40.83537625474596], [14.290128764094463, 40.83537627613452], [14.290128789566927, 40.83537631499703], [14.290397484685775, 40.83574530736236], [14.290494160414813, 40.835878065842195], [14.290494269550376, 40.83587823257562], [14.29049436155192, 40.8358784093419], [14.290494435506085, 40.83587859438618], [14.29049449067868, 40.8358787858714], [14.290494526521975, 40.835878981896556], [14.290494542680126, 40.83587918051558], [14.29049453899272, 40.83587937975666], [14.290494515496366, 40.83587957764179], [14.290494472424328, 40.83587977220645], [14.290494410204209, 40.83587996151905], [14.29049432945371, 40.835880143700166], [14.290494230974494, 40.83588031694118], [14.290494115744226, 40.8358804795222], [14.290493984906872, 40.83588062982919], [14.290493839761341, 40.835880766369954], [14.290493681748588, 40.83588088778895], [14.290493512437306, 40.83588099288079], [14.290437071553951, 40.83591224299543], [14.29043694497482, 40.8359123073187], [14.289917667278097, 40.836153391377046], [14.289917445120185, 40.83615347880749], [14.28970625492709, 40.836222344828485], [14.28970606305817, 40.836222396998075], [14.289705866957291, 40.8362224298583], [14.289705668562686, 40.83622244308438], [14.289705469835253, 40.83622243654559], [14.28970527273918, 40.836222410306554], [14.289705079222536, 40.836222364626614], [14.289704891198005, 40.83622229995727], [14.289704710523992, 40.83622221693769], [14.289704538986248, 40.83622211638845], [14.289704378280227, 40.83622199930333], [14.289704229994319, 40.83622186683961], [14.289704095594159, 40.836221720306526], [14.289703976408134, 40.836221561152385], [14.289445751842965, 40.83583842788652], [14.289445722757549, 40.835838389109064], [14.289445677841568, 40.83583840733543], [14.289181313600514, 40.83596156781624], [14.289181272925877, 40.83596158922752], [14.289181297542711, 40.83596162804617], [14.289861405235689, 40.83692703984503], [14.290297112617592, 40.83754550744181], [14.290297125817954, 40.83754552573727], [14.290676644836221, 40.83805921899763], [14.290732951563891, 40.838134120826396], [14.290858388015732, 40.83830098824443], [14.290858496391271, 40.838301147909036], [14.290858588874917, 40.83830131727497], [14.290858664605693, 40.83830149476552], [14.29085872287858, 40.83830167872833], [14.290858763151089, 40.838301867450795], [14.290858785048302, 40.83830205917601], [14.290858788366366, 40.8383022521191], [14.29085877307439, 40.83830244448386], [14.29085873931474, 40.83830263447946], [14.290858687401695, 40.83830282033715], [14.290858617818543, 40.838303000326675], [14.29085853121307, 40.83830317277243], [14.29085842839153, 40.83830333606902], [14.290858310311142, 40.83830348869623], [14.290858178071177, 40.83830362923319], [14.290858032902722, 40.83830375637156], [14.290857876157226, 40.83830386892774], [14.290857709293913, 40.838303965853896], [14.290800401452836, 40.83833365352481], [14.290800196943477, 40.83833374532031], [14.290389556867755, 40.838491051724645], [14.290389531122942, 40.83849106199828], [14.290097197288047, 40.838612443456945], [14.290097033057599, 40.838612503375025], [14.290096864222132, 40.838612548722594], [14.290096692071627, 40.838612579153164], [14.290047775678367, 40.83861903611026], [14.290047731085615, 40.838619044193514], [14.290047746173844, 40.83861908692752], [14.290059587119472, 40.838648100044274], [14.290059605194577, 40.838648139364594], [14.290059629707741, 40.83864817483064], [14.29007855768775, 40.8386731853139], [14.290309062768573, 40.8389777431687], [14.290357620011145, 40.83904189890912], [14.290357728978654, 40.83904205832804], [14.290357822064168, 40.83904222751254], [14.290357898399936, 40.839042404885475], [14.290357957274349, 40.83904258879337], [14.290357998138576, 40.839042777521804], [14.290358020611679, 40.83904296931145], [14.29035802448416, 40.83904316237442], [14.29035800971992, 40.839043354910984], [14.290357976456592, 40.83904354512628], [14.29035792500426, 40.839043731247116], [14.290357855842565, 40.83904391153846], [14.29035776961624, 40.839044084319625], [14.290357667129092, 40.83904424797992], [14.290357549336516, 40.8390444009937], [14.29035741733658, 40.83904454193456], [14.2903572723598, 40.839044669488636], [14.29035711575766, 40.83904478246686], [14.290356948990018, 40.83904487981603], [14.290299767431732, 40.83907465530656], [14.290299498589858, 40.83907477114347], [14.29017919057722, 40.83911646224503], [14.290179001318885, 40.83911651754372], [14.290178807535225, 40.83911655393818], [14.290178611109658, 40.83911657107468], [14.290178413951274, 40.839116568786665], [14.29017821797629, 40.839116547096374], [14.29017802508942, 40.83911650621462], [14.29017783716536, 40.83911644653874], [14.290177656030577, 40.83911636864873], [14.29017748344555, 40.83911627330162], [14.290177321087663, 40.839116161424094], [14.290177170534896, 40.839116034103526], [14.290177033250501, 40.839115892577354], [14.290176910568762, 40.839115738221096], [14.290076900935862, 40.83897631435358], [14.289912050285903, 40.838746489777805], [14.289881405055597, 40.83870376734041], [14.289881375669982, 40.83870373035012], [14.28988133173739, 40.838703747720245], [14.289274285042938, 40.83897892210262], [14.289274029228672, 40.83897901759754], [14.289130916608917, 40.8390215622126], [14.289130812372273, 40.839021599601885], [14.28862430218739, 40.83923565410695], [14.288624102663691, 40.839235726211236], [14.288385465905565, 40.839307905157455], [14.288385328953328, 40.839307957843296], [14.288186263159588, 40.839401864776654], [14.288186258358854, 40.839401867033565], [14.288109255869806, 40.83943794266653], [14.288109153743328, 40.83943798708852], [14.288042931859794, 40.83946462444319], [14.288042748517013, 40.8394646880437], [14.288042559873391, 40.83946473357593], [14.28804236770499, 40.839464760611214], [14.28804217382106, 40.83946476889501], [14.288041980046993, 40.83946475834932], [14.288041788207156, 40.83946472907344], [14.2880416001077, 40.839464681343], [14.288041417519564, 40.839464615607376], [14.288041242161796, 40.83946453248545], [14.288041075685374, 40.839464432759826], [14.288040919657654, 40.8394643173694], [14.288040775547623, 40.83946418740056], [14.288040644712062, 40.83946404407695], [14.288040528382774, 40.83946388874795], [14.288040427654991, 40.839463722875976], [14.28804034347705, 40.83946354802268], [14.286819645460772, 40.836577448138875], [14.286819625139096, 40.8365774059798], [14.28681958116061, 40.836577421987755], [14.283615024371846, 40.83792516025915], [14.283614981179664, 40.837925181028055], [14.28361499443134, 40.8379252270856], [14.284565165003501, 40.84069697817124], [14.284565218505309, 40.84069716269959], [14.284565254054181, 40.840697351510165], [14.284565271322066, 40.840697542860575], [14.284565270149608, 40.840697734984964], [14.284565250547626, 40.840697926110366], [14.284565212697016, 40.840698114473014], [14.284565156947073, 40.840698298334644], [14.284565083812272, 40.840698475998536], [14.284564993967523, 40.84069864582515], [14.28456488824194, 40.84069880624727], [14.28456476761119, 40.84069895578448], [14.284564633188486, 40.84069909305682], [14.284564486214322, 40.84069921679748], [14.284564328045017, 40.840699325864556], [14.284564160140201, 40.84069941925155], [14.284563984049353, 40.84069949609665], [14.283800217977731, 40.84098997614668], [14.283800029113994, 40.84099003743135], [14.283799835104228, 40.8409900796869], [14.283799637860653, 40.84099010249684], [14.283799439327371, 40.84099010563636], [14.283799241461187, 40.84099008907451], [14.28379904621234, 40.840990052974526], [14.283798855505264, 40.840989997692226], [14.283798671219634, 40.8409899237725], [14.283798495171826, 40.8409898319439], [14.283798329097028, 40.84098972311154], [14.283798174632127, 40.8409895983481], [14.28379803329958, 40.84098945888329], [14.28379790649241, 40.84098930609173], [14.283797795460467, 40.84098914147937], [14.283797701298122, 40.84098896666869], [14.282605822054226, 40.83848609030611], [14.28260579932637, 40.83848604813058], [14.282605752564677, 40.83848605855525], [14.280617108556067, 40.839034690270594], [14.280617064645908, 40.839034704714], [14.280617078398251, 40.83903474884546], [14.281647988129714, 40.8418529712387], [14.281648046496585, 40.84185315890647], [14.281648086162308, 40.84185335139676], [14.281648106743853, 40.84185354685079], [14.281648108042473, 40.841853743381186], [14.281648090045632, 40.84185393909014], [14.281648052927112, 40.8418541320878], [14.281647997045347, 40.84185432051049], [14.28164792293996, 40.84185450253871], [14.281647831326545, 40.84185467641471], [14.281647723089767, 40.84185484045947], [14.281647599274809, 40.84185499308888], [14.281647461077286, 40.84185513282909], [14.281647309831701, 40.8418552583307], [14.281647146998552, 40.84185536838181], [14.28164697415023, 40.841855461919714], [14.28164679295584, 40.84185553804116], [14.281253521412438, 40.84199845523924], [14.281253365908983, 40.84199850466809], [14.281054338652764, 40.84205293616747], [14.281054272269284, 40.84205295682887], [14.280486883779124, 40.842251443656615], [14.28029697073633, 40.84231924854845], [14.280033413321318, 40.84241500934862], [14.280033212176232, 40.84241507067053], [14.279784365270086, 40.84247684344691], [14.279784314684605, 40.84247685890541], [14.279784268511227, 40.84247688471001], [14.279726539357148, 40.84251331028952], [14.279726406794635, 40.84251338699891], [14.279689370212735, 40.842532965539554], [14.27968919638695, 40.842533047007386], [14.279689015551233, 40.84253311143451], [14.279688829371636, 40.84253315822735], [14.279688639563457, 40.842533186954796], [14.279688447875415, 40.84253319735218], [14.279688256073552, 40.84253318932371], [14.279688065924956, 40.84253316294335], [14.27968787918149, 40.84253311845415], [14.279687697563638, 40.84253305626599], [14.279687522744664, 40.84253297695182], [14.279687356335193, 40.84253288124237], [14.279687199868375, 40.84253277001941], [14.279687054785752, 40.84253264430766], [14.279686922423986, 40.84253250526532], [14.27968680400254, 40.842532354173386], [14.279686700612443, 40.84253219242389], [14.279459019413078, 40.84213521475847], [14.279458967758119, 40.84213513394486], [14.279407998485766, 40.84206324452508], [14.279407871300323, 40.84206304007752], [14.279313653223031, 40.84188903760913], [14.27931360649829, 40.84188894574004], [14.279197278507018, 40.84164485554118], [14.279197222324296, 40.841644753448755], [14.279176124884625, 40.841611209266524], [14.279014619000002, 40.84135442334019], [14.279014504593869, 40.84135421489102], [14.278922108456797, 40.84115920724057], [14.278887245196636, 40.84108562527229], [14.278887199262444, 40.84108553940476], [14.27870867854928, 40.840787686913075], [14.278708671990538, 40.84078767612518], [14.27865901286593, 40.840707145851084], [14.278597792833247, 40.840607871282465], [14.278597763567403, 40.84060782227295], [14.278483052075032, 40.84040934178622], [14.278483002167379, 40.84040924997753], [14.278404370600898, 40.84025513796331], [14.278337356247947, 40.84012379706523], [14.27833730604881, 40.84012370983143], [14.278162275735585, 40.839852166493294], [14.278162257693888, 40.83985213797786], [14.27807772283186, 40.83971599974324], [14.27807770578674, 40.839715973234604], [14.278049795792692, 40.83967403534055], [14.278049695822611, 40.8396738679749], [14.278049612621988, 40.83967369167137], [14.278049546981334, 40.83967350810508], [14.278049499524325, 40.83967331902015], [14.278049470701866, 40.839673126213135], [14.278049460787805, 40.83967293151596], [14.278049469876342, 40.83967273677851], [14.27804949788112, 40.83967254385103], [14.27804954453606, 40.8396723545666], [14.278049609397877, 40.839672170723674], [14.2780496918503, 40.83967199406899], [14.27804979110992, 40.83967182628101], [14.27804990623364, 40.83967166895395], [14.278050036127635, 40.839671523582595], [14.278050179557738, 40.839671391548194], [14.278050335161174, 40.839671274105235], [14.278050501459505, 40.83967117236958], [14.27805067687268, 40.839671087307856], [14.278050859734039, 40.839671019728264], [14.278051048306159, 40.83967097027289], [14.278051240797357, 40.83967093941164], [14.278214867568241, 40.83965283174515], [14.278441012087317, 40.83962780450906], [14.278441028347268, 40.839627802574704], [14.278806069903482, 40.83958134166452], [14.279151489997114, 40.83953570915712], [14.279151682322366, 40.83953569314183], [14.279151875295817, 40.839535695738], [14.279152067120615, 40.83953571692146], [14.27915225601061, 40.83953575649496], [14.279152440206978, 40.83953581409002], [14.279152617994596, 40.83953588917034], [14.279152787718017, 40.83953598103684], [14.279152947796884, 40.839536088834095], [14.279153096740643, 40.839536211558375], [14.279153233162422, 40.83953634806695], [14.279153355791948, 40.83953649708873], [14.279153463487372, 40.839536657236124], [14.2791535552459, 40.839536827017945], [14.279153630213136, 40.83953700485328], [14.27915368769103, 40.839537189086236], [14.279153727144386, 40.83953737800136], [14.279153748205838, 40.8395375698396], [14.279153750679274, 40.83953776281466], [14.279153734541666, 40.839537955129686], [14.279150076922946, 40.83956550689119], [14.279150073070616, 40.83956555361586], [14.279150119920995, 40.83956555185973], [14.279205652032095, 40.83956069783616], [14.279205842528173, 40.83956069030604], [14.279206032875765, 40.83956070094804], [14.27925996923991, 40.83956630498307], [14.279260016757707, 40.8395663075167], [14.279260017506349, 40.839566259937314], [14.279257997134447, 40.839507767595066], [14.279257995959014, 40.83950774261992], [14.279255522069255, 40.83946623589062], [14.27925551714623, 40.839466190333134], [14.27925547145732, 40.839466193832585], [14.278631255912147, 40.839544348344155], [14.278631235324937, 40.83954435113928], [14.278536969215924, 40.839558148481785], [14.278189274344038, 40.83960896596289], [14.278093724402833, 40.83962304400101], [14.278093679215159, 40.839623050133326], [14.277958613659262, 40.83963981373304], [14.277958609742239, 40.839639814215275], [14.277329893483628, 40.839716587597266], [14.277329856884892, 40.839716592754556], [14.276855843774944, 40.839792347510425], [14.276855766733162, 40.8397923582908], [14.276431632048103, 40.83984331814403], [14.276431619061373, 40.839843319790674], [14.276097357581955, 40.83988792721691], [14.276097339914932, 40.83988792973524], [14.275845110688362, 40.83992618301301], [14.275845069184479, 40.8399261888633], [14.275630510324739, 40.83995414289183], [14.275630491677685, 40.83995414550004], [14.275389764041792, 40.83999013042838], [14.27522956673534, 40.84001547682605], [14.275229516699099, 40.84001548741441], [14.275229472270139, 40.84001551274926], [14.27517000981147, 40.84005361474022], [14.275169971013026, 40.84005364238006], [14.275169977148941, 40.84005368962009], [14.275180523613216, 40.84011221169614], [14.275180534564232, 40.84011225876032], [14.275180582857697, 40.840112260402506], [14.275298643627586, 40.840110333039185], [14.275298694189948, 40.84011032960016], [14.275298733373964, 40.8401102974601], [14.275339458304563, 40.8400732204907], [14.275339615182576, 40.840073091602186], [14.27533978431975, 40.8400729792831], [14.275339963973002, 40.84007288469098], [14.275340152290873, 40.84007280880066], [14.275340347332607, 40.84007275239426], [14.275340547088154, 40.84007271605308], [14.276134339076062, 40.83996960005578], [14.276134535024326, 40.83996958434332], [14.276134731568586, 40.839969587942974], [14.276134926810096, 40.839969610819956], [14.276135118862697, 40.83996965275327], [14.276135305871033, 40.8399697133378], [14.276135486028485, 40.839969791988274], [14.276135657594613, 40.83996988794487], [14.276135818911976, 40.83997000028057], [14.276135968422144, 40.83997012791017], [14.276136104680752, 40.83997026960066], [14.276136226371454, 40.839970423983225], [14.276136332318636, 40.839970589566434], [14.276328994916026, 40.840307052611884], [14.276632959469758, 40.840837880931886], [14.276632973280229, 40.84083790544814], [14.277477932995462, 40.84236285984439], [14.277923249391646, 40.84316652344586], [14.277923335936721, 40.843166699481614], [14.27792340482074, 40.84316688314879], [14.27792345538106, 40.84316707268056], [14.27792348713131, 40.843167266253694], [14.277923499766064, 40.84316746200609], [14.27792349316378, 40.843167658054675], [14.277923467387968, 40.84316785251353], [14.277923422686584, 40.84316804351202], [14.277923359489638, 40.843168229212814], [14.277923278405066, 40.84316840782952], [14.277923180212872, 40.84316857764392], [14.27792306585763, 40.84316873702246], [14.277922936439403, 40.843168884431954], [14.277922793203148, 40.84316901845439], [14.277922637526746, 40.84316913780051], [14.277922470907757, 40.84316924132225], [14.277922294948993, 40.843169328023755], [14.277922111343122, 40.843169397071], [14.277921921856368, 40.84316944779977], [14.277849217879806, 40.8431851359593], [14.2778492005215, 40.84318513986685], [14.277773915667256, 40.84320279250553], [14.277773847853851, 40.84320281094334], [14.277668339679114, 40.843235521130865], [14.27731950671126, 40.84334384295793], [14.277212590059134, 40.84337781242634], [14.277212552941425, 40.84337782585746], [14.277212517000912, 40.84337784218058], [14.277152035595133, 40.84340825167214], [14.277151812578344, 40.84340834732536], [14.277151579618687, 40.843408415265216], [14.276970849557266, 40.84344941190151], [14.276970788533324, 40.84344942778321], [14.276733048068293, 40.843519376190734], [14.276547491537587, 40.843573976285505], [14.276547446450634, 40.84357398898061], [14.27614000375797, 40.84368357949681], [14.275998136945603, 40.84372177864715], [14.275997949592815, 40.843721819572444], [14.275997759181665, 40.84372184236588], [14.275997567462793, 40.843721846817914], [14.275997376198857, 40.843721832887596], [14.275997187148338, 40.84372180070301], [14.275997002049362, 40.84372175056006], [14.275996822603725, 40.84372168291975], [14.275996650461252, 40.84372159840398], [14.275996487204615, 40.84372149778978], [14.275996334334796, 40.8437213820022], [14.275996193257274, 40.84372125210578], [14.27599606526912, 40.84372110929479], [14.27599595154705, 40.84372095488223], [14.275995853136624, 40.843720790287776], [14.275995770942629, 40.8437206170247], [14.275995705720755, 40.84372043668598], [14.275995658070647, 40.84372025092965], [14.275664392789801, 40.84211205321794], [14.275664380609145, 40.84211200624056], [14.275664332078472, 40.842112006113304], [14.27558167800822, 40.84211597113112], [14.275581631256, 40.84211597573579], [14.27558164674545, 40.84211602008718], [14.275596962353683, 40.84215368138842], [14.275597025809429, 40.84215386166818], [14.275597071767448, 40.84215404718175], [14.275910030524637, 40.843738184327094], [14.275910058608755, 40.84373837381691], [14.275910068435575, 40.84373856512436], [14.275910059914947, 40.843738756494446], [14.27591003312504, 40.84373894617156], [14.275909988311616, 40.843739132415664], [14.275909925885783, 40.843739313518185], [14.275909846420223, 40.843739487817736], [14.275909750643935, 40.84373965371533], [14.27590963943555, 40.843739809689055], [14.275909513815268, 40.84373995430805], [14.275909374935502, 40.8437400862456], [14.275909224070304, 40.84374020429136], [14.275909062603677, 40.84374030736239], [14.27590889201688, 40.843740394513134], [14.27590871387484, 40.843740464944105], [14.275908529811788, 40.84374051800918], [14.275162784239795, 40.84391731671437], [14.275162736462416, 40.843917329295756], [14.274583476283839, 40.844085276995806], [14.274583432536632, 40.84408529200824], [14.274583442223037, 40.84408533723401], [14.27465001779176, 40.844336242255594], [14.274650059510712, 40.8443364388569], [14.274650081287612, 40.84433663865258], [14.274650082902554, 40.84433683962506], [14.274650064339228, 40.844337039744886], [14.274650025785094, 40.844337236991244], [14.274649967629472, 40.844337429372295], [14.274649890459626, 40.84433761494535], [14.274649795054831, 40.84433779183647], [14.274649682378495, 40.844337958259395], [14.27464955356844, 40.84433811253355], [14.274649409925404, 40.84433825310106], [14.27464925289992, 40.844338378542446], [14.274649084077648, 40.84433848759099], [14.27464890516338, 40.84433857914551], [14.274648717963817, 40.84433865228147], [14.274648524369326, 40.84433870626034], [14.27430799637081, 40.8444154459484], [14.274307951722346, 40.84441545832344], [14.274307963580904, 40.844415503111875], [14.274333868041301, 40.84449705741623], [14.274333919292665, 40.84449725230443], [14.274333950672409, 40.844497451360766], [14.27433396186196, 40.84449765256442], [14.274333952747723, 40.84449785387275], [14.274333923422228, 40.84449805324208], [14.274333874183187, 40.84449824864841], [14.274333805530476, 40.84449843810795], [14.27433371816106, 40.84449861969732], [14.274333612961914, 40.84449879157302], [14.274333491001025, 40.84449895199015], [14.274333353516543, 40.84449909932015], [14.274333201904213, 40.844499232067335], [14.274333037703208, 40.84449934888405], [14.274332862580502, 40.844499448584365], [14.274332678313945, 40.844499530156114], [14.274332486774219, 40.844499592771186], [14.273876702244664, 40.84462355534995], [14.273876511019658, 40.8446235974261], [14.273876316596734, 40.844623620602185], [14.273876120839304, 40.84462362465609], [14.27387592562358, 40.84462360954893], [14.273875732820578, 40.84462357542553], [14.273875544278186, 40.84462352261292], [14.273875361803462, 40.84462345161728], [14.273875187145311, 40.84462336311906], [14.273875021977714, 40.84462325796646], [14.273874867883698, 40.84462313716729], [14.273874726340154, 40.84462300187934], [14.273874598703681, 40.84462285339925], [14.273874486197597, 40.844622693150114], [14.273874389900199, 40.84462252266781], [14.273874310734431, 40.8446223435863], [14.27387424945905, 40.84462215762197], [14.27387420666134, 40.84462196655716], [14.273874182751488, 40.844621772223114], [14.273874177958653, 40.84462157648238], [14.273881188492028, 40.844335357327616], [14.273881187369268, 40.844335311010845], [14.273881141042589, 40.84433531159617], [14.273653228354258, 40.84434931362403], [14.273653084329254, 40.84434933306693], [14.273371548716758, 40.844408461398466], [14.273371514497699, 40.84440846921468], [14.273235899387826, 40.84444196090234], [14.27314881014612, 40.84446373967204], [14.273148764250573, 40.84446375231756], [14.273063491319913, 40.844489446607525], [14.273063300744681, 40.844489493962826], [14.273063106444065, 40.84448952240074], [14.273062910291193, 40.844489531647106], [14.273062714177053, 40.844489521612786], [14.273062519992251, 40.84448949239452], [14.273062329608802, 40.84448944427398], [14.27306214486207, 40.844489377715064], [14.273061967533081, 40.84448929335943], [14.27306179933135, 40.84448919202028], [14.273061641878401, 40.844489074674584], [14.27306149669214, 40.84448894245359], [14.273061365172213, 40.844488796631936], [14.27306124858652, 40.84448863861542], [14.27306114805899, 40.84448846992736], [14.273061064558744, 40.84448829219399], [14.273060998890754, 40.844488107128704], [14.273060951688084, 40.84448791651561], [14.273060923405783, 40.844487722192284], [14.273060914316506, 40.84448752603207], [14.273062474991098, 40.84393203657779], [14.273062478404475, 40.84393192526364], [14.273068744874355, 40.8438249282914], [14.273085733293467, 40.84353480724399], [14.273085734576568, 40.84353477800452], [14.273090414735066, 40.84337464952393], [14.27309390161423, 40.84325533190326], [14.273103865069617, 40.84292431988486], [14.273106113030432, 40.842849658487886], [14.27310611391996, 40.84284963395166], [14.273117968149428, 40.84257006152329], [14.273117973853765, 40.84256997320958], [14.273126304772422, 40.84247404543226], [14.273145046756087, 40.84225823414557], [14.273145059054116, 40.8422581264725], [14.273163654432546, 40.842126949957425], [14.273163655154976, 40.84212694490758], [14.273178650025782, 40.842023074456854], [14.27318884262576, 40.8419501054184], [14.273188847552305, 40.84195006380056], [14.27321608498878, 40.841669766857045], [14.273216090345288, 40.84166971798252], [14.273227663210319, 40.84157490064067], [14.273227664178638, 40.84157489283483], [14.273241382445171, 40.84146605888082], [14.273241385783962, 40.84146602050515], [14.273241386152984, 40.84146598198628], [14.273234992895937, 40.8412457549541], [14.273234992188838, 40.84124573648384], [14.27322942925272, 40.841128726741836], [14.273229430375297, 40.84112851555415], [14.273229453760946, 40.84112830566225], [14.273229499148908, 40.84112809940651], [14.27322956603309, 40.84112789908676], [14.273229653667707, 40.84112770693663], [14.273293516886401, 40.84100525115808], [14.273293633804759, 40.841005055135305], [14.27329377229572, 40.841004873710155], [14.273331331226402, 40.84096109539487], [14.273331508493033, 40.840960913537316], [14.273403564699587, 40.84089582345193], [14.273403603860457, 40.84089578899366], [14.273451377375574, 40.840854845233444], [14.273489934139038, 40.84082164708004], [14.273489947505677, 40.8408216353626], [14.273534458316435, 40.8407819111934], [14.273534491768114, 40.840781878224135], [14.273534458359004, 40.840781845211716], [14.273506208180928, 40.840756567448835], [14.273506075609335, 40.840756437242725], [14.273505955694288, 40.84075629529471], [14.273505849470917, 40.84075614283012], [14.273505757856164, 40.840755981165046], [14.27350568164087, 40.84075581169503], [14.273505621482942, 40.84075563588297], [14.273494168229277, 40.84071628243305], [14.273494123449655, 40.84071609552061], [14.273494096818503, 40.84071590517289], [14.273494088581767, 40.840715713147816], [14.273494098815519, 40.84071552121881], [14.273494127425245, 40.84071533115841], [14.273494174146723, 40.840715144721884], [14.273494238548466, 40.84071496363106], [14.273494320035697, 40.840714789558355], [14.273494417855852, 40.84071462411141], [14.273494531105527, 40.84071446881819], [14.273494658738818, 40.840714325112884], [14.273494799576987, 40.84071419432266], [14.273639892434597, 40.840591896315736], [14.273639980235387, 40.84059181268536], [14.273682989285541, 40.840545552904516], [14.27368306261138, 40.84054546431766], [14.27372217882782, 40.84049224624358], [14.273722271136998, 40.840492129960566], [14.273759747127565, 40.84044836085957], [14.273759886545959, 40.840448213812536], [14.273760040127978, 40.84044808162751], [14.273760206297093, 40.84044796566137], [14.273760383347561, 40.84044786710453], [14.273760569461945, 40.84044778696868], [14.273760762729768, 40.84044772607642], [14.27376096116712, 40.840447685052816], [14.273761162737024, 40.84044766431897], [14.273761365370353, 40.84044766408773], [14.273761566987055, 40.840447684361465], [14.27376176551752, 40.840447724932055], [14.273879154917742, 40.84047798201572], [14.27387919982344, 40.840477991381036], [14.273879241178227, 40.840477971531335], [14.273933968869708, 40.840448487386254], [14.273934008895878, 40.84044846329351], [14.273934021184608, 40.840448418220866], [14.273955491415744, 40.84035172460192], [14.273967264805226, 40.840298447030655], [14.273967273484553, 40.84029839448231], [14.273967265047208, 40.84029834189449], [14.273945643849904, 40.8401983172465], [14.273931994757737, 40.8401351741469], [14.273923930718759, 40.8400978646568], [14.273923919219117, 40.84009782115695], [14.27392388680411, 40.84009779004028], [14.273655586296602, 40.83986258487788], [14.273655539943869, 40.839862548846675], [14.273655489671501, 40.83986251852299], [14.273370690504834, 40.83971288547661], [14.273080338170653, 40.83956033262864], [14.273080266273087, 40.83956029294876], [14.27236799058445, 40.83914789191551], [14.272367975616723, 40.839147883420466], [14.271008559306198, 40.838391727729416], [14.271008551867508, 40.83839172357098], [14.270855499716127, 40.838305734543326], [14.270855458100549, 40.838305713727756], [14.270855422218615, 40.83830574335261], [14.270808273869406, 40.838348643043844], [14.270808231894925, 40.83834868353576], [14.270755447574464, 40.838402663179245], [14.270755444776515, 40.83840266603484], [14.270583120221987, 40.83857818967949], [14.27058308960041, 40.838578224092615], [14.270583129284663, 40.83857824748275], [14.271129023607735, 40.83886491751026], [14.271129192942862, 40.83886501734603], [14.271129351659335, 40.83886513332296], [14.27112949822389, 40.83886526432067], [14.271129631220658, 40.838865409073655], [14.271129749364839, 40.83886556618356], [14.27112985151511, 40.838865734132625], [14.27112993668466, 40.838865911298406], [14.271130004050722, 40.838866095969415], [14.271130052962508, 40.83886628636165], [14.271130082947515, 40.83886648063586], [14.271130093716074, 40.838866676915266], [14.271130085164158, 40.838866873303736], [14.27113005737438, 40.83886706790409], [14.2711300106152, 40.838867258836395], [14.271129945338334, 40.83886744425619], [14.271129862174377, 40.83886762237223], [14.27112976192673, 40.83886779146385], [14.271112364750067, 40.83889409681169], [14.271112341206392, 40.83889413643524], [14.271112377578046, 40.838894164744914], [14.271160126757797, 40.838927766331516], [14.271160283803905, 40.83892788898487], [14.27116042786532, 40.838928026657065], [14.271197210891788, 40.838966864275285], [14.271197247453447, 40.83896689913604], [14.271197292814982, 40.83896692137066], [14.271273138141925, 40.838999416039776], [14.271273178157072, 40.8389994311874], [14.271273219322932, 40.83899944285036], [14.271352781824785, 40.83901833922065], [14.27135297331721, 40.839018394920295], [14.27135315831049, 40.83901846941383], [14.271353334965244, 40.839018561960565], [14.271445148968764, 40.839072659972274], [14.271558341493598, 40.83913948445444], [14.271558353332928, 40.83913949133505], [14.271860327913142, 40.839312233127536], [14.272033237340848, 40.839411143595704], [14.272431549680626, 40.83963900777422], [14.27243172263207, 40.83963911888635], [14.272431883264495, 40.8396392471647], [14.272432029880894, 40.839639391254046], [14.272432160932333, 40.83963954963217], [14.272432275034317, 40.839639720625875], [14.272432370981411, 40.839639902428694], [14.272432447759979, 40.83964009311996], [14.272432504558894, 40.83964029068512], [14.272432540778102, 40.83964049303699], [14.272440329816522, 40.839702131114386], [14.27244033836082, 40.83970217924507], [14.272440378836764, 40.839702206654216], [14.272592072829324, 40.839794222131964], [14.27259212632199, 40.83979425028619], [14.272592182833565, 40.83979427174756], [14.272680203902329, 40.839821710050785], [14.272680250911305, 40.83982172218168], [14.272680292512744, 40.83982169715525], [14.272708171410871, 40.8398029817759], [14.272708342829429, 40.83980287874515], [14.272708523681045, 40.83980279334988], [14.27270871215722, 40.83980272644406], [14.272708906373209, 40.83980267869673], [14.272709104386866, 40.839802650585355], [14.272709304218072, 40.83980264239105], [14.272709503868533, 40.83980265419576], [14.27270970134176, 40.83980268588143], [14.272709894663041, 40.839802737131215], [14.272710081899175, 40.83980280743262], [14.272710261177822, 40.83980289608263], [14.273210153010597, 40.84008201891569], [14.273245559206625, 40.84010183036844], [14.273245693670559, 40.84010191273036], [14.273665997901254, 40.840382725125465], [14.273666158761444, 40.84038284467606], [14.273666306848803, 40.84038297972597], [14.273666440676228, 40.840383128919015], [14.273666558899814, 40.84038329075699], [14.273666660332346, 40.84038346361469], [14.27366674395523, 40.84038364575628], [14.273666808928722, 40.84038383535267], [14.273666854600346, 40.84038403049991], [14.27366688051147, 40.84038422923833], [14.27366688640189, 40.840384429572175], [14.273666872212452, 40.84038462948967], [14.27366683808565, 40.840384826983225], [14.273666784364186, 40.840385020069604], [14.273666711587538, 40.84038520680981], [14.273666620486534, 40.84038538532858], [14.27366651197602, 40.84038555383322], [14.273666387145663, 40.84038571063159], [14.273666247249027, 40.8403858541491], [14.27362080845454, 40.840428019335086], [14.27362075848572, 40.840428069097236], [14.273571659787182, 40.840480541850475], [14.27357161723246, 40.84048058595517], [14.273526402928221, 40.84052603248695], [14.273526359715156, 40.840526074630496], [14.273403857639407, 40.84064198990991], [14.27340378769422, 40.84064205303875], [14.273363105724448, 40.84067706729855], [14.273362948904783, 40.84067718925302], [14.273362780760023, 40.84067729504829], [14.273362602949138, 40.84067738364055], [14.273362417226469, 40.84067745415573], [14.273362225424416, 40.840677505898086], [14.273362029435358, 40.84067753835713], [14.27336183119299, 40.84067755121259], [14.273361632653232, 40.84067754433765], [14.273361435774946, 40.84067751780013], [14.273361242500595, 40.84067747186186], [14.273361054737085, 40.84067740697608], [14.273360874336955, 40.84067732378298], [14.27336070308009, 40.840677223103356], [14.273225421011514, 40.84058836801764], [14.273225336436294, 40.84058831823262], [14.272616528091875, 40.840269109976695], [14.272519319122027, 40.84021814138433], [14.272444980705876, 40.84017916408184], [14.272444812880055, 40.84017906538681], [14.272324144916768, 40.840099955485464], [14.272323991794941, 40.84009984440105], [14.27232384985334, 40.84009971934657], [14.272323720361847, 40.840099581440825], [14.27232360447896, 40.840099431917594], [14.272323503241424, 40.840099272114585], [14.272323417554963, 40.84009910346147], [14.272323348186172, 40.84009892746712], [14.272323295755658, 40.840098745706065], [14.272323260732495, 40.840098559804424], [14.272323243430014, 40.84009837142538], [14.272323244003015, 40.84009818225426], [14.272323262446369, 40.840097993983484], [14.272323298595074, 40.84009780829743], [14.272336264566105, 40.84004472866546], [14.272336273311593, 40.84004468371248], [14.272336233790174, 40.84004466057562], [14.272146301420834, 40.839945248196955], [14.272146257597118, 40.839945227963426], [14.272146216715537, 40.839945253626915], [14.27210009087654, 40.839977507755194], [14.272099922436976, 40.839977613474304], [14.272099744331035, 40.83997770194289], [14.27209955831967, 40.83997777228626], [14.272099366241996, 40.839977823808916], [14.272099169997103, 40.839977856001454], [14.272098971525287, 40.839977868545574], [14.272098772788857, 40.83997786131725], [14.272098575752741, 40.839977834387966], [14.272098382365058, 40.83997778802396], [14.27209819453785, 40.83997772268364], [14.272098014128185, 40.839977639013036], [14.272097842919791, 40.83997753783941], [14.271772876946129, 40.83976301623314], [14.271772874661846, 40.839763014722955], [14.271615478493112, 40.83965880221387], [14.271615400217128, 40.83965875537925], [14.271432527719762, 40.83956038024604], [14.270980025229775, 40.83931710082634], [14.270979859123718, 40.83931700085422], [14.270979703477478, 40.83931688526921], [14.27097955975357, 40.8393167551574], [14.270979429302486, 40.83931661174136], [14.270979313349997, 40.839316456368685], [14.270979212985639, 40.83931629049933], [14.270979129152478, 40.83931611569188], [14.270979062638244, 40.83931593358888], [14.270979014067933, 40.839315745901445], [14.270978983897932, 40.839315554393174], [14.27097897241173, 40.83931536086356], [14.270978979717254, 40.83931516713107], [14.270979005745863, 40.83931497501611], [14.27097905025298, 40.83931478632387], [14.270979112820394, 40.839314602827365], [14.2709791928602, 40.83931442625082], [14.270979289620309, 40.83931425825342], [14.270979402191525, 40.83931410041373], [14.270979529516081, 40.83931395421488], [14.271015126363611, 40.83927687392561], [14.271015157669133, 40.83927683783305], [14.271015120199918, 40.839276808189], [14.270825155498141, 40.839141526807005], [14.270825116991968, 40.83914150203159], [14.270825076052738, 40.83914152253819], [14.270770279746964, 40.83917227886467], [14.270770106497002, 40.83917236535741], [14.270769925694657, 40.83917243469033], [14.270769739034792, 40.83917248621351], [14.270769548267184, 40.839172519443956], [14.270769355180114, 40.83917253407015], [14.270769161583605, 40.83917252995501], [14.270768969292458, 40.839172507137086], [14.270768780109236, 40.839172465830295], [14.27076859580737, 40.83917240642184], [14.270768418114526, 40.83917232946863], [14.270768248696427, 40.83917223569203], [14.270289467877967, 40.83887606971741], [14.270289427143439, 40.838876047153576], [14.270289390046132, 40.83887607530004], [14.270238730277542, 40.83891850177749], [14.270238709022848, 40.83891852009124], [14.269906237945156, 40.83921321541594], [14.26990620458765, 40.83921324806726], [14.269906240730416, 40.839213277605886], [14.27024946746635, 40.83946655138492], [14.27024949180685, 40.83946656963381], [14.270638230985771, 40.839762665297684], [14.270835935527984, 40.83991241650942], [14.270835937727357, 40.839912418177725], [14.271191537790454, 40.84018254050497], [14.271191570821857, 40.84018256614536], [14.271225698851486, 40.840209634227364], [14.271428700880755, 40.840370639373056], [14.271636676741824, 40.840535578471986], [14.2716368253068, 40.84053570875238], [14.271636960290909, 40.840535853057], [14.271675810510162, 40.84058173326427], [14.271675820195329, 40.84058174478966], [14.271847144813188, 40.84078718667723], [14.272030260381465, 40.84100378865382], [14.272030385316597, 40.84100395293025], [14.272124790627526, 40.84114236647057], [14.272124844183605, 40.84114243791449], [14.272153716680581, 40.84117756765134], [14.272153831424335, 40.84117772180235], [14.272153930844054, 40.841177886254115], [14.27215401402188, 40.841178059488385], [14.272154080189898, 40.84117823990584], [14.272154128737238, 40.84117842584082], [14.272154159215702, 40.84117861557676], [14.272154171343907, 40.84117880736198], [14.272154165009884, 40.841178999425885], [14.27215414027211, 40.84117918999531], [14.272120614896481, 40.8413664562903], [14.27212060814002, 40.84136651192445], [14.272120607677051, 40.84136656796549], [14.272174143604564, 40.842480234878515], [14.272174142613311, 40.84248044572279], [14.272146619314999, 40.84295910635217], [14.272146619194176, 40.84295916117719], [14.272146631090736, 40.842959214696066], [14.272188002887132, 40.84310642902675], [14.27218804565976, 40.84310661480993], [14.27218807054903, 40.843106803821605], [14.272188077328787, 40.843106994344375], [14.272188065937433, 40.843107184647096], [14.27218803647847, 40.84310737300064], [14.27218798921957, 40.84310755769359], [14.272187924590138, 40.84310773704779], [14.272187843177411, 40.84310790943356], [14.272187745721123, 40.8431080732846], [14.272187633106782, 40.8431082271121], [14.27218750635763, 40.843108369518355], [14.272187366625335, 40.843108499209436], [14.272187215179539, 40.843108615006926], [14.27218705339631, 40.84310871585868], [14.272132773919108, 40.84313905985881], [14.27213256828491, 40.843139159840845], [14.272132352582714, 40.843139235698565], [14.271991601156358, 40.84317985795541], [14.271918408748165, 40.84320112156291], [14.271918190259786, 40.84320117194876], [14.271917967504548, 40.84320119756143], [14.271740135369539, 40.843211593597665], [14.271740088412427, 40.8432115986449], [14.271740070337893, 40.84321164227685], [14.271727671978754, 40.84324624568348], [14.271727656934846, 40.84324629589006], [14.27172765831868, 40.84324634828383], [14.271730303651776, 40.84327962500611], [14.271730309602932, 40.8432798202915], [14.27173029647142, 40.84328001522575], [14.271730264382551, 40.84328020794862], [14.27173021364255, 40.84328039662095], [14.271730144735626, 40.843280579442265], [14.271730058319353, 40.84328075466791], [14.271729955218397, 40.84328092062571], [14.271729836416647, 40.84328107573194], [14.27172970304782, 40.84328121850643], [14.27172955638465, 40.84328134758669], [14.271729397826734, 40.84328146174091], [14.271729228887184, 40.84328155987972], [14.271729051178182, 40.843281641066596], [14.271728866395593, 40.84328170452677], [14.271728676302791, 40.84328174965464], [14.271728482713822, 40.843281776019566], [14.271728287476094, 40.84328178336994], [14.2716745615291, 40.84328117984598], [14.271674495013459, 40.84328118131278], [14.271559306992199, 40.843287561154106], [14.27155922271552, 40.84328756404143], [14.27145336544449, 40.84328895758576], [14.271453353288463, 40.8432889578197], [14.271390171962231, 40.84329055802224], [14.271389976047779, 40.84329055338011], [14.271389781528125, 40.84329052958669], [14.271389590270854, 40.84329048687043], [14.271389404112231, 40.84329042564144], [14.271389224839563, 40.843290346487585], [14.27138905417405, 40.84329025016882], [14.27138889375425, 40.8432901376099], [14.271388745120355, 40.843290009891504], [14.271388609699402, 40.843289868239864], [14.271388488791567, 40.84328971401497], [14.271388383557687, 40.84328954869754], [14.271388295008112, 40.84328937387478], [14.271388223993007, 40.84328919122518], [14.271388171194191, 40.84328900250235], [14.271388137118585, 40.843288809518214], [14.271388122093345, 40.843288614125626], [14.27138623273386, 40.84322050893948], [14.271386229275388, 40.84322046326798], [14.271386183554993, 40.843220460529025], [14.271022477135617, 40.84321609979141], [14.271022423671965, 40.84321610058024], [14.27081276843014, 40.843224805455314], [14.2708125389355, 40.843224801802286], [14.270775165582265, 40.84322205633605], [14.27077511987919, 40.84322205514837], [14.270775103528575, 40.84322209784303], [14.270759991513627, 40.84326794710555], [14.270759920696321, 40.84326813096131], [14.270759832132722, 40.84326830695711], [14.270759726682298, 40.84326847338498], [14.270759605368395, 40.84326862862984], [14.270759469368302, 40.843268771185116], [14.270759320001835, 40.843268899667365], [14.27075915871852, 40.84326901282974], [14.270758987083534, 40.84326910957405], [14.270758806762508, 40.84326918896144], [14.27075861950537, 40.8432692502215], [14.270758427129358, 40.843269292759736], [14.27075823150139, 40.843269316163315], [14.270758034519933, 40.84326932020513], [14.270722252571328, 40.843268290840555], [14.27072217671832, 40.84326829153774], [14.270578526606545, 40.8432750685062], [14.270578329649062, 40.843275068089156], [14.270578133687657, 40.843275048301486], [14.270577940622783, 40.84327500933511], [14.270577752326805, 40.843274951567906], [14.270577570625838, 40.84327487556013], [14.270577397282036, 40.843274782048894], [14.270577233976507, 40.84327467194109], [14.270577082293004, 40.843274546304556], [14.27057694370257, 40.84327440635772], [14.27057681954927, 40.843274253457814], [14.270576711037155, 40.843274089087664], [14.27057661921859, 40.84327391484136], [14.270576544984037, 40.843273732408754], [14.270576489053433, 40.8432735435591], [14.270576451969196, 40.84327335012388], [14.270576434090978, 40.843273153979055], [14.270574370714733, 40.84322362688075], [14.270574366652996, 40.84322358147975], [14.270574321136813, 40.84322357902342], [14.270403374947195, 40.84322249775345], [14.270403329052822, 40.84322249966724], [14.270403324965645, 40.843222545419245], [14.270401584097232, 40.84326488259016], [14.27040158131048, 40.843264934143235], [14.270395369367751, 40.84335763460209], [14.270393501185787, 40.84338551847214], [14.270393479048998, 40.84338570994235], [14.27039343858392, 40.8433858983925], [14.270393380166382, 40.8433860820723], [14.27039330433895, 40.843386259275796], [14.270393211805889, 40.84338642835717], [14.270393103426617, 40.843386587746046], [14.270392980207733, 40.843386735962056], [14.270392843293658, 40.84338687162862], [14.270392693956014, 40.843386993485694], [14.270392533581804, 40.84338710040151], [14.270392363660541, 40.843387191383066], [14.270392185770405, 40.84338726558535], [14.270392001563588, 40.84338732231919], [14.270391812750955, 40.84338736105765], [14.270391621086143, 40.843387381440955], [14.270391428349281, 40.843387383279776], [14.2703442481564, 40.84338555815897], [14.270344217081522, 40.84338555671476], [14.27021077158992, 40.843378314317356], [14.270165424123176, 40.84337587209408], [14.270165356326531, 40.84337586728629], [14.269959873825426, 40.84335778172034], [14.269959681942494, 40.84335775541777], [14.269926554712196, 40.843351567464836], [14.269926535620028, 40.84335156380243], [14.2697960654206, 40.843325877939414], [14.269795868792329, 40.843325828761486], [14.269795678151178, 40.843325759934906], [14.26979549545509, 40.84332567216655], [14.269795322580404, 40.84332556635781], [14.269795161302593, 40.84332544359538], [14.269795013278026, 40.84332530514007], [14.269794880026959, 40.843325152413854], [14.269794762917918, 40.84332498698526], [14.269794663153645, 40.843324810553305], [14.269794581758749, 40.843324624929984], [14.26979451956918, 40.84332443202171], [14.26979447722364, 40.843324233809696], [14.269794455157031, 40.84332403232965], [14.269794453595985, 40.843323829650814], [14.269794472556532, 40.84332362785477], [14.269836359037631, 40.84303552735623], [14.269836367156175, 40.84303545103789], [14.269846180944107, 40.84289045653743], [14.269862950943606, 40.84264267147061], [14.2698629543907, 40.84264262768131], [14.26987993028632, 40.842453543258905], [14.26988810755627, 40.842362465660074], [14.269888111369331, 40.842362356802276], [14.269882319526305, 40.84206562407294], [14.269882319556421, 40.84206554449928], [14.269883584645541, 40.842003151047905], [14.269890908958027, 40.841642104437675], [14.269890912806929, 40.84164201452942], [14.269897966640212, 40.84153411741528], [14.269910978740258, 40.84133505540731], [14.269910979837398, 40.8413350356091], [14.269921558589592, 40.841102413193006], [14.269926355550538, 40.84099232452406], [14.26992635296141, 40.8409921970567], [14.269897652134174, 40.84065199441698], [14.269897651951995, 40.840651992243394], [14.26989387693883, 40.84060665526254], [14.269893869987866, 40.84060660414411], [14.269893847660162, 40.84060655763725], [14.269825901993466, 40.840482086874204], [14.269825864838195, 40.84048202433303], [14.269778514456494, 40.84040854923256], [14.269778486621817, 40.840408510319925], [14.269778443862014, 40.840408488859374], [14.26964458446394, 40.8403492425044], [14.269644425857152, 40.84034916373085], [14.269644274840353, 40.84034907123592], [14.269644132597566, 40.8403489657448], [14.269644000244027, 40.84034884808459], [14.26964387881743, 40.84034871917777], [14.269587380970865, 40.840283152455235], [14.269587261184817, 40.84028299891788], [14.269587156898552, 40.84028283445878], [14.269587069100766, 40.84028266063713], [14.269586998623833, 40.84028247910085], [14.269586946135918, 40.84028229157102], [14.269568708860305, 40.840202316854985], [14.269568695791474, 40.84020227024946], [14.269568658994421, 40.84020223880354], [14.26901425182397, 40.83977377246092], [14.26901421374855, 40.839773745804635], [14.26901416731621, 40.839773743725274], [14.26650889967927, 40.83977979882583], [14.266508709278686, 40.83977979020431], [14.26650852056336, 40.83977976349779], [14.266508335247142, 40.839779718948805], [14.266508155013016, 40.83977965696193], [14.266507981497808, 40.839779578100114], [14.26650781627733, 40.83977948307955], [14.26650766085206, 40.839779372763196], [14.266507516633519, 40.83977924815291], [14.266507384931456, 40.83977911038034], [14.266507266941947, 40.83977896069671], [14.26650716373653, 40.8397788004614], [14.266507076252488, 40.83977863112961], [14.266460563651066, 40.839676999871536], [14.266460542563193, 40.839676959017766], [14.266460496653952, 40.83967695655176], [14.265988239858407, 40.83967395199337], [14.265988193169061, 40.839673953982576], [14.265988190368084, 40.83967400063016], [14.265987729678365, 40.839715758299405], [14.26598560607867, 40.83990827442149], [14.265985607885218, 40.83990832149487], [14.265985654932534, 40.83990832388577], [14.268934845759539, 40.8399124136829], [14.268935043054375, 40.839912423712974], [14.268935238397251, 40.8399124531581], [14.268935429882312, 40.83991250173099], [14.268935615641341, 40.83991256895776], [14.268935793861987, 40.83991265418249], [14.268935962805447, 40.83991275657372], [14.26893612082343, 40.83991287513244], [14.269316977542953, 40.84022919466758], [14.26931712173187, 40.840229326858704], [14.26931725231735, 40.84022947250337], [14.269317368050183, 40.84022963020831], [14.26931746782324, 40.84022979846488], [14.26931755068207, 40.840229975663505], [14.269317615834023, 40.84023016010905], [14.269317662655844, 40.840230350037075], [14.269317690699623, 40.840230543630675], [14.269317699697087, 40.8402307390379], [14.269316863896243, 40.84051786682473], [14.269316452518684, 40.840648253061445], [14.269315172707422, 40.841098721372184], [14.269314231925632, 40.84142169123487], [14.269314221680899, 40.84142188766571], [14.269314192190325, 40.84142208214022], [14.26931414373916, 40.84142227277734], [14.269314076796046, 40.841422457733145], [14.269313992008492, 40.84142263521864], [14.269313890196605, 40.84142280351709], [14.269313772345162, 40.84142296100063], [14.269313639594083, 40.84142310614601], [14.269313493227402, 40.8414232375493], [14.269313334660852, 40.8414233539395], [14.269313165428171, 40.841423454190824], [14.269312987166261, 40.8414235373336], [14.269312801599362, 40.841423602563616], [14.269312610522373, 40.84142364924994], [14.269312415783487, 40.841423676941005], [14.269312219266315, 40.841423685368966], [14.26926270081438, 40.8414233717177], [14.269154635530482, 40.84142268663245], [14.268997770660256, 40.841421691937285], [14.268997572561766, 40.84142168083938], [14.268997376537682, 40.84142165016801], [14.26899718451718, 40.84142160022501], [14.268996998390042, 40.84142153150192], [14.268996819988045, 40.84142144467506], [14.26899665106694, 40.84142134059896], [14.268996493289173, 40.84142122029788], [14.268996348207517, 40.84142108495576], [14.268996217249802, 40.84142093590459], [14.268996101704854, 40.84142077461125], [14.268996002709814, 40.84142060266313], [14.268995921238945, 40.84142042175245], [14.268995858094048, 40.84142023365967], [14.268995813896563, 40.84142004023589], [14.268987035883441, 40.84137039945272], [14.268987025514758, 40.84137035384784], [14.268986978915938, 40.841370349864846], [14.268746153897146, 40.841361500491104], [14.268746107360462, 40.8413615010612], [14.268746107769728, 40.841361547599604], [14.268748628438301, 40.84140512936753], [14.268759838967341, 40.84159909385145], [14.26875983822252, 40.84159933688935], [14.268759808003914, 40.84159957804244], [14.268713013021115, 40.84184900215471], [14.268713005577219, 40.841849060990434], [14.268713005183349, 40.841849120293844], [14.268742754226706, 40.84241028552488], [14.268742755925341, 40.84241045790105], [14.268705425348399, 40.84353258013412], [14.268697916284877, 40.843758330374115], [14.268697915778558, 40.84375835398335], [14.268689763208735, 40.84460451550832], [14.268689519944141, 40.8446299355526], [14.268689508012208, 40.84463013538755], [14.268689476162553, 40.844630333028576], [14.268689424714278, 40.8446305264955], [14.268689354182849, 40.844630713849966], [14.268689265274926, 40.84463089321484], [14.268689158881287, 40.844631062793056], [14.2686890360679, 40.84463122088559], [14.268688898065244, 40.8446313659085], [14.268688746255979, 40.84463149640878], [14.268688582161099, 40.844631611078945], [14.268688407424683, 40.84463170877011], [14.268688223797435, 40.84463178850348], [14.268688033119131, 40.84463184948021], [14.268687837300197, 40.844631891089364], [14.26868763830256, 40.84463191291406], [14.268687438119995, 40.844631914735636], [14.268637833224677, 40.84462988131897], [14.268416794354978, 40.84462065912274], [14.268251536442456, 40.84461382520682], [14.268251346373686, 40.84461380823558], [14.26825115878749, 40.8446137732273], [14.268250975391565, 40.84461372050069], [14.268250797855465, 40.84461365053575], [14.268250627795396, 40.844613563969396], [14.268250466759508, 40.844613461589695], [14.268250316213795, 40.844613344328664], [14.268250177528758, 40.844613213253794], [14.268250051966922, 40.844613069558335], [14.268249940671344, 40.84461291455042], [14.268249844655207, 40.84461274964116], [14.268249764792598, 40.84461257633183], [14.26824970181055, 40.84461239620015], [14.268249656282421, 40.844612210885956], [14.26824962862268, 40.84461202207627], [14.268249619083129, 40.844611831489914], [14.26824962775061, 40.84461164086191], [14.268255585606623, 40.8445478737904], [14.268255587656428, 40.84454782587846], [14.268255539947054, 40.84454782102303], [14.26788559260927, 40.84452893086212], [14.267885547971035, 40.844528929581344], [14.267139728570404, 40.84452419233278], [14.266589865065232, 40.844524832739076], [14.266589818589942, 40.84452483505878], [14.266589815812214, 40.84452488150904], [14.266589351076583, 40.8445670427642], [14.266588930895562, 40.84460572729634], [14.266588919661134, 40.8446059183668], [14.266588890213608, 40.84460610748839], [14.266588842822685, 40.844606292929036], [14.266588777922394, 40.84460647299038], [14.266588696107126, 40.84460664602331], [14.266588598126189, 40.8446068104431], [14.266588484876946, 40.84460696474392], [14.266588357396593, 40.84460710751259], [14.266588216852663, 40.84460723744156], [14.266588064532334, 40.84460735334087], [14.266587901830633, 40.84460745414905], [14.266587730237672, 40.84460753894285], [14.26658755132499, 40.84460760694569], [14.266587366731166, 40.84460765753475], [14.266587178146807, 40.84460769024671], [14.26658698729907, 40.844607704781986], [14.266586795935838, 40.844607701007455], [14.26652353781567, 40.84460341884935], [14.266523345393768, 40.84460339641986], [14.26652315604457, 40.84460335547903], [14.266522971544612, 40.844603296410966], [14.266522793624931, 40.84460321976987], [14.266522623954826, 40.84460312627481], [14.266522464126194, 40.844603016803], [14.2665223156386, 40.844602892381516], [14.266522179885202, 40.844602754177735], [14.26652205813968, 40.84460260348832], [14.26652195154429, 40.8446024417271], [14.266521861099145, 40.844602270411755], [14.266521787652827, 40.84460209114963], [14.266521731894436, 40.844601905622625], [14.266521694347112, 40.84460171557139], [14.266521675363139, 40.84460152277907], [14.266513597082158, 40.84443912220698], [14.266513595303955, 40.844438970252895], [14.26651857231792, 40.84424976348685], [14.26651857254349, 40.844249755516095], [14.266529941474708, 40.843874478933635], [14.266529940868638, 40.843874402544024], [14.266522163316425, 40.843706005760815], [14.26652216240814, 40.84370584359986], [14.266536240699951, 40.843303205698575], [14.266536240054691, 40.84330315946701], [14.266536194078162, 40.84330316435899], [14.266401082391589, 40.84332426355426], [14.26640103703904, 40.84332427288554], [14.266401031511203, 40.84332431885686], [14.266398616422594, 40.84335796187092], [14.266366867423088, 40.84380010737173], [14.266366865238856, 40.843800206592], [14.266373755117021, 40.84404920932266], [14.266373755873381, 40.84404927058183], [14.266372953390222, 40.84431944031814], [14.266372953339184, 40.84431944985153], [14.266371769024044, 40.84447251735468], [14.266371770337106, 40.84447257689311], [14.266375959640408, 40.844553319901266], [14.266375973099366, 40.84455343946982], [14.266386955033129, 40.84461652839963], [14.266386979154447, 40.84461672305887], [14.266386984091712, 40.84461691914477], [14.266386969797434, 40.84461711477128], [14.266386936409102, 40.84461730805676], [14.266386884247863, 40.844617497142096], [14.26638681381543, 40.844617680208565], [14.26638672578926, 40.84461785549533], [14.266386621016032, 40.84461802131641], [14.266386500503511, 40.844618176076835], [14.266386365410845, 40.84461831828805], [14.266386217037429, 40.844618446582196], [14.266386056810392, 40.84461855972527], [14.266385886270882, 40.844618656629], [14.266385707059232, 40.84461873636132], [14.266385520899197, 40.844618798155324], [14.266385329581356, 40.84461884141665], [14.266385134945905, 40.84461886572918], [14.266328581169194, 40.84462312733637], [14.266194137448874, 40.844633234482146], [14.266194081589079, 40.844633237896346], [14.265819882215391, 40.84465085827095], [14.265819803511013, 40.844650860425524], [14.265450938593089, 40.84465369482759], [14.265450920904687, 40.84465369488529], [14.265376162215334, 40.84465360814208], [14.265023731850938, 40.844655789859175], [14.26502370759702, 40.844655790303555], [14.264857644166817, 40.84466084842522], [14.26475688438113, 40.84466394343285], [14.264756808824687, 40.844663944325625], [14.264586474064162, 40.84466273900565], [14.26458619547991, 40.8446627175161], [14.26444650239297, 40.84464204829629], [14.264446307166994, 40.844642009395876], [14.264446116775066, 40.844641951281], [14.264445933103326, 40.84464187452739], [14.264445757971338, 40.84464177989541], [14.264445593114065, 40.84464166832255], [14.264445440164682, 40.84464154091411], [14.2644453006384, 40.844641398932275], [14.264445175917448, 40.844641243783606], [14.264445067237391, 40.8446410770051], [14.264444975674879, 40.84464090024897], [14.264444902136983, 40.84464071526626], [14.264444847352216, 40.844640523889524], [14.26444481186331, 40.84464032801466], [14.264444796021836, 40.844640129582125], [14.264444799984734, 40.844639930557705], [14.264451602318355, 40.84454248790017], [14.26445161400797, 40.84454237045535], [14.264493211290173, 40.8442209877792], [14.26449731583012, 40.844189274217754], [14.264551460322595, 40.84377094347218], [14.264609710206642, 40.843320900905326], [14.264632120989818, 40.84314774871911], [14.264632123792573, 40.84314772792194], [14.26467091404654, 40.842870875274], [14.264730505627265, 40.84244555763486], [14.264730509611578, 40.84244551738186], [14.264730510322329, 40.84244547693839], [14.264726586386098, 40.84227469322683], [14.26472658297851, 40.84227464597803], [14.264726538045208, 40.84227463097593], [14.264602316896953, 40.84223982148692], [14.264602306197565, 40.842239818552635], [14.264387438581457, 40.84218217109198], [14.264387194275928, 40.84218208832435], [14.264292716553342, 40.84214312216857], [14.264292710725657, 40.84214311975426], [14.264161579647709, 40.8420885518077], [14.26416149937546, 40.842088522364726], [14.263903685287113, 40.842006287185434], [14.263903503970566, 40.84200621952245], [14.263861709920405, 40.84198827412407], [14.263861705817444, 40.84198827235692], [14.263818513553305, 40.84196961222371], [14.263818468931142, 40.84196959550581], [14.263818436619594, 40.841969630528475], [14.26377918150361, 40.842016633342936], [14.263779120584166, 40.84201671429782], [14.263574834653832, 40.84231894001582], [14.263574737543381, 40.842319071728795], [14.263536456006527, 40.84236677707974], [14.263536360774651, 40.84236688728128], [14.263500498259587, 40.84240545425937], [14.263375307798665, 40.84254072216714], [14.263375300437286, 40.84254073007811], [14.263331528821665, 40.84258751553237], [14.263331524132585, 40.84258752052714], [14.263229018507689, 40.84269633451103], [14.263229014529415, 40.8426963387219], [14.263185379705089, 40.84274239091738], [14.26318537242047, 40.842742398565015], [14.262999462079089, 40.84293654448267], [14.26299942879006, 40.842936578429246], [14.262954023877374, 40.84298179239844], [14.262953990441149, 40.842981824926326], [14.262821781238067, 40.843107474923855], [14.262821760710823, 40.843107495001455], [14.262776690014745, 40.84315286277793], [14.262776670580804, 40.84315288289503], [14.262643511874783, 40.84329463760326], [14.262643490267918, 40.843294661358016], [14.262601893695056, 40.84334189483943], [14.262601871744595, 40.84334192063236], [14.26243373870625, 40.84354640325232], [14.262433730183146, 40.843546413762226], [14.262395322532468, 40.84359443506451], [14.262395259261076, 40.84359452366947], [14.262311567112071, 40.84372636538772], [14.26231145967007, 40.84372651834447], [14.262311338417499, 40.84372666060256], [14.262311204413487, 40.8437267909194], [14.262311058828544, 40.84372690815666], [14.262261648939464, 40.84376302508854], [14.26226164007, 40.84376303164718], [14.262226478340885, 40.84378933364854], [14.262226313995525, 40.84378944432681], [14.262226139505286, 40.843789538200305], [14.262225956582753, 40.84378961434769], [14.262225767023269, 40.84378967202159], [14.262225572687314, 40.84378971065595], [14.26222537548225, 40.84378972987158], [14.262225177343602, 40.84378972947989], [14.262224980216054, 40.84378970948471], [14.262224786034368, 40.8437896700823], [14.262224596704392, 40.84378961165938], [14.262224414084354, 40.843789534789366], [14.262224239966631, 40.843789440226715], [14.262224076060146, 40.84378932889953], [14.262179618866325, 40.8437557986789], [14.26194804795796, 40.84358114860091], [14.261948016166034, 40.84358112558826], [14.261723003877373, 40.84342488660051], [14.261722980758426, 40.843424871020815], [14.26153390446646, 40.84330125122666], [14.261311399557055, 40.8431556302645], [14.26100987920868, 40.84296236135539], [14.261009809098525, 40.84296232033628], [14.260908556690323, 40.84290847926049], [14.260908463902293, 40.842908435866214], [14.26083900786357, 40.84288019540969], [14.260838842259933, 40.84288011910355], [14.260838684294054, 40.84288002803229], [14.260785488332974, 40.84284603758262], [14.260667941383003, 40.842770923809766], [14.260667886432527, 40.84277088740681], [14.260348318004592, 40.84255152158396], [14.260348125240421, 40.842551371130554], [14.260161431485974, 40.84238633191064], [14.260161400991946, 40.84238630439061], [14.260136226912874, 40.842363111992526], [14.26013619767548, 40.84236308706742], [14.26013616660752, 40.84236306446538], [14.25994105076332, 40.84223229739792], [14.25994089199151, 40.842232179197374], [14.259940745681199, 40.8422320458814], [14.259940613265492, 40.84223189875582], [14.259940496041398, 40.84223173926172], [14.259940395157122, 40.84223156896134], [14.259940311600818, 40.84223138952277], [14.259940246190922, 40.8422312027036], [14.25994019956812, 40.84223101033372], [14.259940172189081, 40.84223081429739], [14.25994016432198, 40.84223061651477], [14.259940176043877, 40.84223041892314], [14.259940207239955, 40.84223022345789], [14.25994025760465, 40.84223003203361], [14.259940326644642, 40.8422298465253], [14.259940413683687, 40.84222966874999], [14.25994051786924, 40.84222950044899], [14.259940638180806, 40.842229343270795], [14.25994077343994, 40.84222919875497], [14.259940922321782, 40.842229068317046], [14.259941083368041, 40.842228953234645], [14.259974722158471, 40.84220734683671], [14.259974976270525, 40.84220720849219], [14.260048744709303, 40.84217371936658], [14.260048796259664, 40.8421736941553], [14.26011413495418, 40.84213938184727], [14.260114174388704, 40.84213935864274], [14.260114148418198, 40.84213932097213], [14.260050167972153, 40.842055488586325], [14.260050163769563, 40.84205548305989], [14.260020120918682, 40.84201583383304], [14.2600200287874, 40.842015701476754], [14.259966249742408, 40.841931384816455], [14.259966151750714, 40.841931212991994], [14.259966071211178, 40.84193103232821], [14.259966008911595, 40.841930844592284], [14.259965965461353, 40.84193065162054], [14.259965941285458, 40.84193045530053], [14.259965936620388, 40.84193025755257], [14.259965951511774, 40.84193006031093], [14.259965985813954, 40.84192986550493], [14.259966039191404, 40.84192967504006], [14.259966111122012, 40.84192949077936], [14.259966200902186, 40.841929314525174], [14.259966307653743, 40.84192914800153], [14.259966430332492, 40.84192899283729], [14.259966567738449, 40.841928850550175], [14.259966718527577, 40.84192872253199], [14.259966881224932, 40.84192861003493], [14.25996705423909, 40.841928514159385], [14.260068857995329, 40.841878512084044], [14.260068910000431, 40.84187848461378], [14.260128579482972, 40.841844684611246], [14.260128598795307, 40.841844673384934], [14.260339101920778, 40.84171914084025], [14.260339112400706, 40.84171913450328], [14.260398137412444, 40.841682948009996], [14.260398149353254, 40.84168294057337], [14.260539460647776, 40.841593547690096], [14.260597000452782, 40.84155668772626], [14.260801477605149, 40.84142422937976], [14.260801593501311, 40.84142415974854], [14.260860941597977, 40.84139118031839], [14.260860953796056, 40.84139117342771], [14.261014944041232, 40.84130275609358], [14.261014991058094, 40.84130272545142], [14.261015034328695, 40.841302689714084], [14.261062754091585, 40.84125852634684], [14.26106292460281, 40.84125838523021], [14.261063109662816, 40.84125826381862], [14.262221172449202, 40.84058707845397], [14.262221213054373, 40.84058705208572], [14.262221193135176, 40.84058700795762], [14.262129076989023, 40.8404077506532], [14.262129053548973, 40.84040771007145], [14.262129010872155, 40.84040772943637], [14.261215202242107, 40.84087776082047], [14.26121502008023, 40.8408778432779], [14.26121483059516, 40.840877907133866], [14.261214635680899, 40.840877951750095], [14.261214437285721, 40.840877976680616], [14.261214237392698, 40.84087798167625], [14.261214037999869, 40.840877966687046], [14.26121384110027, 40.84087793186284], [14.261213648662023, 40.84087787755172], [14.261213462608652, 40.840877804296554], [14.261213284799862, 40.84087771282956], [14.261213117012948, 40.840877604065], [14.261212960925032, 40.84087747909005], [14.261212818096297, 40.840877339153884], [14.261212689954395, 40.84087718565525], [14.26088899484891, 40.84044747262272], [14.260888965066226, 40.840447436871074], [14.260888929201876, 40.84044746651804], [14.26052074967566, 40.84078347526132], [14.260520674296576, 40.84078355187962], [14.260478396449743, 40.84083142234898], [14.260478371978854, 40.840831449551324], [14.260426349653137, 40.840888225418865], [14.260426212443328, 40.840888361360555], [14.260426062760164, 40.840888483432764], [14.26042590199969, 40.84088859049697], [14.260425731661268, 40.84088868155462], [14.260425553333585, 40.840888755756446], [14.260188406330121, 40.840974247888674], [14.260188353511214, 40.84097427045145], [14.260188303641987, 40.84097429894684], [14.260131131143405, 40.841011498470095], [14.260130984175342, 40.8410115853993], [14.259943965310347, 40.841111683531906], [14.259943824805308, 40.841111751814466], [14.25994367939946, 40.84111180892237], [14.259794852741756, 40.84116364779701], [14.259721622456295, 40.84118915432896], [14.25972157926669, 40.841189171672184], [14.259721537882161, 40.84118919296674], [14.259688681981658, 40.841208088355216], [14.259688512305233, 40.84120817544564], [14.259688335104727, 40.84120824597797], [14.259688151991545, 40.841208299310814], [14.259687964630867, 40.84120833495918], [14.259687774726498, 40.84120835259888], [14.259687584005368, 40.84120835206953], [14.25968739420184, 40.841208333375924], [14.259687207041937, 40.84120829668806], [14.259687024227631, 40.84120824233956], [14.259686847421383, 40.841208170824665], [14.259686678231018, 40.841208082793706], [14.259686518195105, 40.841207979047205], [14.259601793701146, 40.84114712733136], [14.259601789931098, 40.84114712461696], [14.259546648335212, 40.841107325762465], [14.25954650798027, 40.84110721457499], [14.259546378132425, 40.84110709127981], [14.259546259832478, 40.841106956865204], [14.259466623684752, 40.84100785888192], [14.259466554165035, 40.841007781069244], [14.259334367453834, 40.84087453357855], [14.259334333380346, 40.840874502384544], [14.259334295386584, 40.84087452866282], [14.259272348977847, 40.840921932566616], [14.259272313728, 40.84092196234345], [14.259272338939654, 40.84092200099034], [14.25935198628762, 40.84103209777211], [14.259352015940516, 40.84103213489066], [14.259352052103667, 40.84103216570161], [14.259420498063307, 40.84108505485366], [14.259420648851165, 40.8410851838068], [14.25942078612009, 40.84108532706577], [14.259420908519154, 40.84108548322069], [14.259421014843769, 40.84108565073477], [14.259421104047544, 40.84108582795942], [14.259421175252584, 40.84108601315049], [14.259421227758127, 40.84108620448543], [14.25942126104744, 40.84108640008122], [14.259421274792905, 40.8410865980129], [14.259421268859251, 40.84108679633255], [14.259421243304871, 40.841086993088396], [14.259421198381258, 40.841087186344076], [14.259421134530527, 40.84108737419768], [14.259421052381063, 40.84108755480043], [14.259420952741337, 40.84108772637495], [14.259420836591952, 40.84108788723269], [14.259420705075987, 40.84108803579056], [14.259420559487756, 40.841088170586545], [14.259420401260058, 40.841088290294046], [14.259366606465692, 40.84112494019717], [14.259366598023338, 40.84112494591741], [14.259233694627834, 40.84121450301527], [14.259233547070952, 40.841214593419075], [14.259173820599408, 40.841247720885676], [14.259173741836603, 40.84124776230772], [14.259056877318955, 40.841305940878975], [14.259056692826192, 40.84130602140828], [14.259056501172855, 40.84130608298382], [14.258931147600068, 40.84133949984615], [14.258931100579144, 40.84133951491188], [14.258931055279524, 40.8413395345556], [14.258795467753915, 40.84140649415363], [14.258795293914833, 40.841406569974694], [14.258795113675529, 40.84140662898871], [14.258794928656757, 40.841406670665], [14.258794740522243, 40.841406694628816], [14.258794550963733, 40.84140670066467], [14.258794361685778, 40.84140668871828], [14.258794174390408, 40.84140665889708], [14.258793990761822, 40.84140661146921], [14.258793812451248, 40.84140654686117], [14.258793641062091, 40.84140646565392], [14.258793478135523, 40.841406368577694], [14.258793325136612, 40.84140625650543], [14.258793183441158, 40.841406130444895], [14.258635973429843, 40.84125230918089], [14.258524523789493, 40.84114491966786], [14.258524415041999, 40.84114480631565], [14.258374771596284, 40.84097603152871], [14.25828285743288, 40.84087236508686], [14.258282783673664, 40.84087227691706], [14.258033529041535, 40.84055629913428], [14.2580334112265, 40.84055613304286], [14.258033310911129, 40.84055595583234], [14.257951406099295, 40.840392361764025], [14.257951381879964, 40.84039231884434], [14.257951349679638, 40.84039228153722], [14.25780019170528, 40.84023376351609], [14.257800185139637, 40.840233756597804], [14.257729944182465, 40.84015938862882], [14.257729895361965, 40.84015933502596], [14.257490548484599, 40.83988677801048], [14.257490443245734, 40.83988664752203], [14.25733092099586, 40.839670941340245], [14.257274754072133, 40.83959498972321], [14.257274740633205, 40.83959497196745], [14.257190755381657, 40.83948653953148], [14.25719063817291, 40.83948637099986], [14.257190538857051, 40.8394861913414], [14.257190458480391, 40.839486002448865], [14.257169587971358, 40.83942899807636], [14.257169528537787, 40.839428806481756], [14.257169488596045, 40.839428609897176], [14.257169468547954, 40.8394284103003], [14.2571694685952, 40.839428209699115], [14.25716948873731, 40.8394280101117], [14.257169528771652, 40.83942781354596], [14.257169588295467, 40.839427621979375], [14.257169666709938, 40.83942743733916], [14.257169763226196, 40.83942726148282], [14.257169876873268, 40.83942709617952], [14.25717000650784, 40.83942694309223], [14.257170150825763, 40.83942680376106], [14.257170308375166, 40.83942667958769], [14.257170477571071, 40.83942657182134], [14.257219046872297, 40.839398958442914], [14.257219189831293, 40.83939888461063], [14.257219338262626, 40.83939882250894], [14.257322474091175, 40.83936046980763], [14.257322693968119, 40.839360402158626], [14.257322920158906, 40.83936036020645], [14.25736926530088, 40.839354496927456], [14.257369313084272, 40.83935448849028], [14.257369356382268, 40.83935446658778], [14.257427334117004, 40.83932148246282], [14.257427374574766, 40.83932145666265], [14.257427351147935, 40.83932141478581], [14.257340446709941, 40.83918294993114], [14.257301698740823, 40.83912120630887], [14.257301601461466, 40.83912103266577], [14.257301521923004, 40.8391208502135], [14.257301460913173, 40.83912066075902], [14.2573014190362, 40.83912046617866], [14.257301396706826, 40.8391202683995], [14.257301394146198, 40.8391200693803], [14.257301411379675, 40.83911987109211], [14.257301448236582, 40.839119675498736], [14.257301504351894, 40.8391194845373], [14.257301579169855, 40.83911930009904], [14.257301671949485, 40.8391191240106], [14.257301781771911, 40.83911895801592], [14.257301907549477, 40.83911880375899], [14.257302048036504, 40.839118662767525], [14.257302201841638, 40.83911853643788], [14.257302367441625, 40.8391184260212], [14.25735842598234, 40.839084952822006], [14.257358600079446, 40.839084860190596], [14.257358782452863, 40.83908478515515], [14.25735897132945, 40.839084728445215], [14.257359164872833, 40.83908469061216], [14.257426887725195, 40.83907488990773], [14.257426962722871, 40.839074876115426], [14.258135237660325, 40.8389164759607], [14.258135265634028, 40.83891646928079], [14.258398489045753, 40.83884959809392], [14.25899323717109, 40.83869850285291], [14.25934513401475, 40.838609101726846], [14.259345258264329, 40.83860907433624], [14.259587801898405, 40.83856364352768], [14.26018282743683, 40.838452169645066], [14.260680373698603, 40.838358987878195], [14.260680485393925, 40.83835896021846], [14.261193004122001, 40.83820021387683], [14.26119303356218, 40.83820020425594], [14.261370607172376, 40.83813911445862], [14.261370611325667, 40.83813911303488], [14.261447814488054, 40.838112742599215], [14.261447909554642, 40.838112712750096], [14.261666914464495, 40.838049898027265], [14.261666954953835, 40.83804988451436], [14.261666992405555, 40.838049864363825], [14.261726479061814, 40.838014521296905], [14.261726517837804, 40.83801449561187], [14.261726492330592, 40.83801445671865], [14.26167862297153, 40.83794872046815], [14.261678582442121, 40.83794866850145], [14.261641245419286, 40.83790391860803], [14.261573811425997, 40.83782316153688], [14.261573667338622, 40.83782296596547], [14.261573548024163, 40.8378227543682], [14.261507340533738, 40.83768662245878], [14.261507271864415, 40.837686464265055], [14.261507217078343, 40.83768630074374], [14.261461247341673, 40.83752653129213], [14.26146124137851, 40.83752651012988], [14.261438826200578, 40.837445254259386], [14.261413430144726, 40.83735319401666], [14.26141340439917, 40.83735311398453], [14.26135303965413, 40.83718942414588], [14.26135298809481, 40.83718930777028], [14.261316343468016, 40.83711905791579], [14.26131632194558, 40.83711902068012], [14.261316291582533, 40.837118990220496], [14.261288389398386, 40.83709332311043], [14.261288353436846, 40.83709329308117], [14.261288307241502, 40.83709330089009], [14.261106315921626, 40.83713312223142], [14.261106279291065, 40.837133130972454], [14.260937154355036, 40.837176870688126], [14.260788891831728, 40.83721663780052], [14.26057299511345, 40.83727454620711], [14.260572957069552, 40.837274557223495], [14.260199980177648, 40.83739061426019], [14.260199804925653, 40.83739066019835], [14.259988368205708, 40.83743595848629], [14.259879382954745, 40.83745930775976], [14.259879330632293, 40.83745931824142], [14.259591405074167, 40.83751301292821], [14.259591393110767, 40.83751301523475], [14.259239481475515, 40.83758308954204], [14.259239378820718, 40.83758311570869], [14.258867973587257, 40.83769906992156], [14.258867817560693, 40.837699111798614], [14.258867658663295, 40.837699140946384], [14.25858724791752, 40.837738949440165], [14.258587200851665, 40.83773895727171], [14.25841049242633, 40.83777271223644], [14.258308450178575, 40.83779220467785], [14.258308417102366, 40.837792211577344], [14.25810907688343, 40.83783732006028], [14.258108944884516, 40.83783734530081], [14.257940682318692, 40.837863694296594], [14.257940640998036, 40.83786370256867], [14.257940600522842, 40.83786371429847], [14.257900574065436, 40.83787717093564], [14.25790038487333, 40.837877224347785], [14.257900191351451, 40.83787725892801], [14.257899995369533, 40.83787727434221], [14.25789979882108, 40.83787727044147], [14.257899603605072, 40.837877247263464], [14.257899411607612, 40.83787720503213], [14.257899224683706, 40.8378771441555], [14.257899044639348, 40.83787706522174], [14.257898873214057, 40.83787696899348], [14.257898712064078, 40.83787685640043], [14.257898562746385, 40.837876728530425], [14.25789842670363, 40.83787658661891], [14.257898305250206, 40.83787643203697], [14.257898199559552, 40.83787626627812], [14.25789811065281, 40.837876090943865], [14.257898039388964, 40.83787590772822], [14.257872328931155, 40.83779878593341], [14.257857227362292, 40.83775437025812], [14.257857204680834, 40.837754314764815], [14.257857175491653, 40.83775426240046], [14.257807516046038, 40.83767657936517], [14.257764672961581, 40.83761003961616], [14.257764644858844, 40.83761000039216], [14.257764596652304, 40.837610002497605], [14.25767743368074, 40.837618157203046], [14.257677389325437, 40.83761816337209], [14.257677345702454, 40.837618173494924], [14.25748603063443, 40.83767172499579], [14.257485933186084, 40.83767174964972], [14.257339815077284, 40.83770483332039], [14.257227539415151, 40.83773080195165], [14.257122289757064, 40.83775602941395], [14.25712226386727, 40.83775603543788], [14.256720640392121, 40.83784667425589], [14.256720548175995, 40.83784669279977], [14.256635603043847, 40.83786170545311], [14.25663559737359, 40.837861706446816], [14.25644074927009, 40.8378955645769], [14.25644073401806, 40.83789556734915], [14.256284553904045, 40.83792520752654], [14.256167868142764, 40.8379485439014], [14.256167837147105, 40.83794855061325], [14.256047846167355, 40.837976532839384], [14.256047806380742, 40.83797654298337], [14.255852847001206, 40.83803053618939], [14.255852761909983, 40.838030563912426], [14.255717069625433, 40.83808159903431], [14.25571691272268, 40.838081650756806], [14.255716752086393, 40.8380816893531], [14.255716588812662, 40.83808171455984], [14.25565040529987, 40.83808914889837], [14.255650218032194, 40.83808916107426], [14.255650030447681, 40.83808915564428], [14.255649844197892, 40.83808913265625], [14.255649660922634, 40.83808909231255], [14.25564948223553, 40.838089034968384], [14.255649309709804, 40.83808896112864], [14.255649144864437, 40.83808887144342], [14.255648989150783, 40.83808876670234], [14.255648843939804, 40.8380886478276], [14.25564871050999, 40.83808851586579], [14.255648590036099, 40.83808837197876], [14.25559671668204, 40.8380201544096], [14.255596591909024, 40.83801996981996], [14.255544906985829, 40.837933485857995], [14.255544821746422, 40.8379333274595], [14.2555447510835, 40.837933162043086], [14.255523676990375, 40.83787695800621], [14.255523658803728, 40.83787691576765], [14.255523613522264, 40.83787692379565], [14.255313957596314, 40.83792453691483], [14.255313946472304, 40.837924539508], [14.255211657124278, 40.837949001577144], [14.255152559390732, 40.837963133520844], [14.255152362901299, 40.83796317023638], [14.255152163728281, 40.837963187154905], [14.255151963861225, 40.83796318410743], [14.255151765296606, 40.83796316112439], [14.255151570017896, 40.83796311843537], [14.255151379975738, 40.83796305646678], [14.25515119706847, 40.83796297583764], [14.255151023123158, 40.83796287735335], [14.255150859877348, 40.837962761997666], [14.255150708961706, 40.83796263092289], [14.255150571883735, 40.83796248543833], [14.255150450012712, 40.837962326997236], [14.255150344566008, 40.837962157182275], [14.255120509591615, 40.8379082754351], [14.254985769777495, 40.8376649270517], [14.254985697721782, 40.83766481520656], [14.254904200729031, 40.83755511956796], [14.25490415891652, 40.837555061123155], [14.254702702069352, 40.83726250050498], [14.254702629391295, 40.8372624072883], [14.254629572014508, 40.83717934598111], [14.254629477871658, 40.837179230548266], [14.254629392581101, 40.8371791084289], [14.254509551705885, 40.83699313100755], [14.254509478063948, 40.836993030980445], [14.254474811280089, 40.83695160728245], [14.254436878184126, 40.83690640791087], [14.25443681337791, 40.83690632647857], [14.254386503223337, 40.83683961816164], [14.254386501587756, 40.83683961598989], [14.254359340232961, 40.8368034996042], [14.254359243725744, 40.836803359206016], [14.254359159517504, 40.836803211103806], [14.254325147057223, 40.83673697513119], [14.254325121491934, 40.836736931048804], [14.25432509155864, 40.836736889807604], [14.254303836466413, 40.83671055104309], [14.2543037139379, 40.83671038183456], [14.254303609728685, 40.83671020076771], [14.25430352497582, 40.8367100098182], [14.254290956585299, 40.836677165620074], [14.254290935572318, 40.8366771182991], [14.254290897111778, 40.83667708363489], [14.254257249900583, 40.836649812739935], [14.254257103966863, 40.83664968211743], [14.254256971509019, 40.836649537847514], [14.254256853797283, 40.8366493813137], [14.254256751960481, 40.83664921401709], [14.254256666975198, 40.836649037562026], [14.254256599656419, 40.836648853640654], [14.254256550649714, 40.83664866401673], [14.254256520425042, 40.8366484705087], [14.254256509272249, 40.83664827497225], [14.254256517298288, 40.83664807928251], [14.254256544426193, 40.83664788531611], [14.254256590395812, 40.83664769493312], [14.25425665476631, 40.83664750995926], [14.254256736920395, 40.83664733216839], [14.254256836070226, 40.836647163265454], [14.25425695126499, 40.83664700487021], [14.254257081399997, 40.8366468585016], [14.25425722522729, 40.83664672556327], [14.254257381367605, 40.83664660733007], [14.2542575483236, 40.83664650493581], [14.254297851221475, 40.83662442666891], [14.254297927336124, 40.83662438044965], [14.254366581452167, 40.83657838470281], [14.254366612397858, 40.8365783631134], [14.25440275451399, 40.83655212084902], [14.254402772188712, 40.836552108161904], [14.254458313925403, 40.836512695667125], [14.254458349300743, 40.836512667894716], [14.254458310693641, 40.836512644825014], [14.254332804315249, 40.83644567193053], [14.254332686481868, 40.83644561854615], [14.254180938913976, 40.83638839762682], [14.254180888208536, 40.83638838156854], [14.254180835432136, 40.83638838816813], [14.253988265409147, 40.83642309010284], [14.25398813314496, 40.83642312339951], [14.253795436441033, 40.83648590231675], [14.253795289741648, 40.8364859439949], [14.253658745023149, 40.83651916728803], [14.253658685349842, 40.83651918084393], [14.253495534801115, 40.83655362754034], [14.25349549305789, 40.836553638256504], [14.2534954523954, 40.836553652535734], [14.253381344848389, 40.836599350748834], [14.253381289042963, 40.83659937509506], [14.253255281031455, 40.83665897942929], [14.253255098055929, 40.83665905513614], [14.253254908490735, 40.8366591123778], [14.253254714194163, 40.83665915059314], [14.25325451707088, 40.83665916940755], [14.253111594274918, 40.836665695730886], [14.253111583443859, 40.83666569619606], [14.25307069251417, 40.83666734135013], [14.253070469063283, 40.83666733784442], [14.253070247398476, 40.83666730943138], [14.252913787749778, 40.83663829125147], [14.252913568301945, 40.836638237573766], [14.252913356307834, 40.83663815948955], [14.252604739114348, 40.83650423707615], [14.252604708099405, 40.836504224231675], [14.252329358817207, 40.83639556960177], [14.252329239972928, 40.83639551819895], [14.25215481276655, 40.83631327300829], [14.252154754272091, 40.836313244252956], [14.25206626000429, 40.83626793609591], [14.252066089541971, 40.83626783795466], [14.252065929544324, 40.836267723543735], [14.252065781558892, 40.836267593969744], [14.252047045651134, 40.836249486037566], [14.252046911050977, 40.83624934248515], [14.25204679120977, 40.83624918639996], [14.25204668728771, 40.83624901929309], [14.252046600290878, 40.836248842782325], [14.252046531061502, 40.83624865857649], [14.2520464802698, 40.836248468458884], [14.252046448407494, 40.836248274270076], [14.252046435783047, 40.836248077890026], [14.252046442518676, 40.83624788121992], [14.252046468549173, 40.836247686163745], [14.252046513622535, 40.83624749460986], [14.2520465773024, 40.836247308412716], [14.252046658972276, 40.836247129374925], [14.252046757841505, 40.83624695922977], [14.252046872952924, 40.83624679962444], [14.252047003192123, 40.8362466521041], [14.25204714729824, 40.836246518096914], [14.252047303876168, 40.836246398900215], [14.252178793850494, 40.83615616098148], [14.252178817404413, 40.83615614506214], [14.252235235742342, 40.83611859507427], [14.252235263665217, 40.83611857682399], [14.25229110543487, 40.836082739927456], [14.252291167262243, 40.83608269687586], [14.25234450936919, 40.83604248634898], [14.252344570742041, 40.8360424361466], [14.252455921018381, 40.83594372824133], [14.252455927956701, 40.835943722119374], [14.252505421010188, 40.83590025560658], [14.252505429058377, 40.83590024857638], [14.252619538012393, 40.83580110907225], [14.252619557698845, 40.8358010921911], [14.2526703426516, 40.835758112264486], [14.252670363436893, 40.83575809491373], [14.252702341168343, 40.83573176637318], [14.252702349395566, 40.835731759636], [14.252754065754136, 40.83568963885952], [14.252787798181334, 40.83566216737012], [14.252787860297818, 40.83566211878783], [14.2528412841621, 40.83562200718252], [14.25284133888356, 40.835621967524474], [14.25295849661613, 40.83554004324739], [14.25295859414621, 40.83553996555229], [14.253000096872434, 40.83550243888661], [14.253000193363365, 40.835502338563195], [14.253039742322786, 40.83545501957207], [14.253039871207147, 40.83545487949146], [14.253040012824945, 40.83545475229808], [14.253040165893347, 40.83545463914411], [14.25304032902579, 40.83545454105454], [14.253040500744548, 40.83545445891792], [14.253040679494122, 40.83545439347827], [14.253040863655313, 40.83545434532839], [14.253041051559913, 40.83545431490441], [14.2530412415058, 40.83545430248195], [14.253041431772356, 40.83545430817353], [14.253041620636067, 40.83545433192759], [14.253041806386122, 40.83545437352897], [14.253041987339914, 40.835454432600805], [14.253042161858286, 40.83545450860801], [14.25304232836037, 40.83545460086207], [14.253042485337923, 40.835454708527315], [14.253210462898872, 40.83558208312601], [14.253273112784768, 40.83562958870184], [14.253578452567915, 40.835861120152266], [14.253578490151908, 40.83586114599095], [14.25357853530437, 40.835861139553074], [14.25366261784818, 40.83584513263855], [14.25366280713253, 40.83584510590412], [14.253662998104643, 40.83584509736321], [14.253663189019832, 40.83584510709387], [14.253663378133929, 40.83584513500718], [14.253718805733243, 40.83585604514687], [14.253718985776333, 40.835856089342876], [14.253719160953631, 40.835856150020014], [14.253719329759981, 40.83585622665693], [14.253719490744963, 40.835856318595155], [14.253719642525363, 40.835856425044724], [14.253765453593171, 40.835891831777545], [14.253765606790552, 40.835891963041355], [14.25376574598472, 40.835892109070834], [14.25376586975939, 40.83589226838014], [14.253765976855165, 40.83589243934832], [14.253766066182356, 40.835892620235796], [14.253783432551371, 40.83593276988244], [14.253783453038114, 40.83593281169201], [14.253783494923168, 40.83593283202378], [14.253954382381123, 40.83600599800008], [14.25395452817751, 40.83600606751826], [14.254150825184215, 40.836109593211916], [14.25415083921222, 40.836109600469186], [14.254359001265167, 40.83621521586344], [14.254359043962125, 40.83621523817729], [14.254570399535332, 40.836328956241736], [14.2545705625243, 40.83632905420247], [14.254665088122307, 40.836392170999055], [14.254665130391817, 40.83639219624277], [14.254665177874246, 40.836392183228014], [14.25469677677955, 40.83638178548968], [14.254697028171071, 40.836381720512335], [14.254790313756416, 40.836363975553496], [14.254790329763393, 40.83636397257608], [14.254848375486874, 40.8363534199], [14.254848423870579, 40.83635340855915], [14.254848460760439, 40.83635337526161], [14.254903222535743, 40.836298693914316], [14.25490338722041, 40.836298546708896], [14.254955438281923, 40.83625695506628], [14.254955474352206, 40.8362569232264], [14.254955482080558, 40.836256875738385], [14.254961145976766, 40.836206656404954], [14.254961186654901, 40.83620642199398], [14.255021096287779, 40.83595208593821], [14.255021104827666, 40.835952040037164], [14.255021087305238, 40.83595199676132], [14.254958453060393, 40.83581618414836], [14.254958354391693, 40.83581592398349], [14.254924001910293, 40.835702004007935], [14.254923983369721, 40.83570195284945], [14.254923954145873, 40.8357019069483], [14.254889170298984, 40.83565336480771], [14.254889054358593, 40.83565318306166], [14.254888958653464, 40.83565298989248], [14.254888884295543, 40.835652787544504], [14.254888832148755, 40.8356525783687], [14.254888802818963, 40.83565236479537], [14.254882615077506, 40.835577581876805], [14.254882608641255, 40.83557737821923], [14.254882622960027, 40.8355771749637], [14.2548826578852, 40.83557697421992], [14.254882713054275, 40.835576778071484], [14.254882787894621, 40.83557658855431], [14.254882881629438, 40.83557640763549], [14.254901476054126, 40.835544598267], [14.254901578488939, 40.83554444055249], [14.254901695284442, 40.83554429315653], [14.254901825407963, 40.83554415738236], [14.25490196770899, 40.835544034430434], [14.254902120929344, 40.835543925387874], [14.254902283714296, 40.835543831218786], [14.254982045823386, 40.835502567518915], [14.254982126764856, 40.83550252072138], [14.255038988480386, 40.83546599383694], [14.255039166513548, 40.83546589197302], [14.255039354043584, 40.835465808879405], [14.25503954909805, 40.83546574543006], [14.2553408994092, 40.835384548459935], [14.255341102981996, 40.83538450483131], [14.255772583664804, 40.83531529386289], [14.255772645221493, 40.83531528199838], [14.256273360089017, 40.83520238463437], [14.2562733806505, 40.835202380111916], [14.256833535592843, 40.83508226246187], [14.256833584806124, 40.83508225059806], [14.257260719753846, 40.834967766030175], [14.257260762897646, 40.8349677534204], [14.257409022391533, 40.834920779187975], [14.257569941295383, 40.83486858440102], [14.257570187681578, 40.83486852147996], [14.257850434942965, 40.834815665370726], [14.257979471854263, 40.83479132759463], [14.257979632176054, 40.83479130403644], [14.258039117980859, 40.8347850122899], [14.258129127818314, 40.83477549097767], [14.258129325184171, 40.83477547992353], [14.258129522677237, 40.834775488406706], [14.258129718368227, 40.83477551634434], [14.258166090610716, 40.834782558406864], [14.258166285683098, 40.83478260645279], [14.258166474951125, 40.834782673826815], [14.258166656505008, 40.83478275984909], [14.258166828512794, 40.83478286365163], [14.25816698923885, 40.83478298418702], [14.258167137061386, 40.834783120239], [14.258167270488814, 40.83478327043477], [14.258167388174794, 40.83478343325877], [14.258167488931827, 40.83478360706805], [14.258180490102337, 40.83480888084671], [14.258193968276819, 40.834835085922776], [14.258194047486251, 40.83483525990009], [14.258194109724101, 40.8348354406449], [14.258194154421789, 40.83483562650602], [14.258194181170978, 40.834835815785496], [14.258194189727298, 40.83483600675415], [14.25819391823465, 40.83492550834894], [14.258193920709157, 40.83492555926726], [14.258193943400363, 40.83492560491711], [14.258230658994735, 40.83499080004389], [14.25823074236165, 40.8349909655781], [14.258230810046856, 40.8349911381189], [14.258230861469077, 40.83499131618454], [14.258230896186708, 40.834991498245806], [14.258230913901594, 40.834991682739165], [14.258230914461603, 40.83499186808021], [14.258230897861925, 40.83499205267725], [14.258222536893614, 40.83505313510228], [14.258213633718224, 40.835118170144526], [14.258213629553182, 40.83511821799865], [14.258213663991675, 40.83511825148518], [14.258262171077293, 40.835160980288016], [14.2582622095814, 40.8351610109259], [14.258262258661016, 40.8351610144519], [14.258395741040495, 40.83516390961821], [14.258395788991441, 40.83516390834464], [14.258395835808159, 40.835163897899456], [14.258907673438788, 40.83502348033995], [14.258907712443984, 40.83502347006106], [14.259233754116861, 40.834941056586324], [14.259233795917838, 40.834941044051234], [14.259233836463194, 40.83494102791047], [14.259347627417037, 40.83488985413443], [14.259347669454007, 40.83488983277965], [14.25934770671203, 40.83488980388382], [14.259395109851047, 40.834849300574014], [14.25939511208129, 40.83484929867122], [14.259440892350769, 40.83481029796507], [14.259441024118775, 40.83481019490129], [14.259441164038915, 40.83481010320994], [14.259441311132276, 40.834810023532505], [14.25962230012386, 40.83472156708756], [14.259714924258015, 40.834676041286606], [14.259715076754565, 40.83467597406954], [14.259715234317808, 40.83467591978183], [14.259812431604251, 40.83464690089841], [14.259812652188579, 40.83464684845405], [14.259919962452392, 40.83462768637001], [14.259920009595694, 40.83462767556272], [14.259920053759737, 40.83462765584395], [14.259981832661254, 40.83459638490089], [14.259982029129164, 40.834596298367586], [14.259982233740345, 40.83459623339131], [14.259982444137282, 40.834596190720696], [14.260200215283056, 40.83456407924322], [14.260200427822646, 40.83456405941787], [14.260200641264628, 40.8345640623577], [14.260476510328681, 40.834582618600294], [14.260476659414294, 40.834582634259114], [14.260476806908283, 40.83458266104049], [14.260523705037615, 40.834593005871696], [14.26073062552343, 40.834638515206635], [14.260730866129364, 40.834638584160395], [14.260810874521326, 40.834667040750645], [14.260810881199712, 40.8346670431393], [14.260909127979936, 40.834702379569016], [14.260909169447489, 40.83470239247449], [14.26090921188059, 40.834702401724115], [14.261053333593782, 40.83472730112899], [14.261053433405229, 40.834727313240435], [14.261208760696569, 40.83473827074617], [14.26120884433374, 40.8347382784142], [14.261294913607307, 40.83474799572806], [14.26129495374061, 40.83474799862645], [14.261294993977286, 40.8347479982817], [14.261366048029045, 40.83474452105647], [14.26136605530563, 40.834744520713656], [14.261434423051051, 40.834741424521056], [14.261434533088615, 40.83474141341093], [14.2618786378291, 40.83467156791393], [14.261878752910366, 40.83467154278585], [14.26197529189013, 40.83464441296554], [14.261975429947077, 40.83464436295497], [14.262009822018305, 40.83462895791564], [14.262010018543402, 40.83462888204411], [14.262010221958855, 40.83462882726494], [14.262069533886875, 40.83461616264817], [14.262069577845214, 40.83461615104611], [14.262069568231233, 40.83461610661061], [14.262061100960656, 40.834584373901265], [14.262061059513792, 40.83458418071537], [14.262061037330911, 40.834583984382604], [14.262061034628507, 40.834583786819124], [14.262061051432957, 40.83458358995306], [14.262061087580253, 40.834583395705785], [14.262061142717611, 40.83458320597306], [14.262061216306911, 40.83458302260663], [14.262061307629946, 40.83458284739608], [14.262061415795431, 40.834582682051405], [14.26206153974771, 40.83458252818632], [14.262061678277053, 40.83458238730248], [14.262061830031458, 40.83458226077488], [14.262061993529857, 40.834582149838376], [14.262062167176557, 40.83458205557568], [14.26206234927683, 40.83458197890675], [14.262062538053437, 40.83458192057986], [14.262062731663983, 40.834581881164254], [14.262598166723386, 40.83450017927587], [14.263197759358926, 40.83440864652369], [14.263197781242638, 40.83440864293422], [14.263701798947814, 40.83432022173901], [14.263786079032188, 40.834305436794985], [14.264585441772821, 40.83416511853704], [14.264585611546549, 40.8341650961782], [14.264785843722196, 40.83414740565024], [14.2647860334181, 40.834147397936704], [14.26478622299072, 40.83414740824476], [14.264786410731817, 40.83414743648153], [14.264786594949655, 40.83414748239257], [14.264786773984245, 40.834147545564164], [14.264786946222301, 40.834147625427086], [14.264787110111788, 40.83414772126168], [14.264787264175897, 40.834147832204394], [14.264787407026354, 40.83414795725551], [14.264787537375932, 40.83414809528819], [14.26478765405005, 40.834148245058635], [14.264787755997355, 40.83414840521725], [14.264823330518611, 40.83421062778391], [14.264823355567561, 40.83421066709067], [14.264823402112972, 40.83421066464194], [14.264986850679444, 40.83419417256392], [14.265049767748517, 40.83418756427505], [14.26504990257872, 40.83418754068304], [14.2651166193864, 40.834171086918], [14.265116707523605, 40.834171067281034], [14.265162073014439, 40.83416202968679], [14.26516211906504, 40.83416201814381], [14.26516213072662, 40.834161972123105], [14.265170333883637, 40.834121341767165], [14.265170381204598, 40.83412115451018], [14.26517044636755, 40.834120972690926], [14.265170528764775, 40.834120798005074], [14.265170627627828, 40.83412063208175], [14.2651707420347, 40.834120476468385], [14.26517087091842, 40.83412033261625], [14.265171013077003, 40.83412020186692], [14.265171167184665, 40.83412008543977], [14.265171331804176, 40.834119984420624], [14.26517150540028, 40.8341198997516], [14.265171686353998, 40.83411983222232], [14.265171872977735, 40.83411978246258], [14.265172063531018, 40.83411975093644], [14.26556800503764, 40.83407375289529], [14.265932088474175, 40.83403145460536], [14.265932139632495, 40.834031447317564], [14.266161923507413, 40.83399263032925], [14.266757703122948, 40.83389192451645], [14.266849630201241, 40.833876455906164], [14.26706518005937, 40.833840042944225], [14.267065224215347, 40.83384003599153], [14.267348420867219, 40.833798682213725], [14.267949492650935, 40.83370966010757], [14.267949543607807, 40.833709651207855], [14.268068609427475, 40.833685666650986], [14.268121860733874, 40.83367493777605], [14.268121907660625, 40.83367492583132], [14.268121908159683, 40.83367487741065], [14.268120294560505, 40.833634685767784], [14.268120294406053, 40.83363468182361], [14.268119140880216, 40.8336044618745], [14.26811914269236, 40.83360427130929], [14.268119162634026, 40.83360408178169], [14.268119200524152, 40.833603895012516], [14.268119256018714, 40.83360371269758], [14.26811932861384, 40.83360353649221], [14.2681194176504, 40.8336033679963], [14.268119522319973, 40.833603208739696], [14.268119641672206, 40.83360306016841], [14.268119774623425, 40.83360292363139], [14.268119919966491, 40.833602800368354], [14.268120076381745, 40.83360269149847], [14.268120242449, 40.83360259801023], [14.268120416660432, 40.83360252075248], [14.268120597434272, 40.83360246042668], [14.268120783129167, 40.833602417580565], [14.26835203824347, 40.833560550268466], [14.268352056733217, 40.83356054701057], [14.26853911316101, 40.833528492088014], [14.269069031531009, 40.83343768378107], [14.269069041588937, 40.833437682083904], [14.26913168046083, 40.833427276668964], [14.26920578302285, 40.833414818289334], [14.26958805547345, 40.83335089933547], [14.269588193985625, 40.83335088112223], [14.269749719198169, 40.83333535807072], [14.269749911900938, 40.8333353488989], [14.269750104590884, 40.83333535833632], [14.269750295475097, 40.83333538629516], [14.269750482777475, 40.83333543251528], [14.269750664755238, 40.83333549656661], [14.269750839715153, 40.83333557785319], [14.269751006029285, 40.83333567561868], [14.269751162150143, 40.83333578895339], [14.269751306625082, 40.833335916802795], [14.26975143810982, 40.83333605797731], [14.269751555380939, 40.83333621116336], [14.269751657347275, 40.8333363749356], [14.269751743060072, 40.83333654777019], [14.269751811721804, 40.833336728058974], [14.269751862693601, 40.83333691412444], [14.269765571529774, 40.8333984679275], [14.269765576626934, 40.8333984914821], [14.269774577386968, 40.83344133212025], [14.269774588925372, 40.83344137651606], [14.269774633029593, 40.833441389123216], [14.269854567492885, 40.833460209659286], [14.26985461139076, 40.83346021792919], [14.269854655294502, 40.833460210193515], [14.269909158366696, 40.833448075482686], [14.269970787286802, 40.83343435381836], [14.269970833216888, 40.83343434116414], [14.269970828866407, 40.83343429372181], [14.269959692782837, 40.83335595613738], [14.269959684235294, 40.83335591107709], [14.26995966000616, 40.83335587225032], [14.269936249910936, 40.83332192834543], [14.269936148402174, 40.833321764853444], [14.269936063076404, 40.833321592362374], [14.269935994723609, 40.8333214124692], [14.269935943976629, 40.83332122683946], [14.269935911305298, 40.83332103719178], [14.269935897012104, 40.83332084528201], [14.269935901229376, 40.83332065288692], [14.269935923918071, 40.83332046178778], [14.269935964868127, 40.83332027375387], [14.269936023700412, 40.833320090526094], [14.26993609987023, 40.833319913800835], [14.269936192672372, 40.833319745214304], [14.269936301247636, 40.833319586327335], [14.269936424590787, 40.83331943861097], [14.269936561559865, 40.83331930343283], [14.26993671088675, 40.83331918204445], [14.269936871188914, 40.8333190755697], [14.269937040982215, 40.83331898499436], [14.269937218694633, 40.83331891115701], [14.269937402680833, 40.83331885474128], [14.269937591237397, 40.833318816269475], [14.26993778261859, 40.8333187960978], [14.270025167078245, 40.83331381996052], [14.270025194214886, 40.83331381804457], [14.270335377252712, 40.83328767325862], [14.270335411046517, 40.833287669831236], [14.270571143407837, 40.833259709147896], [14.270898331991617, 40.83322015334397], [14.270898412117571, 40.83322014529013], [14.271067140200383, 40.833206610603], [14.271067235172643, 40.8332065983828], [14.271306053024444, 40.833164153720155], [14.271719915018647, 40.833086674596345], [14.271719981187617, 40.833086659870645], [14.271809586049592, 40.833063504085295], [14.271809636474105, 40.833063491750366], [14.271914614179856, 40.83303925138367], [14.271914812883791, 40.83303921595363], [14.27191501414687, 40.83303920073148], [14.2719152159193, 40.83303920587221], [14.271915416146104, 40.8330392313235], [14.271915612788046, 40.83303927682611], [14.271915803842397, 40.83303934191663], [14.27191598736334, 40.833039425932135], [14.271916161481778, 40.833039528016954], [14.271916324424383, 40.83303964713139], [14.27191647453164, 40.83303978206231], [14.271942336488886, 40.833065504120775], [14.271942366484026, 40.833065531613784], [14.271942398619544, 40.833065556571384], [14.27198780908605, 40.83309794443849], [14.271987825462793, 40.83309795587376], [14.27207871632443, 40.83316008048852], [14.272078754306277, 40.83316010401297], [14.272078798058041, 40.833160112602705], [14.272208862340587, 40.83317966254226], [14.27220891537992, 40.833179667624904], [14.272208968284822, 40.83317966129445], [14.272391469752034, 40.8331478171987], [14.272451763957482, 40.83313729688048], [14.272451809672674, 40.83313728655581], [14.27245179892474, 40.83313724093828], [14.272396139689477, 40.83294423750331], [14.272380619844911, 40.832891790173214], [14.2723806051126, 40.83289174756798], [14.272380586592831, 40.83289170646642], [14.27223893187297, 40.83261183766773], [14.272238851226113, 40.832611656578116], [14.272238788902559, 40.83261146839433], [14.272238745514594, 40.83261127496516], [14.272238721488474, 40.8326110781909], [14.272238717060244, 40.83261088000475], [14.272238732273403, 40.83261068235374], [14.272238766978496, 40.832610487179664], [14.272238820834568, 40.83261029639999], [14.272238893312517, 40.83261011188899], [14.272238983700294, 40.83260993545937], [14.272239091109903, 40.83260976884443], [14.272239214486111, 40.83260961368106], [14.27223935261683, 40.83260947149362], [14.272239504145018, 40.83260934367903], [14.272239667582008, 40.83260923149297], [14.272239841322142, 40.8326091360376], [14.272240023658535, 40.832609058250696], [14.272240212799852, 40.83260899889648], [14.272240406887908, 40.832608958558055], [14.272240604015913, 40.832608937631726], [14.272240802247216, 40.832608936323076], [14.272240999634324, 40.83260895464496], [14.272241194238038, 40.832608992417384], [14.272241384146506, 40.83260904926926], [14.272241567494003, 40.83260912464205], [14.272241742479261, 40.83260921779526], [14.272241907383163, 40.832609327813735], [14.27224206058564, 40.832609453616605], [14.272242200581577, 40.83260959396795], [14.272242325995606, 40.8326097474889], [14.272242435595619, 40.832609912671224], [14.272333254931965, 40.83276272423078], [14.272333276536155, 40.832762756784874], [14.272333271607831, 40.832762718026316], [14.272321022951703, 40.83269390152843], [14.27232101002463, 40.83269381892828], [14.272313640207843, 40.83263928974801], [14.272313632473066, 40.83263924678241], [14.272313621011074, 40.83263920465771], [14.27228286208422, 40.832542995927824], [14.27228280836929, 40.832542791108196], [14.27226764363003, 40.83246930958894], [14.272267609110033, 40.83246906961674], [14.272265249992438, 40.832440442308176], [14.272260630693514, 40.83238457982687], [14.272260624001666, 40.832384393936444], [14.272260634608871, 40.832384208228284], [14.272260662423383, 40.83238402430877], [14.272277482097216, 40.83229958284965], [14.272277490240628, 40.83229952353129], [14.272277491202349, 40.83229946366432], [14.272273937930866, 40.8322189809011], [14.272273939180144, 40.83221877967381], [14.272273960644062, 40.832218579590624], [14.27227400210533, 40.83221838267708], [14.272274063144216, 40.832218190926625], [14.272274143142793, 40.832218006280456], [14.272274241291193, 40.832217830607824], [14.272274356595814, 40.83221766568716], [14.27227448788937, 40.832217513188034], [14.27227463384271, 40.83221737465427], [14.272274792978276, 40.83221725148831], [14.27227496368506, 40.83221714493703], [14.272275144234914, 40.8322170560791], [14.273168533314122, 40.831831922131805], [14.273168577076817, 40.831831903878104], [14.27329655677834, 40.83178029512848], [14.274967661960337, 40.83110639339448], [14.27496784617807, 40.83110632935881], [14.274968035756938, 40.83110628357024], [14.2749682288942, 40.83110625646419], [14.274968423753277, 40.831106248298404], [14.27496861848122, 40.83110625915053], [14.274968811226321, 40.83110628891738], [14.274969000155735, 40.8311063373159], [14.274969183472896, 40.831106403885855], [14.274969359434607, 40.83110648799421], [14.274969526367617, 40.83110658884118], [14.274969682684526, 40.83110670546778], [14.27496982689889, 40.83110683676499], [14.274969957639348, 40.83110698148428], [14.274970073662663, 40.831107138249486], [14.27497017386555, 40.8311073055699], [14.274970257295161, 40.831107481854445], [14.274995136099294, 40.831167450060605], [14.274995156098953, 40.83116749230084], [14.274995200162492, 40.83116747672414], [14.27505303181474, 40.83114378983479], [14.275094114622286, 40.83112696390038], [14.275094159968006, 40.831126942568524], [14.27509418483402, 40.83112689906022], [14.27512926844797, 40.83105752813221], [14.275129370514264, 40.83105734971972], [14.275129490353171, 40.83105718272517], [14.275129626698932, 40.83105702891236], [14.275129778111447, 40.8310568899059], [14.275129942991475, 40.83105676717399], [14.276230200310152, 40.83032250329896], [14.276230218587745, 40.83032249080665], [14.276285789597967, 40.83028359982397], [14.276285826361622, 40.8302835712974], [14.276285794148938, 40.83028353771656], [14.27618441926747, 40.830187780218665], [14.276184382735355, 40.83018774901381], [14.276184342893217, 40.830187775864204], [14.27613025960202, 40.83022829634315], [14.276130218629458, 40.83022832623719], [14.275041626552028, 40.83100161641416], [14.275041464244035, 40.83100172032155], [14.275041292688732, 40.83100180812478], [14.275041113479034, 40.831001879008596], [14.275040928278935, 40.83100193231481], [14.275040738808045, 40.83100196754849], [14.275040546825633, 40.83100198438246], [14.275040354114282, 40.83100198266044], [14.27504016246335, 40.831001962398396], [14.275039973652346, 40.83100192378448], [14.275039789434409, 40.83100186717722], [14.275039611520034, 40.831001793102224], [14.27503944156118, 40.8310017022473], [14.275039281135944, 40.83100159545604], [14.275039131733902, 40.831001473720015], [14.27503899474227, 40.83100133816957], [14.27503887143304, 40.83100119006331], [14.275038762951159, 40.83100103077643], [14.275038670303895, 40.83100086178792], [14.275038594351495, 40.83100068466688], [14.275038535799188, 40.83100050105791], [14.275038495190643, 40.83100031266582], [14.275038472902914, 40.831000121239896], [14.275038469142947, 40.83099992855753], [14.275042569620148, 40.83085702969741], [14.275042568685889, 40.830856983914714], [14.275042525147537, 40.83085699810411], [14.273252943447766, 40.83153907657182], [14.272629528072082, 40.831776674815906], [14.272629504475235, 40.83177668415383], [14.27133650575358, 40.832307433342436], [14.27133645782874, 40.83230745449813], [14.271277786243562, 40.83233521290929], [14.271277722792489, 40.8323352457535], [14.271229299967736, 40.83236254774191], [14.27122914554889, 40.83236262619699], [14.271228984921043, 40.83236269099725], [14.27122881928892, 40.832362741656695], [14.271150050594093, 40.83238314893301], [14.271150006599731, 40.83238316253712], [14.271149968036848, 40.832383187706164], [14.271091754640622, 40.832425156480056], [14.271091595205645, 40.83242526027001], [14.271091426630537, 40.832425348441994], [14.271091250440561, 40.83242542019824], [14.271001247752253, 40.83245717408792], [14.271001203183317, 40.83245719228282], [14.271001162949068, 40.832457218714985], [14.270935918440317, 40.83250475598456], [14.270935829921314, 40.83250481690787], [14.270858608514661, 40.83255496187399], [14.270858422184343, 40.83255506909451], [14.270858225422105, 40.83255515569619], [14.270753084700365, 40.8325948328583], [14.2707530396264, 40.83259485246466], [14.270752999283786, 40.8325948805458], [14.270702185255011, 40.83263411663949], [14.270702175320528, 40.832634124410895], [14.270648730127908, 40.83267647872749], [14.270648694176334, 40.83267651020235], [14.270648695591353, 40.83267655796403], [14.270658946241557, 40.83280673819286], [14.270658951885238, 40.83280694114147], [14.270658936924367, 40.832807143616556], [14.270658901513112, 40.83280734353162], [14.270658846016387, 40.832807538826536], [14.270658771006085, 40.832807727488785], [14.270658677255188, 40.83280790757421], [14.2706585657298, 40.83280807722702], [14.270658437579186, 40.83280823469896], [14.270658294123942, 40.83280837836726], [14.270658136842371, 40.83280850675144], [14.270657967355259, 40.832808618528496], [14.270657787409172, 40.83280871254655], [14.270657598858456, 40.83280878783677], [14.270657403646121, 40.832808843623276], [14.270603645460655, 40.83282129335695], [14.27032521396733, 40.832885773112885], [14.27028112970464, 40.83289598119469], [14.27028096545912, 40.832896012060054], [14.270280799210143, 40.83289602910525], [14.2699735678208, 40.832914601954556], [14.269973525606932, 40.83291460631489], [14.269973483916512, 40.83291461424727], [14.269727023666785, 40.832972469181335], [14.26972701969976, 40.83297247010831], [14.269638978888631, 40.832992947987535], [14.269314073601281, 40.83307083800531], [14.26931395382862, 40.83307086287164], [14.269136815039113, 40.83310202146866], [14.268829694358732, 40.83315604402264], [14.26882954387806, 40.83315606463632], [14.268542897624357, 40.8331842918619], [14.268487823411943, 40.833189716045986], [14.268487801362301, 40.83318971809444], [14.26816266334578, 40.83321810934286], [14.26816259148765, 40.83321811824985], [14.26794913169309, 40.833252467104145], [14.267798673251619, 40.83327667810576], [14.267798620187314, 40.83327668591614], [14.267660620364659, 40.8332951107294], [14.267660457411429, 40.833295125731716], [14.267495375843364, 40.8333035330553], [14.267495357040323, 40.83330353419057], [14.267344334542349, 40.83331408095316], [14.267344213005035, 40.8333140969803], [14.267229916435348, 40.83333637550208], [14.267229868640031, 40.8333363860387], [14.26718457393773, 40.83334754052146], [14.267184404404835, 40.833347574572855], [14.26718423256428, 40.83334759385297], [14.267184059700607, 40.833347598217685], [14.267126842111837, 40.8333465682431], [14.267126791195539, 40.833346569968285], [14.267126750833553, 40.83334660105465], [14.267072498865605, 40.83339305947959], [14.267072350240259, 40.83339317508488], [14.267072191401843, 40.83339327620083], [14.267072023758226, 40.833393361931186], [14.267071848795318, 40.833393431516086], [14.267071668063908, 40.83339348433876], [14.267071483165912, 40.833393519931], [14.266974025103748, 40.83340756016992], [14.266973839062375, 40.83340757814804], [14.266973652155121, 40.833407578680344], [14.266773160074008, 40.83339877220022], [14.266773118993557, 40.83339877208862], [14.266773078590026, 40.833398778703604], [14.266647005164058, 40.83342475295635], [14.266407943753384, 40.83347400491114], [14.266167083526643, 40.83352465533264], [14.265860796835737, 40.83358906431461], [14.265860631951208, 40.833589091849085], [14.26557295871808, 40.8336248484215], [14.26545955578939, 40.83363894393142], [14.265459329919326, 40.83363895909572], [14.26533214441784, 40.83364028337456], [14.265332112663911, 40.83364028420975], [14.265194727649762, 40.833646082534216], [14.265194681916453, 40.83364608660955], [14.265194648091274, 40.83364611765802], [14.26515449143064, 40.83368659043245], [14.265154349110915, 40.83368672066316], [14.265154194906346, 40.83368683657645], [14.265154030251608, 40.8336869370939], [14.265153856678605, 40.83368702128032], [14.265153675802216, 40.83368708835247], [14.265153489305266, 40.83368713768631], [14.265008018589107, 40.8337181982562], [14.265007865986167, 40.83371822470762], [14.264752846909483, 40.83375231778284], [14.264752760156131, 40.83375232745886], [14.264450470160696, 40.83377937907212], [14.26445034845192, 40.833779397578994], [14.264388925488252, 40.83379265351878], [14.26413454861697, 40.833848570215075], [14.26413425768851, 40.83384861205339], [14.263973681844055, 40.833859755179674], [14.263797398231457, 40.8338737352562], [14.263797328082976, 40.833873743320865], [14.26372265081698, 40.83388501341282], [14.263722633659462, 40.833885015926164], [14.263629494725585, 40.83389824732304], [14.263629441186426, 40.83389825796888], [14.26362939401303, 40.83389828543614], [14.263589409414617, 40.83392462173542], [14.26358936554806, 40.83392464981652], [14.263542311781647, 40.833953914490145], [14.263542132991804, 40.83395401339594], [14.263495290602249, 40.8339768834298], [14.263495124624159, 40.83397695536218], [14.263494952825534, 40.833977012003395], [14.263494776611816, 40.83397705289006], [14.263494597424566, 40.83397707768771], [14.26319738760909, 40.83400458141349], [14.263126534827174, 40.83401134482294], [14.263126490690269, 40.83401135002833], [14.262557232317917, 40.834091351038076], [14.262150717094357, 40.83415249071312], [14.261697015178399, 40.8342207256198], [14.261697004516272, 40.834220727282215], [14.261269334726443, 40.83428977391231], [14.261269101068766, 40.83428979766737], [14.261268866237398, 40.8342897938673], [14.261120577736007, 40.834278661765076], [14.261120372439514, 40.83427863561561], [14.2611201709444, 40.83427858839101], [14.261119975408192, 40.83427852059694], [14.261119787924619, 40.83427843295931], [14.261119610501183, 40.83427832641651], [14.261070006895066, 40.83424493060054], [14.261069961510342, 40.83424490344874], [14.261069909883172, 40.83424489197587], [14.260773427828747, 40.83419544404549], [14.260773402939323, 40.83419544021584], [14.26036364607714, 40.83413766399567], [14.260363560942487, 40.83413765011302], [14.26012980982787, 40.834094338722196], [14.260129734999692, 40.83409432776675], [14.259836883893723, 40.834062712678694], [14.259836839653142, 40.83406270889427], [14.25950632548447, 40.83404181625779], [14.259506278791664, 40.83404181549738], [14.25950623223245, 40.83404181910852], [14.2592789258262, 40.83407020815089], [14.25927887449598, 40.83407021731093], [14.259278824404175, 40.83407023178464], [14.259099407222076, 40.83413241464125], [14.259099275120283, 40.83413247137772], [14.25903419390475, 40.83416616407316], [14.259033990767803, 40.8341662552792], [14.259033778751073, 40.834166323338486], [14.258863313150268, 40.834210745041965], [14.258863273261872, 40.83421075499983], [14.258536845215477, 40.8342886902647], [14.258177885264509, 40.83437711818955], [14.258177865458679, 40.834377122961754], [14.257348133702154, 40.834572580347974], [14.257348012059563, 40.83457260504579], [14.256952666179927, 40.834640174618585], [14.256952606773702, 40.83464018663567], [14.256759434915347, 40.83468539815263], [14.256618084331892, 40.8347184807589], [14.256618028997417, 40.83471849539237], [14.256221606746617, 40.83483556967531], [14.256221439953556, 40.83483561123173], [14.256221270208213, 40.83483563831272], [14.256221098764447, 40.834835650718226], [14.256025665438854, 40.83484136817109], [14.256025611554426, 40.83484137269245], [14.25602555992095, 40.834841388753674], [14.255896727916452, 40.8348892998804], [14.255896477846434, 40.83488937470535], [14.255574788245662, 40.8349631487586], [14.255574605398106, 40.83496318183567], [14.25557442026991, 40.83496319780039], [14.255339148725364, 40.834972508271534], [14.255338975994844, 40.834972507642156], [14.255338803962836, 40.83497249211102], [14.255082520447576, 40.83493814327492], [14.255082269078134, 40.834938093009505], [14.254854744559209, 40.834877202568585], [14.25485468432339, 40.83487718843015], [14.254605655760411, 40.834826812569524], [14.25460548113659, 40.8348267689826], [14.254605311138297, 40.83482670987357], [14.254436384932536, 40.83475930945772], [14.254436204123543, 40.834759226671935], [14.254436032429542, 40.83475912633973], [14.254435871547958, 40.83475900945306], [14.254435723069323, 40.83475887716748], [14.254435588461547, 40.834758730790824], [14.254435469055409, 40.834758571770216], [14.2544353660314, 40.83475840167779], [14.254435280408048, 40.83475822219514], [14.25443521303186, 40.8347580350967], [14.254435164568935, 40.83475784223217], [14.254435135498397, 40.8347576455083], [14.254435126107648, 40.83475744686995], [14.254435136489526, 40.83475724828094], [14.254435166541393, 40.83475705170458], [14.254435215966147, 40.8347568590843], [14.254435284275157, 40.8347566723244], [14.254452902780635, 40.8347150446948], [14.254452928358177, 40.834714977655516], [14.254484152770678, 40.83462339652196], [14.25448421658099, 40.83462323318813], [14.254484294453041, 40.834623076071495], [14.254523904054361, 40.83455125553093], [14.2545239254632, 40.834551211740404], [14.254523928410109, 40.83455116308581], [14.254524737837041, 40.83447899631272], [14.254524735746964, 40.83447894511627], [14.254524708486995, 40.83447890173031], [14.254499233414036, 40.83444268404205], [14.254499202193985, 40.83444264418922], [14.254499153652205, 40.8344426298145], [14.254443194791554, 40.83442915067794], [14.2544431499012, 40.83442914203934], [14.254443105873671, 40.834429154341855], [14.254404140702311, 40.83444201240147], [14.254404095614756, 40.834442029809516], [14.254404085641276, 40.834442077100704], [14.254398869921761, 40.83447478650487], [14.254398864536462, 40.83447483668103], [14.254398884427163, 40.834474883060004], [14.25442440408695, 40.83452686691945], [14.254424478858743, 40.834527039250055], [14.25442453713218, 40.83452721783579], [14.254424578393168, 40.83452740110114], [14.25442460227769, 40.834527587429314], [14.254424608575036, 40.83452777517649], [14.254424597229649, 40.83452796268633], [14.25442456834162, 40.8345281483046], [14.254424522165802, 40.83452833039373], [14.254406810516944, 40.83458654809178], [14.25440678201031, 40.83458663465776], [14.254357660714112, 40.834725098740506], [14.254357587588302, 40.83472527708697], [14.254357497633418, 40.834725447565596], [14.254357391685023, 40.83472560859287], [14.254357270727239, 40.834725758673045], [14.254357135883609, 40.83472589641207], [14.254356988406656, 40.83472602053053], [14.254356829666254, 40.834726129875534], [14.254356661136892, 40.83472622343139], [14.254356484383994, 40.834726300329095], [14.254356301049365, 40.83472635985437], [14.254356112835946, 40.8347264014543], [14.254355921492001, 40.83472642474246], [14.254355728794867, 40.83472642950257], [14.254355536534451, 40.834726415690376], [14.254355346496604, 40.834726383434194], [14.254355160446535, 40.834726333033636], [14.254354980112407, 40.83472626495687], [14.254354807169292, 40.834726179836224], [14.25435464322361, 40.834726078462374], [14.254326783705002, 40.83470693674855], [14.2542293076176, 40.834639962418045], [14.254229298078274, 40.83463995582293], [14.25401685988479, 40.83449217213396], [14.254016830404883, 40.83449215239289], [14.253889426387172, 40.83441007285173], [14.253889302418608, 40.834409986181186], [14.253889185354856, 40.8344098903894], [14.25383985789976, 40.83436631018656], [14.253839828685718, 40.83436628628111], [14.253839797748427, 40.83436626465191], [14.253797354105366, 40.8343389206508], [14.253797314354403, 40.83433889763155], [14.253797276785898, 40.83433892406319], [14.253744205240753, 40.8343801580125], [14.253744196813667, 40.83438016452402], [14.253492563190456, 40.83457353140947], [14.253492548521404, 40.83457354290081], [14.25344038089241, 40.83461519978669], [14.25344036670887, 40.83461521132646], [14.253232952722666, 40.83478713915987], [14.253232870825709, 40.83478720352211], [14.25317905395247, 40.83482727558401], [14.253178968728472, 40.83482733565329], [14.253076514378327, 40.83489562297571], [14.25307649118611, 40.8348956382024], [14.253018561605673, 40.834933099072416], [14.25301854053865, 40.83493311250978], [14.252961773880712, 40.83496882355147], [14.252961607905464, 40.834968917235386], [14.252961433766382, 40.834968994695295], [14.252961253044838, 40.83496905522778], [14.252961067381987, 40.83496909828313], [14.252960878463853, 40.834969123470366], [14.252912527792098, 40.83497323718574], [14.252912334422495, 40.83497324424357], [14.25291214127586, 40.834973232581916], [14.252911950160126, 40.83497320230994], [14.252911762864212, 40.83497315371099], [14.252911581141284, 40.834973087239995], [14.252911406692341, 40.834973003519124], [14.252911241150299, 40.83497290333206], [14.252736601404338, 40.83485530534547], [14.252736469460244, 40.83485520841904], [14.252577042149802, 40.83472772570453], [14.252576873704829, 40.83472757462213], [14.25257672340348, 40.83472740547986], [14.2525765931696, 40.83472722044273], [14.252530790124275, 40.834653623346945], [14.252530695168883, 40.8346534527319], [14.252530617303213, 40.83465327367057], [14.252530557269447, 40.83465308786969], [14.252530515639796, 40.83465289710021], [14.252530492811053, 40.83465270318046], [14.25253048900081, 40.834652507958786], [14.252530504245385, 40.83465231329594], [14.252530538399473, 40.834652121047355], [14.252530591137537, 40.83465193304544], [14.2525306619569, 40.834651751082156], [14.252530750182551, 40.834651576891865], [14.252530854973562, 40.83465141213488], [14.252530975331121, 40.83465125838158], [14.252531110108038, 40.83465111709745], [14.252628202858853, 40.834558810882434], [14.252628293809192, 40.83455872955099], [14.252678505907916, 40.834516512291124], [14.252678610064347, 40.83451643044972], [14.252734889850435, 40.83447514791965], [14.252734940721203, 40.834475111811344], [14.25279145143732, 40.83443631125669], [14.252791494819354, 40.83443628229544], [14.252927740384177, 40.83434787316636], [14.252927754076612, 40.83434786412087], [14.252984522098068, 40.83430968932], [14.252984536597838, 40.83430967938316], [14.253059902912122, 40.834257050615754], [14.25305997819369, 40.834256992529234], [14.253109622955458, 40.83421477136713], [14.253109693039903, 40.83421470570531], [14.253142689235474, 40.83418067065944], [14.253142788963533, 40.834180574672786], [14.253191543987406, 40.83413679584672], [14.253191576583779, 40.83413676359346], [14.253191541949555, 40.834136733539054], [14.253164538977732, 40.83411550316965], [14.253164447044908, 40.83411543889901], [14.25302510939042, 40.83402924820353], [14.253025067164607, 40.834029224906], [14.253025027123362, 40.83402925178523], [14.252974792121359, 40.834066730941316], [14.252974757233618, 40.8340667596939], [14.252974794115676, 40.834066785839305], [14.25308388364168, 40.83413645711972], [14.253084047402083, 40.83413657369332], [14.25308419863366, 40.83413670611645], [14.25308433580871, 40.834136853051405], [14.253084457541533, 40.83413701301389], [14.253084562602416, 40.834137184388], [14.253084649930065, 40.834137365442565], [14.253084718642318, 40.83413755434863], [14.253084768045067, 40.83413774919791], [14.253084797639257, 40.834137948022104], [14.253084807125935, 40.834138148812734], [14.253084796409272, 40.834138349541476], [14.253084765597523, 40.834138548180626], [14.253084715001938, 40.83413874272358], [14.253084645133622, 40.834138931205125], [14.253084556698365, 40.83413911172127], [14.253084450589514, 40.834139282448504], [14.25308432787895, 40.834139441662174], [14.25308418980626, 40.834139587753945], [14.25308403776622, 40.83413971924806], [14.253034793248284, 40.83417815847678], [14.252405684959149, 40.834670683008426], [14.252405519819485, 40.83467079933974], [14.252405343787634, 40.834670898419866], [14.252405158659304, 40.83467097923808], [14.252404966322986, 40.834671040969965], [14.252404768740712, 40.83467108298578], [14.252404567928023, 40.83467110485692], [14.25240436593341, 40.8346711063603], [14.252404164817428, 40.83467108748055], [14.252403966631661, 40.83467104841028], [14.252403773397809, 40.83467098954805], [14.252403587087056, 40.83467091149431], [14.252403409599959, 40.834670815045286], [14.252403242747066, 40.83467070118486], [14.251995496093953, 40.83436115637665], [14.251995346618148, 40.834361030949715], [14.251995210076338, 40.834360891553644], [14.251995087768224, 40.8343607395153], [14.25199498085803, 40.8343605762819], [14.251994890363399, 40.834360403407224], [14.251994817145732, 40.834360222536816], [14.251994761901965, 40.83436003539233], [14.251994725157948, 40.834359843755145], [14.251994707263439, 40.83435964944941], [14.251994708388771, 40.83435945432467], [14.251994728523233, 40.83435926023825], [14.251994767475168, 40.83435906903763], [14.251994824873805, 40.83435888254278], [14.251994900172779, 40.8343587025289], [14.251994992655343, 40.8343585307095], [14.251995101441178, 40.834358368720075], [14.251995225494781, 40.83435821810256], [14.251995363635318, 40.83435808029064], [14.251995514547868, 40.83435795659612], [14.252503130126374, 40.833981745022236], [14.252503140944743, 40.83398173689037], [14.252556755187996, 40.83394086591361], [14.252556769185846, 40.83394085504538], [14.252625895907151, 40.83388619488749], [14.25262606311557, 40.83388607608117], [14.2526764248405, 40.833854047113554], [14.252725473864627, 40.83382243248746], [14.252725583204219, 40.83382235093098], [14.252822824057196, 40.833738903349406], [14.252822955078855, 40.83373880008118], [14.252876953094932, 40.8336997779911], [14.252877068193053, 40.833699700741384], [14.253018210927463, 40.83361190819334], [14.253018250001118, 40.833611881227114], [14.25301828633269, 40.8336118506668], [14.253058396072083, 40.83357471150131], [14.253058422767145, 40.83357468483988], [14.25305844737207, 40.83357465623798], [14.253077538683408, 40.83355068767237], [14.253077574673348, 40.83355064378086], [14.25311488179536, 40.83350644038135], [14.253115017367502, 40.83350629505854], [14.253115166693345, 40.83350616390857], [14.25311532829835, 40.833506048226475], [14.253115500586727, 40.83350594915459], [14.253115681857192, 40.83350586767121], [14.253115870319768, 40.833505804580945], [14.253116064113454, 40.833505760506796], [14.253116261324612, 40.83350573588398], [14.253116460005852, 40.83350573095563], [14.253116658195271, 40.833505745770424], [14.25311685393582, 40.83350578018206], [14.253433023664341, 40.833577721219186], [14.253433208969167, 40.83357777287124], [14.253433388454447, 40.83357784208719], [14.25343356045968, 40.83357792822669], [14.253433723393568, 40.833578030492816], [14.253433875748737, 40.83357814793946], [14.25343401611568, 40.833578279480086], [14.253434143195797, 40.833578423897734], [14.253434255813414, 40.833578579856336], [14.253434352926654, 40.83357874591305], [14.253434433637077, 40.83357892053161], [14.253434497197997, 40.833579102096536], [14.253434543021381, 40.83357928892809], [14.253434570683297, 40.83357947929781], [14.25343457992783, 40.833579671444504], [14.253434570669459, 40.833579863590536], [14.253434542993833, 40.833580053958265], [14.253434497156995, 40.833580240786524], [14.253434433583, 40.83358042234687], [14.253339224384751, 40.83381543039368], [14.253339208980227, 40.83381547446355], [14.253339248905018, 40.83381549865983], [14.253378151408914, 40.83383655980165], [14.253378193854134, 40.833836580126736], [14.253378213460424, 40.833836537344794], [14.253476944953121, 40.833589422630176], [14.253477028553394, 40.83358924045836], [14.253477129968017, 40.833589067569235], [14.253477248178386, 40.83358890569927], [14.253477381997213, 40.833588756474285], [14.253477530080433, 40.83358862139307], [14.253477690940716, 40.833588501812365], [14.253477862962397, 40.83358839893323], [14.25347804441771, 40.833588313788965], [14.253478233484136, 40.833588247234765], [14.253478428262712, 40.83358819993908], [14.253478626797104, 40.83358817237694], [14.25347882709325, 40.833588164825194], [14.253479027139402, 40.83358817735968], [14.253479224926313, 40.8335882098545], [14.253830596132298, 40.83366419290221], [14.253830787756595, 40.83366424441122], [14.253830973333706, 40.83366431465497], [14.253831151036946, 40.83366440294204], [14.253831319117138, 40.8336645084034], [14.25383147591982, 40.83366463000097], [14.253831619901545, 40.833664766537815], [14.253831749645062, 40.83366491666999], [14.253831863873275, 40.83366507891969], [14.2538319614618, 40.833665251689844], [14.253832041450051, 40.83366543327985], [14.253832103050684, 40.83366562190225], [14.253832145657345, 40.83366581570039], [14.253832168850646, 40.83366601276668], [14.253832172402289, 40.83366621116132], [14.253832156277317, 40.83366640893148], [14.25383212063445, 40.833666604130435], [14.253832065824529, 40.833666794836816], [14.253831992387065, 40.83366697917343], [14.253654256403491, 40.83405581288241], [14.253654239090917, 40.83405585624665], [14.25365428042479, 40.834055877965234], [14.253712724514596, 40.83408302898372], [14.253712768471543, 40.83408304680242], [14.25371278964257, 40.83408300435828], [14.253889929949, 40.833678663062464], [14.253890017183425, 40.833678487815405], [14.253890121132473, 40.83367832193601], [14.253890240800281, 40.833678167013474], [14.25389037504039, 40.833678024532], [14.253890522566731, 40.83367789585661], [14.253890681965952, 40.83367778222006], [14.253890851710956, 40.83367768471103], [14.253891030175524, 40.83367760426368], [14.253891215649904, 40.83367754164873], [14.25389140635719, 40.83367749746606], [14.25389160047034, 40.83367747213895], [14.25389179612968, 40.833677465910036], [14.253891991460732, 40.833677478839], [14.253892184592152, 40.83367751080198], [14.25395940209159, 40.83369204662112], [14.253959414110042, 40.83369204914297], [14.254326179086991, 40.83376665970626], [14.254326370842806, 40.83376670870837], [14.254326556816443, 40.83376677642325], [14.254326735186686, 40.83376686218779], [14.254326904206776, 40.8337669651621], [14.25432706222152, 40.833767084337765], [14.254327207683502, 40.83376721854772], [14.254327339168228, 40.83376736647765], [14.254327455388088, 40.83376752667891], [14.254327555204952, 40.833767697582665], [14.254327637641328, 40.83376787751527], [14.254327701889927, 40.833768064714675], [14.25432774732157, 40.83376825734766], [14.25432777349135, 40.83376845352778], [14.25432778014299, 40.83376865133389], [14.254327767211352, 40.83376884882888], [14.254327734823072, 40.83376904407872], [14.254327683295328, 40.83376923517134], [14.25432761313272, 40.833769420235406], [14.25416720611596, 40.834136592307495], [14.254167189694874, 40.834136635600714], [14.254167235429703, 40.834136642831055], [14.254225905432193, 40.834142971108164], [14.254225952486793, 40.834142973872886], [14.254225973382011, 40.834142931621685], [14.254383950733065, 40.83377997083901], [14.254384034614462, 40.83377980066587], [14.254384134243193, 40.83377963920658], [14.254384248722726, 40.83377948791408], [14.254384377022888, 40.8337793481498], [14.254384517989136, 40.83377922117144], [14.254384670352955, 40.83377910812166], [14.25438483274326, 40.833779010017764], [14.25438500369874, 40.83377892774256], [14.25438518168101, 40.83377886203642], [14.254385365088456, 40.83377881349062], [14.254385552270639, 40.833778782542005], [14.254385741543153, 40.833778769469085], [14.254385931202783, 40.83377877438949], [14.254386119542831, 40.83377879725895], [14.254811908651638, 40.833851134695706], [14.254812096630864, 40.833851176025334], [14.254812279766915, 40.83385123523272], [14.254887231316761, 40.83387951799086], [14.254887271314672, 40.833879531183754], [14.254887312814311, 40.83387953743052], [14.254994161640933, 40.83389106625904], [14.254994233765702, 40.83389107537012], [14.255072537776279, 40.833902416439564], [14.25507261804576, 40.83390242477366], [14.255264747756577, 40.83391455999851], [14.25526492949489, 40.83391457984977], [14.255265108661227, 40.83391461621336], [14.25526528375852, 40.833914668785454], [14.255265453323709, 40.83391473712676], [14.255421312309593, 40.83398599934306], [14.255421358947078, 40.83398601785914], [14.25542140869496, 40.83398601129741], [14.255489948160456, 40.833973393958445], [14.255489954617659, 40.83397339278069], [14.255540797094786, 40.83396420566606], [14.255540848261608, 40.83396419357659], [14.255540889859367, 40.833964161423125], [14.255621430734188, 40.83389475378433], [14.255621455974614, 40.83389473239416], [14.255672616924208, 40.83385209773961], [14.255672652644783, 40.833852064784274], [14.255672634427972, 40.83385201972702], [14.25564428083982, 40.83379094266292], [14.25564427956939, 40.83379093992084], [14.255603400795842, 40.833702532556835], [14.255603377723471, 40.83370248867109], [14.255603328859657, 40.833702480267675], [14.2554403882196, 40.83368293284147], [14.25544027231314, 40.83368292573308], [14.255255864393062, 40.83368235259823], [14.25525577874827, 40.833682350497185], [14.255008351157118, 40.833670974053945], [14.255008246887273, 40.83367096652462], [14.254897231492365, 40.83366002704075], [14.254632699799991, 40.83363429149731], [14.254632677810958, 40.83363428923533], [14.25443385092041, 40.83361272509681], [14.254433670277974, 40.83361269710206], [14.254433492946099, 40.833612652730885], [14.254433320406184, 40.83361259235396], [14.25430563493232, 40.833561248115686], [14.25430559851111, 40.83356123508593], [14.254305561189897, 40.83356122491612], [14.253871387138247, 40.8334608151293], [14.253871346117, 40.83346080518531], [14.253714837009644, 40.83342111253102], [14.253608074805591, 40.83339403689696], [14.253608016675512, 40.83339402398422], [14.253373207521687, 40.83334915726135], [14.253373031163461, 40.83334911519669], [14.253372859339239, 40.833349057333955], [14.253259385170779, 40.83330502279784], [14.253259275581392, 40.83330498739034], [14.253216683632463, 40.833293891928946], [14.253216634469851, 40.8332938817351], [14.253216584531009, 40.833293876539166], [14.25312512503518, 40.83328899867316], [14.253125003834988, 40.83328898850565], [14.252529846093632, 40.83322078147291], [14.252312028212918, 40.83319590030535], [14.252311839674519, 40.83319586958684], [14.252311654926743, 40.83319582102126], [14.252311475654972, 40.833195755051676], [14.252311303494626, 40.83319567227988], [14.252311140016253, 40.83319557346097], [14.252310986711201, 40.83319545949643], [14.252310844978009, 40.83319533142591], [14.25226197489868, 40.83314673637583], [14.25226188143519, 40.83314665435237], [14.252163090135975, 40.833070294292064], [14.252162952275384, 40.83307017741186], [14.25216282552933, 40.833070048563265], [14.252162710932899, 40.83306990879853], [14.252085551707927, 40.83296661529168], [14.252085511094863, 40.83296655890554], [14.252036453238956, 40.83289589111729], [14.25203637313513, 40.83289576605843], [14.25203630253223, 40.832895635400206], [14.252001498174769, 40.83282508200786], [14.25200147692575, 40.832825043343576], [14.252001452343261, 40.83282500670834], [14.251973496190244, 40.832787083353566], [14.251973371164933, 40.83278689169005], [14.251973268851916, 40.832786686999356], [14.251947220840725, 40.83272614072323], [14.25194717522622, 40.832726048174585], [14.251900602473906, 40.83264270404044], [14.251900583836123, 40.83264267208978], [14.251817991377003, 40.832506917447716], [14.25181797957762, 40.832506898531605], [14.251708925497008, 40.832336333360566], [14.251708923191577, 40.83233632974625], [14.251622718835947, 40.832200863573576], [14.251622637619972, 40.832200723774015], [14.251622567961428, 40.83220057787117], [14.251599946986179, 40.83214781126625], [14.251599896081192, 40.832147679935545], [14.251583907075297, 40.83210168520288], [14.251558006825457, 40.83202717910605], [14.251558002032723, 40.83202716515329], [14.2515491168505, 40.832000984446886], [14.251549068561875, 40.8320008190732], [14.251549034684437, 40.83200065015735], [14.251549015469559, 40.83200047895269], [14.251539226925942, 40.83185818429977], [14.251539222499858, 40.83185801302391], [14.251539232749156, 40.83185784199771], [14.251539257598617, 40.83185767247629], [14.251548575152736, 40.831808801645764], [14.251561713812233, 40.83173990719974], [14.2515617203037, 40.83173986175049], [14.25156170170781, 40.831739819774704], [14.251513340955023, 40.83164308789702], [14.251513314464997, 40.83164304134913], [14.251513283131228, 40.83164299791398], [14.251446815463357, 40.83156058724792], [14.251446784008207, 40.83156055185479], [14.251446741611527, 40.83156053076899], [14.251353749337762, 40.831519705695065], [14.251353724948839, 40.83151969537097], [14.251317259885859, 40.83150482561268], [14.25131711087445, 40.831504757605074], [14.25131696792782, 40.831504677631976], [14.251212891773415, 40.83144071915083], [14.251212788869964, 40.83144065146133], [14.251159115979803, 40.83140292765836], [14.251158964151342, 40.8314028096466], [14.251158824358297, 40.83140267759902], [14.25115869789301, 40.83140253273636], [14.251158585924605, 40.83140237639784], [14.251158489488196, 40.83140221002874], [14.251136001501575, 40.83135872109167], [14.251135941202543, 40.831358619653216], [14.251062076083524, 40.831249580833365], [14.251062015640501, 40.831249485968065], [14.251020959893252, 40.831180864098876], [14.251020958413832, 40.83118086162208], [14.250964959753135, 40.831086956509736], [14.250964877125291, 40.83108680313491], [14.250852258377, 40.8308540111169], [14.250852224401887, 40.830853946943215], [14.250790987856194, 40.830747793042114], [14.250790913966435, 40.830747652313754], [14.250790851485368, 40.830747506162176], [14.250780178520674, 40.83071951213406], [14.25078013074249, 40.83071940588225], [14.25072825699491, 40.83061998707815], [14.25072819630952, 40.830619860062164], [14.250637947014653, 40.83041250526336], [14.25063790861149, 40.83041242662856], [14.250593231338238, 40.83033027363956], [14.250593221848684, 40.830330256588596], [14.25050447595243, 40.83017439513868], [14.250473335625045, 40.83011971009843], [14.250473261740847, 40.830119567290275], [14.250473199567113, 40.83011941900855], [14.250447554048643, 40.83005062311332], [14.250447544950616, 40.83005059820388], [14.250431038779473, 40.830004459118925], [14.250431017514755, 40.83000440864561], [14.250430985716134, 40.830004364051874], [14.250402350018842, 40.82996856082754], [14.250402234523186, 40.82996840083918], [14.250402135354946, 40.8299682302485], [14.25040205347941, 40.829968050716], [14.250401989693547, 40.82996786398923], [14.25040194461824, 40.829967671885775], [14.250401918692246, 40.829967476275534], [14.250401912167927, 40.829967279062565], [14.250401925108788, 40.82996708216651], [14.250401957388865, 40.82996688750394], [14.25040200869395, 40.82996669696966], [14.25040207852464, 40.82996651241833], [14.250402166201217, 40.829966335646326], [14.250402270870246, 40.82996616837435], [14.250402391512889, 40.829966012230585], [14.250402526954828, 40.82996586873493], [14.250428376065626, 40.82994105756729], [14.250450123793753, 40.82992017999022], [14.250450263490281, 40.82992005781872], [14.250450413909656, 40.829919949121866], [14.250450573756732, 40.829919854835566], [14.250450741655184, 40.82991977577164], [14.250450916159368, 40.82991971261086], [14.250451095766756, 40.82991966589705], [14.25050830155578, 40.8299075901697], [14.250508347416082, 40.829907578045244], [14.250508328849843, 40.82990753439361], [14.25041156167467, 40.82970852060028], [14.250411509953897, 40.829708405069866], [14.25039071842754, 40.829657719511765], [14.250390716766335, 40.82965771544939], [14.250366285513634, 40.8295977827391], [14.250366264977389, 40.8295977386989], [14.25036622605755, 40.82959770960381], [14.250325185207195, 40.82957007040157], [14.25025989119086, 40.82952609463276], [14.250259852004715, 40.82952607079502], [14.250259807790512, 40.8295260585927], [14.250200687199401, 40.8295126472021], [14.250094706282235, 40.82948860403596], [14.25009465886346, 40.829488595662916], [14.250094610858104, 40.82948859190359], [14.249907608745668, 40.82948301031986], [14.249907414858196, 40.82948299507235], [14.249907223368405, 40.82948296106501], [14.249907036087063, 40.82948290861945], [14.249769668529803, 40.82943712973747], [14.24976958842478, 40.829437106704866], [14.249655471202674, 40.82940938921526], [14.249655429971314, 40.82940938102329], [14.249655388098807, 40.82940937988181], [14.249513269569668, 40.82941145329879], [14.249513237832904, 40.82941145426599], [14.249329244734216, 40.82941998733686], [14.249329147276375, 40.82941998947847], [14.24914177776567, 40.82941953949244], [14.249141713149363, 40.82941954142731], [14.248872709878592, 40.829436314444415], [14.248872667393432, 40.82943631800418], [14.248646487358375, 40.8294601349213], [14.248646338214959, 40.82946014500894], [14.248355250944265, 40.82946892528402], [14.24835523552971, 40.82946892586801], [14.248217470715575, 40.829475209637664], [14.24816480852966, 40.82947761198129], [14.24806219129637, 40.82948229310443], [14.248061994147161, 40.82948229237065], [14.248061798028054, 40.829482272230024], [14.248061604844755, 40.82948223287825], [14.248061416474444, 40.82948217469771], [14.248061234747532, 40.82948209825375], [14.248061061429873, 40.82948200428919], [14.248060898205614, 40.82948189371709], [14.248028060449437, 40.82945720275239], [14.24802791843374, 40.82945708535003], [14.248027787825556, 40.829456955375896], [14.248027669733478, 40.82945681393321], [14.248027565159866, 40.829456662222526], [14.248027474992336, 40.82945650153155], [14.248027399996221, 40.82945633322423], [14.247963616870589, 40.82929338556176], [14.24796356304159, 40.82929322931203], [14.247963522296411, 40.82929306915158], [14.247954575073852, 40.82925063177031], [14.247933323023721, 40.829149834671554], [14.247933321926528, 40.82914982943292], [14.247925961162647, 40.82911444902946], [14.247925930537722, 40.8291142539817], [14.247925919293412, 40.829114056864775], [14.247925927539296, 40.82911385959967], [14.247925955195017, 40.82911366410881], [14.247926001991056, 40.82911347229732], [14.24792606747137, 40.829113286034485], [14.247926150997829, 40.8291131071355], [14.247926251756436, 40.82911293734381], [14.247926368765258, 40.82911277831409], [14.247926500884002, 40.829112631596146], [14.247926646825121, 40.829112498619814], [14.247926805166362, 40.82911238068098], [14.247926974364628, 40.82911227892902], [14.247927152771021, 40.82911219435553], [14.247927338646903, 40.829112127784725], [14.247927530180842, 40.82911207986535], [14.247927725506266, 40.8291120510644], [14.24810047981501, 40.82909523821335], [14.248331782373846, 40.82907272549916], [14.248331793186642, 40.8290727243874], [14.24837085363118, 40.82906849357719], [14.248371045963355, 40.82906848208008], [14.248371238509336, 40.82906848914367], [14.24837142948211, 40.82906851470239], [14.248371617109267, 40.82906855851905], [14.248371799649448, 40.82906862018696], [14.248371975408501, 40.829068699133806], [14.248372142755214, 40.82906879462687], [14.24837230013645, 40.8290689057799], [14.248372446091558, 40.82906903156128], [14.248372579265936, 40.829069170803635], [14.248372698423596, 40.82906932221467], [14.24837280245864, 40.829069484389144], [14.248372890405523, 40.82906965582191], [14.248372961448016, 40.82906983492192], [14.248373014926772, 40.82907002002695], [14.24837305034546, 40.829070209419044], [14.248396338981514, 40.82923952326432], [14.248396347366551, 40.82923956825085], [14.248396393060931, 40.829239570726024], [14.248434535058044, 40.82923981976695], [14.248434582421337, 40.82923981770475], [14.248434578914077, 40.829239770426526], [14.248399523837007, 40.828958723373816], [14.248399515937663, 40.82895867792731], [14.248399469878226, 40.82895867541507], [14.248365577971983, 40.82895845572538], [14.248365531233851, 40.828958457726536], [14.248365533511599, 40.828958504451876], [14.248372949143196, 40.82903394619468], [14.248372958731355, 40.82903414609196], [14.248372948294133, 40.82903434594672], [14.24837291793603, 40.82903454375784], [14.248372867961015, 40.829034737544724], [14.248372798869475, 40.829034925367026], [14.248372711353202, 40.82903510534413], [14.248372606288473, 40.829035275673995], [14.24837248472727, 40.82903543465113], [14.24837234788675, 40.829035580683765], [14.24837219713706, 40.82903571230971], [14.248372033987613, 40.829035828211026], [14.248371860071977, 40.82903592722723], [14.24837167713152, 40.829036008366906], [14.248371486997971, 40.82903607081762], [14.248371291575086, 40.82903611395407], [14.248371092819577, 40.829036137344346], [14.248333306115079, 40.82903867634744], [14.248333288768846, 40.82903867766464], [14.248089424634179, 40.82905933072915], [14.24790745815226, 40.82907474169293], [14.247907264696488, 40.82907474867492], [14.247907071471909, 40.829074736921406], [14.247906880288738, 40.82907470654248], [14.24790669293807, 40.82907465782276], [14.247906511175096, 40.82907459121867], [14.247906336702655, 40.829074507354186], [14.24790617115529, 40.829074407015], [14.247906016083922, 40.82907429114112], [14.247905872941338, 40.829074160818124], [14.24790574306856, 40.829074017266926], [14.247905627682302, 40.82907386183239], [14.247905527863553, 40.8290736959707], [14.247905444547465, 40.82907352123572], [14.24790537851458, 40.829073339264454], [14.247905330383526, 40.82907315176169], [14.247905300605218, 40.82907296048405], [14.247905289458632, 40.82907276722351], [14.247903326774356, 40.828859398528046], [14.247903322912832, 40.828859341049544], [14.247903312437963, 40.82885928440182], [14.247887113160914, 40.82879329705564], [14.24788707146287, 40.82879307250049], [14.247887055638385, 40.828792844655524], [14.247886688883183, 40.828762813733796], [14.247886695685176, 40.82876262270859], [14.247886720692126, 40.828762433205156], [14.247886763675613, 40.82876224695447], [14.247886824243015, 40.82876206565779], [14.247886901841095, 40.82876189097111], [14.247886995761059, 40.828761724490064], [14.247887105145017, 40.82876156773533], [14.247887228993832, 40.82876142213873], [14.247887366176242, 40.82876128903019], [14.247887515439192, 40.828761169625544], [14.247887675419282, 40.82876106501546], [14.247887844655216, 40.828760976155486], [14.247888021601154, 40.828760903857265], [14.247888204640834, 40.8287608487812], [14.24788839210233, 40.828760811430364], [14.24798605866246, 40.8287461639297], [14.24805425758158, 40.82873595085893], [14.248054352291383, 40.828735938978916], [14.248225436128028, 40.828718614520085], [14.248225655379652, 40.8287186044229], [14.248411178394466, 40.82872025157227], [14.248480484006324, 40.8287206325836], [14.248480521727119, 40.828720631364035], [14.248480559248208, 40.82872062729765], [14.24857644667298, 40.8287065497421], [14.24857644992993, 40.82870654926667], [14.248661295140044, 40.828694235463786], [14.24866152816133, 40.82869421546282], [14.248911945288393, 40.82868742236482], [14.248912041777244, 40.82868741506117], [14.248970627809463, 40.82868011412183], [14.248970674350778, 40.82868010597516], [14.24897067515105, 40.82868005873298], [14.24896194585152, 40.828410463765714], [14.248961944885803, 40.82841038094377], [14.24896536708746, 40.828032194865514], [14.248965363356328, 40.828032099072324], [14.248954367560613, 40.827905897145385], [14.248949355408058, 40.82784838046781], [14.248949348520508, 40.82784825834573], [14.248945412633008, 40.82769547421199], [14.248945411979374, 40.827695428926084], [14.24894504830457, 40.827578477328466], [14.248945046010126, 40.82757843112252], [14.248945035209251, 40.82757838613813], [14.248925755745505, 40.82751187818943], [14.248925710175227, 40.8275116859321], [14.248925683797653, 40.827511490116486], [14.248925676870227, 40.82751129265372], [14.248925689460556, 40.827511095471024], [14.248925721445763, 40.82751090049287], [14.248925772513674, 40.82751070962223], [14.248925842165875, 40.82751052472198], [14.248925929722565, 40.827510347596714], [14.248926034329203, 40.82751017997517], [14.24892615496484, 40.827510023493296], [14.248926290452086, 40.82750987967835], [14.248926439468603, 40.827509749933945], [14.248926600560004, 40.827509635526376], [14.24896815825933, 40.82748310817497], [14.248968336250645, 40.82748300699133], [14.248968523653966, 40.8274829245351], [14.248968718505356, 40.827482861670376], [14.248968918762815, 40.827482819055994], [14.248969122327695, 40.82748279713852], [14.249037744834906, 40.827478946997736], [14.24911662704304, 40.82747452195898], [14.249116670648053, 40.82747451757695], [14.249116711587531, 40.827474501938994], [14.249185826644235, 40.82744454505823], [14.249185867264021, 40.827444525219185], [14.249185903480269, 40.82744449847586], [14.24927872906187, 40.82736927717487], [14.249278763679971, 40.82736924630594], [14.249278772072106, 40.82736920068945], [14.249290862125372, 40.82728002088364], [14.249290906785154, 40.82727979235766], [14.249300138042205, 40.827243825667175], [14.24930022432601, 40.82724356520028], [14.24931157199617, 40.82721584389669], [14.249311652588167, 40.827215671025336], [14.249311749281171, 40.8272155066172], [14.24931186119577, 40.82721535216754], [14.24931198731411, 40.827215209081075], [14.249312126489162, 40.82721507865915], [14.249312277455141, 40.82721496208794], [14.249312438839029, 40.82721486042765], [14.249312609173057, 40.82721477460287], [14.249312786908053, 40.82721470539417], [14.249312970427537, 40.82721465343099], [14.24931315806242, 40.82721461918593], [14.249313348106183, 40.82721460297045], [14.249313538830398, 40.827214604932024], [14.249313728500447, 40.82721462505281], [14.249313915391301, 40.82721466314982], [14.24931409780321, 40.827214718876554], [14.249314274077154, 40.82721479172619], [14.249345122085499, 40.827229299276915], [14.249345293762678, 40.82722939045432], [14.249345455777584, 40.82722949786728], [14.249345606599732, 40.8272296205011], [14.249345744804362, 40.82722975719731], [14.249345869085914, 40.8272299066646], [14.249345978270352, 40.827230067491], [14.24934607132625, 40.82723023815726], [14.249346147374553, 40.82723041705117], [14.249359983012132, 40.82726793028388], [14.249360001461536, 40.827267973530425], [14.249360042058175, 40.82726794981206], [14.249386674975613, 40.827250552266236], [14.249386715415376, 40.827250522845105], [14.24938674915703, 40.8272504859332], [14.249413424424406, 40.82721818118679], [14.249413548693164, 40.8272180441314], [14.249413685094664, 40.82721791914526], [14.249413832461755, 40.82721780729784], [14.2494605967003, 40.827185611202324], [14.249460616890074, 40.82718559693103], [14.249526190548407, 40.82713801912965], [14.24952629169752, 40.82713793503958], [14.249584114529101, 40.82708303736161], [14.249584121708192, 40.827083030579324], [14.24962613996552, 40.827043530630554], [14.24966536696885, 40.82700605011393], [14.249665370809726, 40.827006046453796], [14.249719652634846, 40.826954456157374], [14.249719798962746, 40.826954329962554], [14.249719956785654, 40.8269542184775], [14.249720124630414, 40.826954122742855], [14.249720300930324, 40.82695404365222], [14.249720484039754, 40.826953981943845], [14.249720672249515, 40.82695393819374], [14.249720863802814, 40.82695391281027], [14.24972105691164, 40.82695390603037], [14.249721249773476, 40.82695391791733], [14.249721440588093, 40.8269539483602], [14.249721627574386, 40.82695399707481], [14.249721808986976, 40.82695406360644], [14.249721983132515, 40.826954147334085], [14.249722148385485, 40.826954247476195], [14.249751755868438, 40.826974206267096], [14.249751912890005, 40.826974323709585], [14.249752057656528, 40.82697445596375], [14.24975218877649, 40.826974601758344], [14.249752304989553, 40.826974759691986], [14.24975240517866, 40.826974928246585], [14.249838238484378, 40.82713691944851], [14.249838355537038, 40.82713718545914], [14.249879512299813, 40.827252866953245], [14.249924909119052, 40.82738046509857], [14.24992497064147, 40.82738067311798], [14.249925009272753, 40.82738088657689], [14.249931490637199, 40.8274325584323], [14.249953044422062, 40.82760441117121], [14.249953054441642, 40.82760451147076], [14.249965082264273, 40.8277659560363], [14.24996508333617, 40.8277659712017], [14.249981283192954, 40.82800826057035], [14.249981287388993, 40.82800829986839], [14.249981294681765, 40.828008338711115], [14.250047737022207, 40.82829837092042], [14.250047771174241, 40.828298562319205], [14.250047786580845, 40.828298756129655], [14.25004778309643, 40.82829895052027], [14.250047760753922, 40.82829914365408], [14.250047719764456, 40.82829933370596], [14.250047660515385, 40.82829951887994], [14.250047583566605, 40.82829969742612], [14.250047489645283, 40.82829986765726], [14.250047379638971, 40.828300027964666], [14.250047254587225, 40.828300176833444], [14.250047115671778, 40.828300312856804], [14.250046964205376, 40.82830043474931], [14.250046801619375, 40.82830054135909], [14.250046629450202, 40.828300631678694], [14.25004644932485, 40.82830070485459], [14.2500462629455, 40.82830076019528], [14.250046072073426, 40.82830079717779], [14.250045878512365, 40.828300815452636], [14.250045684091463, 40.82830081484713], [14.249541479216216, 40.828274704471895], [14.249541431550968, 40.828274704406134], [14.249541433424934, 40.82827475203458], [14.24954839431714, 40.82835215904915], [14.249548400631596, 40.82835220465269], [14.24954844647612, 40.82835220887658], [14.250051077065816, 40.82837432428361], [14.250051271479695, 40.82837434237795], [14.2500514632027, 40.82837437934349], [14.250051650407512, 40.82837443482791], [14.250051831309872, 40.828374508302375], [14.250052004185592, 40.82837459906661], [14.25005216738699, 40.82837470625554], [14.250052319358582, 40.82837482884753], [14.250052458651925, 40.82837496567416], [14.250052583939409, 40.82837511543133], [14.250052694026909, 40.82837527669169], [14.250052787865181, 40.82837544791826], [14.250052864559846, 40.82837562747909], [14.250052923379926, 40.82837581366276], [14.250052963764803, 40.82837600469475], [14.250052985329567, 40.82837619875434], [14.250057026985568, 40.82844147476263], [14.25007166240797, 40.82865699484373], [14.250071666248015, 40.82865718531379], [14.250071651948122, 40.8286573752851], [14.250071619638039, 40.828657563033985], [14.25007156961093, 40.828657746856926], [14.250071502320706, 40.82865792508603], [14.250071418377924, 40.82865809610414], [14.250071318544226, 40.82865825835956], [14.250071203725444, 40.828658410380065], [14.250071074963374, 40.828658550786315], [14.250070933426327, 40.82865867830436], [14.250070780398524, 40.82865879177716], [14.250070617268445, 40.82865889017515], [14.250070445516235, 40.82865897260551], [14.250070266700272, 40.82865903832033], [14.25007008244302, 40.82865908672335], [14.249496545339642, 40.828780878180034], [14.24949649972447, 40.82878089020235], [14.249496483816248, 40.82878093461196], [14.249480218928753, 40.82883436137979], [14.249480207646402, 40.82883440639331], [14.24948025389955, 40.82883440263207], [14.250078901190145, 40.82875548251523], [14.250079098201859, 40.828755466395904], [14.250079295842538, 40.828755469803184], [14.250079492181557, 40.82875549270377], [14.250079685301007, 40.82875553487398], [14.250079873314425, 40.82875559590185], [14.25008005438523, 40.82875567519127], [14.250080226744654, 40.82875577196769], [14.25008038870903, 40.82875588528578], [14.250080538696233, 40.82875601403859], [14.25008067524113, 40.82875615696843], [14.250080797009902, 40.8287563126791], [14.250080902813071, 40.82875647964957], [14.250080991617109, 40.82875665624881], [14.250081062554548, 40.82875684075172], [14.250081114932444, 40.828757031356034], [14.250081148239152, 40.82875722619985], [14.250091719048148, 40.82884499161652], [14.25009872791343, 40.82890317928359], [14.250098735181034, 40.828903223089945], [14.250098746316096, 40.82890326607628], [14.250118197346264, 40.82896659514626], [14.250139622640457, 40.829036350520596], [14.250139639730612, 40.82903639748437], [14.25013968340195, 40.82903642178427], [14.250273705592653, 40.8291022832717], [14.250273745239573, 40.829102300661766], [14.25027378713956, 40.829102310888224], [14.250512885659703, 40.82914986028243], [14.250513071834892, 40.82914990669096], [14.250513252706199, 40.82914997072629], [14.250661546229367, 40.82921062508258], [14.250661632249829, 40.82921065575832], [14.250805527190288, 40.82925467119961], [14.25080556073831, 40.82925468178501], [14.251163041840885, 40.829370944370716], [14.251163236510468, 40.829371019113715], [14.251163422339651, 40.829371113719624], [14.251163597308343, 40.82937122716], [14.251163759514512, 40.82937135820168], [14.251163907194867, 40.82937150542014], [14.251164038744017, 40.82937166721503], [14.251164152731938, 40.8293718418275], [14.251200593668498, 40.82943458340292], [14.251200619843495, 40.82943462378611], [14.25120066399874, 40.82943464292346], [14.251288742037673, 40.82946780358608], [14.25128878734537, 40.82946781819213], [14.251288834260233, 40.82946781012111], [14.251367715029486, 40.829450287597], [14.25136776029777, 40.829450275264165], [14.251367797786386, 40.8294502470521], [14.251429041293246, 40.82939944008657], [14.251429076597766, 40.82939940773632], [14.2514290691745, 40.82939936043047], [14.251418907010017, 40.82935045724584], [14.251418894884708, 40.82935041054851], [14.251418855857844, 40.82935038218359], [14.251349681488694, 40.82930512764063], [14.251349644869942, 40.82930510585861], [14.251349605221174, 40.82930509068854], [14.250699269959417, 40.82908739272526], [14.25069922750175, 40.82908737955476], [14.250400738014225, 40.82900201289011], [14.250400526108834, 40.829001939197994], [14.25027361243937, 40.828949652690675], [14.250273437721907, 40.828949570635366], [14.250273271728373, 40.82894947211931], [14.250273116004971, 40.82894935806017], [14.250272972002236, 40.82894922952038], [14.250272841061525, 40.82894908769727], [14.25027272440253, 40.82894893391188], [14.250272623111904, 40.828948769596714], [14.250272538133155, 40.82894859628232], [14.25027247025784, 40.828948415583106], [14.250228607370625, 40.828811974647614], [14.250228553463167, 40.82881177056698], [14.250228521364635, 40.82881156194147], [14.250186346734218, 40.828390652418626], [14.250186336927902, 40.8283904781993], [14.250183176190147, 40.82813944481563], [14.25018044528691, 40.82792272101533], [14.250180442254425, 40.8279226547936], [14.250143909042556, 40.82746071171506], [14.250143908645258, 40.82746070660824], [14.250121946065889, 40.82717364907934], [14.25012194008586, 40.827173592292844], [14.250103937813872, 40.82703952606621], [14.250103920073228, 40.8270392740343], [14.250102903142563, 40.82689541056319], [14.25010290289853, 40.82689539443785], [14.250099732515263, 40.82675874284357], [14.250097063899313, 40.8266436616439], [14.250097050117887, 40.82664351786684], [14.250072073532056, 40.82649619253144], [14.250049645135858, 40.82637146355146], [14.250049619789976, 40.826371267265145], [14.250049613968502, 40.82637106943481], [14.250049627728446, 40.826370871997746], [14.250057167492521, 40.826307854498836], [14.250057170914676, 40.82630780361957], [14.250057144005277, 40.8263077603034], [14.24999953525424, 40.82622494836487], [14.249999504231088, 40.8262249083512], [14.249999454486982, 40.82622489891423], [14.249880074024915, 40.82620858884586], [14.249880032006038, 40.826208584906816], [14.249879989804567, 40.82620858453329], [14.249777456035558, 40.8262120165651], [14.249777410798202, 40.82621202016327], [14.249777371840427, 40.826212043436456], [14.249721281764833, 40.826249146834954], [14.249721071284364, 40.826249268360826], [14.24965553689581, 40.826281967602874], [14.24965552772675, 40.82628197223688], [14.249593843837179, 40.82631354584443], [14.249553536328072, 40.82633427642598], [14.249553530567367, 40.826334279376994], [14.24949184592618, 40.826365752429695], [14.249450596215363, 40.82638707612716], [14.249450569512069, 40.82638708967885], [14.24938733888954, 40.82641858562342], [14.249387130635222, 40.826418675012626], [14.24929632407979, 40.826451694598575], [14.249296279091826, 40.82645171349864], [14.249296236167165, 40.82645173670669], [14.249139086222542, 40.82654692552578], [14.249139050809923, 40.82654694800446], [14.249041835717062, 40.82661155657316], [14.249012528150862, 40.8266311338401], [14.24901244373092, 40.82663119691417], [14.248925518215755, 40.826703588547915], [14.248925480945688, 40.826703622964594], [14.248925455825564, 40.82670366703894], [14.248889129629536, 40.82677574360259], [14.248889021390616, 40.82677593211667], [14.248888893331893, 40.826776107770264], [14.248888746966161, 40.826776268488324], [14.248821484076334, 40.82684250769201], [14.248821338903381, 40.8268426373612], [14.248821181812778, 40.826842752303925], [14.248821014292536, 40.8268428514314], [14.248820837929461, 40.826842933804656], [14.24882065439412, 40.82684299864342], [14.24882046542502, 40.82684304533353], [14.248820272812138, 40.82684307343273], [14.248820078379962, 40.82684308267483], [14.248819883970219, 40.8268430729723], [14.248774832336132, 40.82683861877744], [14.248774783965798, 40.826838616403215], [14.248774748301381, 40.826838649165424], [14.248668180228849, 40.8269467446808], [14.248668042442093, 40.82694687191704], [14.248667893342827, 40.82694698568724], [14.248667734242163, 40.82694708499097], [14.248667566539165, 40.82694716895499], [14.248667391708539, 40.826947236840944], [14.248667211287668, 40.82694728805188], [14.248667026863094, 40.82694732213748], [14.248666840056567, 40.826947338798], [14.248666652510783, 40.82694733788694], [14.248666465874937, 40.82694731941231], [14.248666281790221, 40.82694728353657], [14.24859810154719, 40.826930643579715], [14.248598053417284, 40.82693063438692], [14.24859802395175, 40.82693067353758], [14.248489137224885, 40.82709171849219], [14.248489016231236, 40.82709187935892], [14.248488879680483, 40.827092027248945], [14.248488728955802, 40.82709216066423], [14.248448785355725, 40.82712408085019], [14.248408125314954, 40.82715657442433], [14.248408016426282, 40.82715665554273], [14.24837249655635, 40.8271812869615], [14.248372453408699, 40.82718132054565], [14.248372418643964, 40.827181362747964], [14.248307326330403, 40.82726989595713], [14.248307295592824, 40.82726994021516], [14.248201123100884, 40.827431965587174], [14.248200998891518, 40.82743213500824], [14.248200857596347, 40.82743229046607], [14.24820070077426, 40.82743243024553], [14.248200530155458, 40.827432552804446], [14.248153520301647, 40.8274627093811], [14.248153504616493, 40.82746271934052], [14.24808760388428, 40.827504135257215], [14.248087595463819, 40.82750414052001], [14.24802979210383, 40.827540068473255], [14.248029771950181, 40.82754008133639], [14.24792443404276, 40.82760909965746], [14.247924379068419, 40.82760913838081], [14.247870084092126, 40.827650183118045], [14.247870030432809, 40.82765022667715], [14.247751578722163, 40.82775337555747], [14.247751545615676, 40.82775340375991], [14.24770035688573, 40.82779605824159], [14.247700324955224, 40.82779608429591], [14.247621238277492, 40.82785927054552], [14.247621156369037, 40.82785934371174], [14.247571310279408, 40.8279090572567], [14.24757128114059, 40.8279090889522], [14.247571261129496, 40.82790912707352], [14.247547371477385, 40.82795986395044], [14.247547253084623, 40.827960079819654], [14.247532044502107, 40.82798416415364], [14.24753203118864, 40.82798418584343], [14.247508268475666, 40.82802402761001], [14.247508233996916, 40.8280240904333], [14.247470750190653, 40.828098603050776], [14.247470658814096, 40.82809876538907], [14.247470552729453, 40.828098918521185], [14.247420586312716, 40.82816431390245], [14.247420557836964, 40.8281643553495], [14.247420533682615, 40.828164399454955], [14.247386637286949, 40.82823446859434], [14.247386553874273, 40.82823462328903], [14.247386457202975, 40.82823477006362], [14.247386348019552, 40.82823490778471], [14.247354683581214, 40.828271429803934], [14.247354553700504, 40.82827156608372], [14.247354411581501, 40.82827168954776], [14.24735425848342, 40.828271799102126], [14.247354095762756, 40.82827189377612], [14.247353924861262, 40.82827197273092], [14.247353747293177, 40.82827203526694], [14.247353564631803, 40.82827208083012], [14.247353378495577, 40.82827210901674], [14.24735319053372, 40.828272119577065], [14.247353002411629, 40.828272112417515], [14.247352815796122, 40.82827208760154], [14.247352632340666, 40.82827204534902], [14.247270469895508, 40.828249000810246], [14.247270424567809, 40.8282489904461], [14.24727040925217, 40.82824903434877], [14.247256176648989, 40.82829725802652], [14.247256116023124, 40.82829743311981], [14.247256039453159, 40.82829760185094], [14.247255947596313, 40.828297762771655], [14.247255841241023, 40.828297914500716], [14.247255721300164, 40.82829805573579], [14.247255588803226, 40.82829818526462], [14.24720358356154, 40.82834451363923], [14.247203494153727, 40.828344604135076], [14.247156214097124, 40.828398988029036], [14.247156184881064, 40.828399025078774], [14.247156180506956, 40.82839907205892], [14.247151531013316, 40.82850248483297], [14.247151531291394, 40.82850253511111], [14.247151536633616, 40.82850258510539], [14.24716279752845, 40.82857376001491], [14.247162817457738, 40.828573936368514], [14.247162821674697, 40.828574113794524], [14.247162810146119, 40.8285742908958], [14.247141975848123, 40.828763993247804], [14.24714194873767, 40.82876416826662], [14.247141906250263, 40.82876434020087], [14.247141848719075, 40.82876450770229], [14.247141776595242, 40.8287646694574], [14.247119530427446, 40.82880915420384], [14.247119512360442, 40.82880919476961], [14.247119505692858, 40.828809238673465], [14.247114441401918, 40.82885683504496], [14.247114436031874, 40.82885696250755], [14.24711551384733, 40.82890641601482], [14.247115519335855, 40.828906501070165], [14.24711919503231, 40.82894069383865], [14.247119197168493, 40.82894071212466], [14.247123305971309, 40.828973279756546], [14.24712331521455, 40.8289733310529], [14.247123344667738, 40.82897337405604], [14.247141932478385, 40.828997658079466], [14.247142046666998, 40.828997823939], [14.247142143598746, 40.82899800044016], [14.247142222291021, 40.82899818579374], [14.247142281946111, 40.828998378120794], [14.247142321959288, 40.82899857547167], [14.247142341924931, 40.82899877584582], [14.247142341640648, 40.82899897721201], [14.24714232110932, 40.82899917752898], [14.247142280539077, 40.82899937476609], [14.247142220341182, 40.82899956692394], [14.247111564848687, 40.82908252868058], [14.24711155182168, 40.82908257021847], [14.247111589433137, 40.82908254829876], [14.247216463221601, 40.829014179413555], [14.247216476932081, 40.82901417031385], [14.247271043259014, 40.82897730405637], [14.247271081726124, 40.82897727518678], [14.247271073817217, 40.82897722774601], [14.24724514178097, 40.82885838430037], [14.247245108933612, 40.828858186720986], [14.247245096012852, 40.82885798684699], [14.247245103148275, 40.82885778668294], [14.24724513026832, 40.82885758823631], [14.247245177100996, 40.82885739349735], [14.247262946811135, 40.828796987657796], [14.247262947443465, 40.8287969855127], [14.247284731121855, 40.82872323937919], [14.247284793301663, 40.828723060520204], [14.247284872118074, 40.82872288834344], [14.247284966864564, 40.82872272439233], [14.247285076691803, 40.82872257013656], [14.247285200615275, 40.82872242695892], [14.247285337524104, 40.82872229614288], [14.24728548619101, 40.8287221788611], [14.247285645283313, 40.82872207616493], [14.24734477144496, 40.82868776139332], [14.247344941450136, 40.82868767332428], [14.247345119097606, 40.828687601914964], [14.247345302759323, 40.82868754781979], [14.247405268121645, 40.82867296519883], [14.247405432057024, 40.8286729325216], [14.247405598148589, 40.82867291364829], [14.247405765236083, 40.82867290871075], [14.247473125523761, 40.82867373460488], [14.247473369623636, 40.828673752575796], [14.247473609700412, 40.82867380022917], [14.247539581524636, 40.82869115065596], [14.247539761049545, 40.82869120702319], [14.247539934482583, 40.82869128001249], [14.24754010028859, 40.8286913689778], [14.247540256999914, 40.82869147313163], [14.247540403229403, 40.82869159155204], [14.247540537682696, 40.82869172319082], [14.247540659169658, 40.828691866882764], [14.24754076661494, 40.82869202135596], [14.247540859067472, 40.82869218524308], [14.247540935708905, 40.828692357093445], [14.247588807219005, 40.82881489130197], [14.2475888792604, 40.82881511305014], [14.247588925005132, 40.82881534167567], [14.247604936550411, 40.828929660036614], [14.247604954288606, 40.82892985759412], [14.247604952370681, 40.828930055937086], [14.247604930815504, 40.828930253114635], [14.247604889835086, 40.82893044718734], [14.24760482983251, 40.828930636246334], [14.247604751397953, 40.82893081843204], [14.247604655302892, 40.8289309919525], [14.247604542492505, 40.82893115510098], [14.247604414076388, 40.82893130627278], [14.247604271317627, 40.82893144398098], [14.247604115620383, 40.828931566871084], [14.247603948516083, 40.82893167373438], [14.247551455989019, 40.828961683689684], [14.247551288544186, 40.82896176923631], [14.24755111380552, 40.828961838679774], [14.247550933317534, 40.82896189140627], [14.247494377865308, 40.82897556365916], [14.24749434238266, 40.82897557363717], [14.24749430773324, 40.82897558620629], [14.247424185410052, 40.82900399472282], [14.247424142136454, 40.8290040148192], [14.247424154388254, 40.82900406093162], [14.247454940941404, 40.82910032244478], [14.247454955460807, 40.82910036200145], [14.247454976362029, 40.82910039841623], [14.247518218466288, 40.82920060072968], [14.247518309383084, 40.82920076062803], [14.247518385225208, 40.829200928202845], [14.24751844535116, 40.82920110203672], [14.247518489252377, 40.829201280659305], [14.247518516557529, 40.82920146255976], [14.247534209516333, 40.829353286528566], [14.247534215515262, 40.82935332769593], [14.247534224923111, 40.829353368220346], [14.247567404170152, 40.82947333908999], [14.247567411118775, 40.829473364884414], [14.24759071988825, 40.82956225019142], [14.247590763318383, 40.82956237922668], [14.247608892146447, 40.82960612468732], [14.24760895876179, 40.82960631099689], [14.247609006642033, 40.829606502976944], [14.247609035318565, 40.82960669874854], [14.247609044510721, 40.82960689639561], [14.247608889474721, 40.82965838733688], [14.247608879163977, 40.829658584225704], [14.247608849517759, 40.82965877914266], [14.247608800824166, 40.829658970193584], [14.247608733556396, 40.82965915552185], [14.24760864836815, 40.829659333326475], [14.247608546087276, 40.82965950187956], [14.247608427707728, 40.82965965954314], [14.247608294379903, 40.82965980478505], [14.247608147399468, 40.82965993619385], [14.247607988194758, 40.82966005249252], [14.247607818312908, 40.829660152550886], [14.247607639404805, 40.829660235396595], [14.247607453209062, 40.82966030022457], [14.247607261535103, 40.8296603464048], [14.247607066245594, 40.82966037348853], [14.247606869238336, 40.829660381212555], [14.24760667242782, 40.829660369501816], [14.247556316678914, 40.82965487202245], [14.247556205814362, 40.82965486612334], [14.246700410517503, 40.829656939064535], [14.246700379662304, 40.82965693890125], [14.24635944472829, 40.82965250454222], [14.246162825902429, 40.82964994688093], [14.246162728695857, 40.82964995035023], [14.2460054483509, 40.82966324963911], [14.245931788706594, 40.82966947849493], [14.245931645500697, 40.8296694854474], [14.245705830718485, 40.829672344261596], [14.245521776960341, 40.829674673192535], [14.245521695884348, 40.829674677516074], [14.24524383794659, 40.82970084535676], [14.245243741510698, 40.82970085209216], [14.245069635234989, 40.829708789863275], [14.24506959391824, 40.829708793472584], [14.245069553910763, 40.82970880384722], [14.244877933196369, 40.829767034135195], [14.244877891114752, 40.8297670490216], [14.244877857053313, 40.82976707773183], [14.244834232634966, 40.82980731137495], [14.24483422291894, 40.82980732045609], [14.244754248858177, 40.829883071346295], [14.24475421116669, 40.829883109002715], [14.244710053293685, 40.82992964187696], [14.244710026042984, 40.829929671782466], [14.244603834449325, 40.83005105314196], [14.244562940274497, 40.830098376250604], [14.244463071735638, 40.83021480970548], [14.2444630414624, 40.83021484880754], [14.244463033713933, 40.83021489764822], [14.244457913291868, 40.830262484802255], [14.244457881001752, 40.830262686958434], [14.244457828215333, 40.83026288475471], [14.244457755485676, 40.830263076118676], [14.244457663574803, 40.83026325904534], [14.244457553445702, 40.83026343161809], [14.244457426252248, 40.83026359202881], [14.244457283327103, 40.83026373859679], [14.244457126167754, 40.83026386978639], [14.244404839496138, 40.83030315621849], [14.244344344364201, 40.83034856883335], [14.244344332101637, 40.83034857796556], [14.244290148680886, 40.830388608533454], [14.244290080424426, 40.83038866375543], [14.244241156074073, 40.8304319352232], [14.244241099818776, 40.8304319890247], [14.244094615725567, 40.830583435063176], [14.24409459073108, 40.83058346187052], [14.244052175331717, 40.83063065906157], [14.24405215016781, 40.83063068816995], [14.243967720453108, 40.83073223762536], [14.243967582152514, 40.83073238768412], [14.243921557617126, 40.83077747498952], [14.243921416213933, 40.83077760096186], [14.24372047713337, 40.8309402215252], [14.243720323991983, 40.83094033386176], [14.243663597834416, 40.830977937528736], [14.243663442896064, 40.8309780304471], [14.243524120853245, 40.8310532450586], [14.243523884986264, 40.83105335326212], [14.243324128024843, 40.83112972690826], [14.243323968566074, 40.83112978030589], [14.243323805185206, 40.83112982011918], [14.242973191729423, 40.83119978855677], [14.242973161861837, 40.831199794993125], [14.242842981264035, 40.8312299366759], [14.24270720150346, 40.83126137390016], [14.242707009578476, 40.83126140857579], [14.242706815188624, 40.83126142439303], [14.242706620182437, 40.83126142120145], [14.242627168764443, 40.83125623820319], [14.242627109670096, 40.831256237863386], [14.242627050951855, 40.83125624452899], [14.242453443745568, 40.831286479323445], [14.242453191631666, 40.83128650690805], [14.242123387385327, 40.831301534137964], [14.242123353049479, 40.831301535407], [14.241861755895021, 40.831308954391005], [14.241861671308488, 40.831308955000374], [14.241786098395432, 40.83130790108461], [14.241786038949424, 40.831307902023504], [14.241654017450738, 40.83131391716764], [14.24165386469155, 40.83131391828743], [14.2415472457668, 40.831310625930236], [14.241418590747116, 40.83130665188108], [14.241418542668093, 40.831306652827635], [14.241418541024652, 40.831306700887886], [14.241419244865615, 40.83134966078739], [14.24142033071771, 40.83141596798822], [14.241420323950107, 40.83141616834685], [14.241420297158504, 40.83141636702143], [14.241420250612084, 40.831416562015825], [14.241420184778518, 40.83141675137084], [14.241420100319257, 40.83141693318397], [14.241419998082891, 40.831417105628475], [14.241419879096627, 40.83141726697174], [14.241419744555959, 40.831417415592696], [14.241419595812664, 40.8314175499981], [14.241419434361216, 40.83141766883754], [14.241419261823776, 40.83141777091698], [14.241419079933886, 40.8314178552108], [14.241418890519055, 40.83141792087207], [14.241418695482402, 40.83141796724108], [14.241418496783524, 40.83141799385193], [14.241418296418821, 40.83141800043725], [14.241418096401425, 40.83141798693089], [14.241417898740979, 40.83141795346854], [14.241417705423446, 40.831417900386406], [14.241417518391154, 40.83141782821784], [14.241365418868575, 40.8313946620261], [14.241281117561375, 40.831357935447464], [14.241281075160302, 40.831357918119565], [14.241233780975564, 40.83133984340609], [14.241233737565437, 40.83133982905939], [14.24123369245478, 40.83133982291478], [14.24112491883, 40.83133001654339], [14.24112466081207, 40.831329976161925], [14.241088206359006, 40.83132180191091], [14.241088153819145, 40.83132179304971], [14.241088100633323, 40.831321789850115], [14.241051571141288, 40.83132154920675], [14.241051290126558, 40.83132152749492], [14.240896372625869, 40.831298489325356], [14.240896323092318, 40.83129848447131], [14.240896273321779, 40.83129848458138], [14.240726119093361, 40.831307367697036], [14.240726071688002, 40.83130737249298], [14.240726041310912, 40.831307409201365], [14.240701453135822, 40.83134025276644], [14.240701328611229, 40.83134040319204], [14.240701190010181, 40.831340540756514], [14.240701038654043, 40.831340664148385], [14.240700875985777, 40.8313407721913], [14.240700703556188, 40.83134086385521], [14.240700523009147, 40.83134093826624], [14.240700336065908, 40.831340994714985], [14.240700144508708, 40.83134103266329], [14.240699950163764, 40.83134105174937], [14.240374822778803, 40.831357013336095], [14.240374697103354, 40.83135702752137], [14.240128188710749, 40.83140080027284], [14.24012804577603, 40.83140082036393], [14.239409242963598, 40.83147552221287], [14.239409204116884, 40.831475525867376], [14.23852746151482, 40.831549806194126], [14.238527447375603, 40.83154980748641], [14.237892912715408, 40.83161234790063], [14.237892841082441, 40.83161235366347], [14.237547474285948, 40.83163390123463], [14.237547440166443, 40.8316339039503], [14.236027108607846, 40.83178113625535], [14.236026903681092, 40.831781145531444], [14.235851095026746, 40.83178007798631], [14.23585104262284, 40.83178008042989], [14.23585099076605, 40.83178008836978], [14.235697810524679, 40.831811873826545], [14.235697639222751, 40.831811901681846], [14.235697466150887, 40.83181191458138], [14.23520845497258, 40.831827075680316], [14.235208407170303, 40.831827078309054], [14.235038488623404, 40.83184050928017], [14.2350383225825, 40.8318405154811], [14.234702174067488, 40.831839096033036], [14.234702127978846, 40.83183909797208], [14.234702082266569, 40.83183910416176], [14.234551315813771, 40.831866672484225], [14.234551059105064, 40.83186670244838], [14.233637048128267, 40.831913852873605], [14.233636917985322, 40.83191385534574], [14.232946753311298, 40.83190450020415], [14.23294673091296, 40.83190450015142], [14.232639256718722, 40.83190721988658], [14.232639126215775, 40.8319072167806], [14.231874651557854, 40.83186402674605], [14.231874452241804, 40.831864005424016], [14.231874256061205, 40.8318639642574], [14.23187406498677, 40.83186390365974], [14.23187388093791, 40.831863824239754], [14.231873705763467, 40.83186372679525], [14.231873541223136, 40.83186361230509], [14.231750671843976, 40.83176863646497], [14.231750523652092, 40.83176850991575], [14.231750388479547, 40.83176836954508], [14.231750267609655, 40.83176821668564], [14.231750162189938, 40.83176805278865], [14.23175007322124, 40.83176787941012], [14.231750001548221, 40.83176769819611], [14.231749947851336, 40.831767510867024], [14.231749912640375, 40.831767319201354], [14.231749896249628, 40.83176712501875], [14.231749898834707, 40.83176693016276], [14.231749920371069, 40.83176673648332], [14.23174996065425, 40.8317665458192], [14.231775863773642, 40.831667965780376], [14.23177588998961, 40.831667826368765], [14.23179364608566, 40.83151383575036], [14.231793679130728, 40.831513637407795], [14.231793731924588, 40.83151344338574], [14.231793803933602, 40.831513255645355], [14.23179389442991, 40.83151307608431], [14.231794002498779, 40.8315129065176], [14.231794127047854, 40.8315127486592], [14.231794266818204, 40.83151260410472], [14.231794420397039, 40.8315124743153], [14.231794586231992, 40.83151236060287], [14.231794762646812, 40.83151226411681], [14.231794947858313, 40.831512185832395], [14.231795139994388, 40.83151212654093], [14.231795337112935, 40.83151208684171], [14.231795537221494, 40.83151206713604], [14.23179573829738, 40.83151206762308], [14.231925322715716, 40.83151890467304], [14.231925364352481, 40.83151890512982], [14.231925405340991, 40.83151889867099], [14.23258216459134, 40.831387310645525], [14.23258234268159, 40.831387283241526], [14.232582522515486, 40.83138727197717], [14.232582702633358, 40.83138727694389], [14.232870828689073, 40.83140824032261], [14.23287087743775, 40.83140824144017], [14.232870915567, 40.8314082110454], [14.232940584389956, 40.83134677190231], [14.232940618986449, 40.831346738205404], [14.232940614514678, 40.83134669011805], [14.232929012005245, 40.831265672419036], [14.232929003317102, 40.831265627226635], [14.232928957753709, 40.83126562076057], [14.232709651632788, 40.83124510343917], [14.232709523875506, 40.831245099698805], [14.23236432969344, 40.83125709884568], [14.232364279698125, 40.83125710311081], [14.232364230384913, 40.83125711238115], [14.232055943355585, 40.83133130775697], [14.232055870052962, 40.83133132838189], [14.2318585930546, 40.83139503823627], [14.23185839846785, 40.831395090414674], [14.231858199619012, 40.831395122752404], [14.231857998525735, 40.83139513492134], [14.231857797228443, 40.831395126798], [14.231857597769626, 40.83139509846482], [14.231801688950277, 40.83138425951501], [14.231801670699763, 40.83138425615222], [14.231541497333406, 40.831338809231205], [14.231379583877374, 40.83131050711524], [14.231203995358415, 40.831279824941056], [14.230612738284885, 40.83117655075751], [14.230368522416327, 40.831133904597614], [14.229491599033063, 40.83098071225094], [14.229491394142157, 40.83098066524313], [14.229491195317044, 40.83098059698925], [14.229491004754246, 40.830980508243336], [14.229490824559008, 40.8309803999858], [14.229282453913084, 40.830839804303956], [14.229282276534525, 40.83083966966381], [14.229282115223818, 40.83083951613864], [14.229158315811306, 40.83070779889453], [14.229158279417714, 40.830707763943906], [14.229158230567936, 40.83070775130526], [14.228677022247298, 40.83060921678325], [14.228676973185948, 40.83060920928616], [14.228676926593392, 40.83060922638439], [14.22853905489482, 40.83066785111698], [14.22853901346737, 40.83066787113593], [14.228539028031088, 40.83066791478101], [14.228565652527509, 40.8307365266895], [14.228565671627543, 40.83073656965618], [14.22856571673828, 40.83073658292149], [14.229058065367548, 40.830855952919734], [14.229058235663869, 40.830856002295505], [14.229058400917845, 40.83085606656002], [14.229058559830632, 40.83085614520816], [14.22905871115322, 40.83085623762178], [14.229058853696262, 40.830856343074544], [14.229217773578373, 40.830985192354895], [14.229217880718577, 40.83098526812563], [14.229322552002962, 40.83104941641544], [14.229322684772278, 40.831049505267245], [14.229365686926439, 40.83108084018358], [14.229365731880009, 40.8310808693528], [14.229365783791863, 40.83108088265114], [14.230357457191124, 40.831278442880304], [14.2303576451539, 40.8312784898956], [14.230357827685303, 40.83127855487814], [14.23035800307226, 40.83127863721804], [14.230358169668742, 40.831278736142536], [14.230358325911224, 40.83127885072321], [14.230358470333352, 40.8312789798847], [14.23035860157971, 40.831279122414834], [14.230358718418534, 40.83127927697593], [14.23035881975328, 40.83127944211742], [14.23035890463291, 40.83127961628944], [14.23035897226082, 40.831279797857356], [14.230359022002313, 40.83127998511714], [14.23035905339056, 40.831280176311346], [14.23035906613098, 40.831280369645576], [14.230359060104002, 40.83128056330538], [14.230350612911815, 40.83138650130581], [14.230350612557697, 40.83138650568613], [14.230344377682295, 40.83146258825513], [14.230344352606998, 40.83146277989883], [14.230344309150244, 40.831462968227235], [14.230344247717875, 40.83146315148154], [14.230344168883612, 40.831463327950345], [14.230344073383687, 40.83146349598558], [14.230343962109977, 40.83146365401799], [14.230343836101667, 40.831463800571676], [14.230343696535556, 40.83146393427799], [14.230343544715051, 40.83146405388824], [14.230343382058006, 40.831464158285385], [14.23034321008348, 40.83146424649446], [14.230343030397547, 40.831464317691676], [14.230342844678297, 40.83146437121212], [14.23030049398964, 40.83147438742031], [14.230300447406433, 40.831474400872395], [14.230300406702469, 40.83147442721909], [14.230247076931505, 40.83151276987726], [14.230246897782674, 40.83151288473619], [14.230184807443607, 40.831548179544704], [14.230184785897862, 40.831548192150635], [14.230124034446742, 40.83158476189458], [14.230123886397738, 40.83158484271198], [14.230123732065515, 40.83158491076729], [14.230123572547754, 40.831584965576454], [14.230010611709861, 40.83161852391979], [14.230010545053018, 40.83161854247363], [14.22984070400808, 40.831662666697575], [14.229840496302483, 40.831662709052104], [14.22966920913764, 40.83168827051363], [14.229669163400184, 40.831688279558044], [14.229669124197054, 40.83168830479354], [14.229613342128005, 40.831728046561885], [14.2296132134519, 40.83172813096744], [14.229588008662514, 40.831743310384326], [14.22958783734817, 40.83174340251512], [14.229587657894191, 40.83174347756815], [14.229587471998064, 40.83174353483348], [14.229587281418212, 40.831743573769415], [14.22958708795736, 40.83174359400766], [14.22958689344549, 40.83174359535679], [14.229586699722521, 40.83174357780402], [14.229586508620915, 40.8317435415154], [14.229586321948334, 40.83174348683419], [14.229586141470545, 40.831743414277625], [14.229585968894717, 40.831743324532034], [14.229585805853278, 40.83174321844633], [14.229585653888462, 40.831743097023995], [14.229585514437733, 40.83174296141359], [14.229585388820178, 40.83174281289788], [14.229585278224034, 40.83174265288169], [14.22958518369545, 40.831742482878646], [14.229585106128587, 40.831742304496835], [14.229510256147588, 40.83154436399302], [14.229510236497722, 40.831544319015954], [14.229510188968566, 40.83154430676734], [14.228923300407107, 40.831424208929256], [14.228923236100693, 40.83142419466274], [14.22855167168691, 40.831335317960665], [14.228293512186628, 40.8312740068791], [14.228293494319967, 40.831274002808456], [14.228011871753758, 40.831212548249944], [14.228011738389396, 40.831212514301654], [14.227624834461254, 40.83109971928864], [14.227624759335963, 40.831099695773496], [14.22695280996774, 40.83087475501555], [14.226952761362845, 40.83087474149294], [14.226952718498628, 40.830874768100244], [14.22683811424321, 40.83095439150333], [14.226838059469868, 40.830954432404006], [14.22678319212949, 40.83099840351328], [14.226783037676949, 40.83099851562327], [14.226782873241648, 40.83099861250088], [14.226782700320944, 40.830998693263915], [14.226782520489463, 40.83099875717696], [14.22678233538476, 40.830998803658005], [14.226782146692413, 40.8309988322838], [14.22678195613066, 40.83099884279367], [14.226781765434772, 40.83099883509192], [14.226781576341239, 40.83099880924867], [14.226781390571952, 40.83099876549926], [14.226781209818542, 40.83099870424207], [14.226343253140628, 40.830826574608864], [14.226343230740683, 40.83082656564869], [14.226272741539598, 40.830797874983], [14.225845905530914, 40.830624142925345], [14.225845670236199, 40.830624028689144], [14.225781584162295, 40.8305875547378], [14.225781419626434, 40.83058745016055], [14.22578126605424, 40.83058733006047], [14.225781124904971, 40.830587195578744], [14.225780997519845, 40.83058704799325], [14.225780885109288, 40.83058688870635], [14.225780788741439, 40.83058671923161], [14.225780709331996, 40.8305865411794], [14.225780647635515, 40.83058635624159], [14.225780604238247, 40.83058616617548], [14.225780579552554, 40.8305859727871], [14.225780573813003, 40.83058577791404], [14.225780587074132, 40.83058558340802], [14.225780619209932, 40.83058539111725], [14.225780669915046, 40.8305852028689], [14.225780738707668, 40.83058502045173], [14.225780824934121, 40.830584845599084], [14.225833691101531, 40.83048964232777], [14.225833711695305, 40.83048960053761], [14.225833669937492, 40.83048957987852], [14.225393466465857, 40.83029805003197], [14.225393374214272, 40.83029800707041], [14.224937059670289, 40.83007120041033], [14.224937015698933, 40.83007118118954], [14.224936972984182, 40.830071203061415], [14.224877692693566, 40.83010533561392], [14.224877653184857, 40.83010536090891], [14.224877616228273, 40.83010538980502], [14.224825728889336, 40.83015004827189], [14.224825568532989, 40.830150172699184], [14.224825396391246, 40.830150280233035], [14.224825214237006, 40.83015036976594], [14.22482502394629, 40.8301504403758], [14.224824827478917, 40.830150491335395], [14.224824626858322, 40.830150522119894], [14.224824424150707, 40.83015053241224], [14.224766308733313, 40.83015053048161], [14.22476609547846, 40.830150519072575], [14.224765884655886, 40.83015048498972], [14.224765678669378, 40.83015042862167], [14.224765479867584, 40.83015035061113], [14.224704333008154, 40.83012250281319], [14.224704163520874, 40.830122415646045], [14.224704003100252, 40.83012231274186], [14.22470385320307, 40.83012219503509], [14.22470371519055, 40.83012206359464], [14.224703590315979, 40.830121919614115], [14.22470347971335, 40.830121764401014], [14.224703384387043, 40.83012159936482], [14.22470330520272, 40.83012142600424], [14.224703242879453, 40.83012124589355], [14.224703197983201, 40.830121060668354], [14.224703170921668, 40.83012087201067], [14.2247031619406, 40.8301206816337], [14.224703171121554, 40.83012049126627], [14.224703198381157, 40.830120302637106], [14.224703243471863, 40.830120117459145], [14.224703305984207, 40.830119937414], [14.22475387160791, 40.82999401309216], [14.224753887093476, 40.82999396817124], [14.224753843450705, 40.829993949383145], [14.22465707987688, 40.8299578977414], [14.224656863116298, 40.82995780200145], [14.224417623131732, 40.82983470908236], [14.224417601545186, 40.82983469780899], [14.224368698955681, 40.8298087787325], [14.224368679068018, 40.829808768047535], [14.22428920094932, 40.82976548734287], [14.224289175152807, 40.82976547304748], [14.224057913131062, 40.82963507897523], [14.224007915352098, 40.82960685552009], [14.224007900808255, 40.82960684722972], [14.223736246874513, 40.829450487430286], [14.223247290625899, 40.829169700578234], [14.223247122907456, 40.82916959280683], [14.223246966751512, 40.82916946887349], [14.223246823709635, 40.82916933000962], [14.223246695203096, 40.829169177594984], [14.223246582508743, 40.829169013143975], [14.223246486746307, 40.829168838290585], [14.22324640886729, 40.82916865477216], [14.2232463496455, 40.829168464412156], [14.223246309669365, 40.82916826910199], [14.223246289336094, 40.82916807078227], [14.223246288847717, 40.829167871423515], [14.223246308209085, 40.82916767300656], [14.223246347227823, 40.82916747750288], [14.223246405516242, 40.829167286855004], [14.223246482495183, 40.829167102957214], [14.223246577399783, 40.82916692763674], [14.223246689287064, 40.829166762635566], [14.223246817045311, 40.829166609593145], [14.223290156406726, 40.82911966221811], [14.223290186465576, 40.8291196262192], [14.22329014711746, 40.82911960070105], [14.223211058555908, 40.829073728081795], [14.223211017543726, 40.82907370683986], [14.223210981251183, 40.829073735406716], [14.22316125984392, 40.82911686641607], [14.223161105607648, 40.8291169874849], [14.223160940257422, 40.82911709286892], [14.223160765382527, 40.82911718155522], [14.223160582663795, 40.82911725269138], [14.22316039385745, 40.82911730559367], [14.223160200778224, 40.829117339753616], [14.223160005281926, 40.82911735484287], [14.22315980924759, 40.82911735071642], [14.223159614559425, 40.82911732741392], [14.223159423088697, 40.82911728515934], [14.223159236675755, 40.82911722435882], [14.223159057112326, 40.82911714559675], [14.22315888612431, 40.829117049630156], [14.223158725355175, 40.82911693738144], [14.223158576350174, 40.829116809929495], [14.223158440541487, 40.82911666849934], [14.223126880576592, 40.82908039956998], [14.22312685215692, 40.82908036952139], [14.22312681927301, 40.829080344671844], [14.222931693589649, 40.82894514083744], [14.222931632398502, 40.828945101650575], [14.222891796016086, 40.82892158681821], [14.222891705484134, 40.82892153006409], [14.22280141030897, 40.82886150596583], [14.222801249643732, 40.828861387177874], [14.222801101632966, 40.82886125295153], [14.222800967753964, 40.82886110462652], [14.222800849342967, 40.82886094368326], [14.222800747581836, 40.828860771728124], [14.222800663486245, 40.82886059047739], [14.222800597895548, 40.828860401740116], [14.222800551464406, 40.82886020740009], [14.222800524656245, 40.828860009397005], [14.222800517738639, 40.82885980970714], [14.222800530780631, 40.828859610323576], [14.22280056365205, 40.82885941323637], [14.222800616024807, 40.82885922041264], [14.222800687376171, 40.82885903377695], [14.222800776993985, 40.82885885519211], [14.222800883983776, 40.828858686440576], [14.222801007277683, 40.82885852920664], [14.222801145645112, 40.82885838505966], [14.222801297705018, 40.828858255438355], [14.222849436851233, 40.828821207116526], [14.222849440788504, 40.82882120409414], [14.222901644772309, 40.828781233339996], [14.222901804366986, 40.82878112299737], [14.222901973902701, 40.828781028638495], [14.22290215178387, 40.82878095115143], [14.222902336336366, 40.82878089126544], [14.222902525823276, 40.82878084954414], [14.222902718461247, 40.828780826380196], [14.222902912437267, 40.82878082199161], [14.222903105925733, 40.82878083641968], [14.22290329710563, 40.828780869528636], [14.222903484177673, 40.82878092100685], [14.222903665381232, 40.82878099036985], [14.222903839010915, 40.82878107696482], [14.222904003432605, 40.82878117997678], [14.222942301070614, 40.8288078450292], [14.22294234302291, 40.828807871160954], [14.222942384694317, 40.82880784458342], [14.223120353972284, 40.82868109382739], [14.223174266543893, 40.82864188003555], [14.22317430314677, 40.82864185051129], [14.223174269257088, 40.82864181790625], [14.223110063667582, 40.82858593812742], [14.223110025555064, 40.828585908185104], [14.223109983991973, 40.828585933117246], [14.223053394520264, 40.828623870333445], [14.223053284392197, 40.82862393908939], [14.222850058308628, 40.82874182885216], [14.222849992199293, 40.828741870743656], [14.222793585785345, 40.82878078982297], [14.222793524933445, 40.82878083531732], [14.222734677986319, 40.828828421677734], [14.222734523874646, 40.82882853456626], [14.22273435969549, 40.82882863223628], [14.22273418694675, 40.828828713796696], [14.222734007204512, 40.82882877850338], [14.22273382210866, 40.82882882576598], [14.22273363334793, 40.828828855153304], [14.222733442644492, 40.82882886639722], [14.222733251738235, 40.828828859395145], [14.222733062370907, 40.828828834210974], [14.222732876270209, 40.828828791074464], [14.222732695134043, 40.828828730379186], [14.222732520615017, 40.82882865267888], [14.22273235430536, 40.82882855868247], [14.222561075467446, 40.82872064822681], [14.222560898739202, 40.8287205230224], [14.22251759345151, 40.82868617528851], [14.222517448185485, 40.8286860481815], [14.222517315849093, 40.82868590766286], [14.222517197674994, 40.82868575504146], [14.222517094763932, 40.82868559173891], [14.222517008074481, 40.82868541927631], [14.222516938414124, 40.82868523926008], [14.222516886431713, 40.828685053366996], [14.222516852611449, 40.82868486332858], [14.22251683726835, 40.82868467091497], [14.222516840545333, 40.828684477918415], [14.222516862411874, 40.8286842861366], [14.222516902664296, 40.828684097355904], [14.222516960927662, 40.828683913334736], [14.222517036659271, 40.82868373578719], [14.222517129153717, 40.82868356636703], [14.222517237549447, 40.82868340665237], [14.2225173608368, 40.82868325813086], [14.222517497867404, 40.828683122185936], [14.222560125620204, 40.82864473165824], [14.222560153891449, 40.82864470409502], [14.222560179894911, 40.82864467438306], [14.222622765628333, 40.828567179211085], [14.222660717886711, 40.82851945730037], [14.222660733322876, 40.82851943738039], [14.22272634708132, 40.82843252414692], [14.222726473005235, 40.82843237335925], [14.222769587309141, 40.8283856191213], [14.222769717108235, 40.828385490662505], [14.222899178900175, 40.828268570708175], [14.22289919428341, 40.82826855652016], [14.22294634355437, 40.82822414861376], [14.22298807945385, 40.82818434262698], [14.223076711021827, 40.82809905731169], [14.223076727345624, 40.828099041780334], [14.223124250546025, 40.8280543329179], [14.223124265943607, 40.828054318584066], [14.223297034633752, 40.82789517350679], [14.223297164608796, 40.8278950636268], [14.223349809854808, 40.82785426852174], [14.22334994138583, 40.82785417484472], [14.223455666210914, 40.827785135335205], [14.223513067376416, 40.82774715508923], [14.223513085349236, 40.82774714291472], [14.223582939046983, 40.827698710723595], [14.223633378180349, 40.8276636059113], [14.223633412343853, 40.82766357987216], [14.223633438685443, 40.8276635459412], [14.223695737936485, 40.827575707699005], [14.223695769187591, 40.8275756575799], [14.223695794282488, 40.82757560411215], [14.223728840417127, 40.827492738605166], [14.223728855585275, 40.82749269462764], [14.223728840486382, 40.82749265062627], [14.223711323276055, 40.827448523200005], [14.223711303086413, 40.82744847887361], [14.223711261543896, 40.82744845344394], [14.223665677851418, 40.8274235635858], [14.22366563688844, 40.82742354361614], [14.223665591612331, 40.827423548205225], [14.223621750531263, 40.827430030740324], [14.223621704256681, 40.82743003985342], [14.223621664693454, 40.82743006552688], [14.223569233723659, 40.827467755396434], [14.223569195503108, 40.82746778581897], [14.223569160443652, 40.82746781983647], [14.223527579038349, 40.82751232361024], [14.223527545223162, 40.82751236386455], [14.22352751583761, 40.8275124074578], [14.223496982524146, 40.82756330552855], [14.223496961022326, 40.827563345429695], [14.223496967831604, 40.82756339024116], [14.22351330326235, 40.82764528847672], [14.223513332849086, 40.82764548965843], [14.22351334185463, 40.82764569280458], [14.22351333018589, 40.82764589581517], [14.223513297963489, 40.8276460965916], [14.223513245520522, 40.82764629305837], [14.223513173399112, 40.82764648318454], [14.223513082344803, 40.8276466650047], [14.223512973298858, 40.82764683663931], [14.223512847388523, 40.82764699631412], [14.223512705915383, 40.82764714237852], [14.22351255034189, 40.827647273322576], [14.223459695416581, 40.82768735298827], [14.22345969172053, 40.827687355784235], [14.223278400759956, 40.82782416745864], [14.223278379496147, 40.82782418395922], [14.22322581902143, 40.827866115984904], [14.223225796807924, 40.82786613423522], [14.222961007467756, 40.8280901344147], [14.222960980278167, 40.82809015700669], [14.222910198386938, 40.82813159883436], [14.222910169903782, 40.828131621649], [14.22268927906385, 40.828305267982834], [14.222689219274178, 40.82830531890914], [14.22264163043715, 40.828349193208695], [14.22264157178487, 40.82834925197285], [14.222550667589639, 40.8284482302179], [14.222550579309498, 40.82844832044959], [14.222504115682707, 40.82849290529722], [14.22250400448232, 40.828493004319405], [14.222459500600909, 40.82852975738901], [14.22245934331374, 40.82852987479268], [14.222459175276294, 40.828529976214035], [14.22245899810689, 40.828530060676314], [14.222458813511793, 40.82853012736608], [14.22245862326879, 40.82853017564107], [14.222458429210057, 40.82853020503635], [14.22245823320452, 40.828530215268835], [14.222458037139852, 40.828530206239975], [14.222457842904296, 40.82853017803672], [14.222457652368481, 40.828530130930694], [14.222457467367406, 40.82853006537555], [14.22245728968276, 40.82852998200265], [14.222342810412194, 40.82846924202362], [14.222233793132359, 40.828411402201645], [14.22223357643497, 40.82841126891429], [14.221940390122754, 40.82820412944256], [14.221940272898046, 40.82820403996493], [14.221907564663098, 40.828177108666786], [14.221907441525019, 40.82817699843179], [14.221753226442676, 40.82802701309505], [14.221753093591383, 40.82802687065709], [14.22175297522546, 40.828026715971774], [14.221752872467551, 40.828026550506216], [14.221752786292265, 40.82802637582978], [14.22175271751693, 40.82802619359917], [14.221752666793849, 40.82802600554278], [14.221752634604103, 40.828025813444214], [14.221752621252998, 40.828025619125434], [14.221752626867161, 40.82802542442947], [14.221752651393345, 40.82802523120291], [14.221752694598932, 40.8280250412784], [14.221752756074139, 40.828024856457304], [14.2217528352359, 40.828024678492554], [14.221752931333409, 40.828024509072044], [14.221753043455225, 40.82802434980266], [14.22175317053793, 40.82802420219499], [14.221753311376203, 40.82802406764901], [14.221810592458917, 40.827974449236606], [14.22181060877149, 40.82797443479217], [14.221851486932835, 40.82793743572387], [14.221851491157679, 40.827937431910854], [14.221940149901894, 40.8278576441291], [14.221940159897537, 40.82785763519405], [14.22198965649294, 40.82781368803279], [14.221989665295743, 40.82781368026302], [14.22211200710481, 40.8277063328977], [14.222112041190272, 40.827706303660534], [14.222163792699673, 40.827662912173764], [14.222163858785276, 40.8276628591073], [14.222246827716406, 40.82759907921592], [14.222300305976598, 40.82755775319541], [14.22230045190518, 40.8275576504882], [14.222300606407751, 40.82755756119723], [14.222300768254323, 40.82755748603335], [14.222300936156435, 40.82755742559493], [14.222350320685953, 40.82754210071842], [14.222350553024068, 40.82754204360384], [14.222350790519965, 40.82754201464224], [14.222407032569354, 40.82753855155648], [14.222407074095733, 40.82753854724938], [14.222407115116695, 40.827538539485396], [14.22245157214204, 40.8275281813101], [14.222451617118132, 40.82752816851089], [14.222451623337273, 40.82752812216443], [14.222454305635571, 40.82749666086152], [14.222454341562516, 40.8274964175247], [14.222461961824767, 40.827460332302664], [14.222461974595447, 40.8274602581066], [14.222465609200448, 40.827433047020484], [14.222465616882523, 40.82743296192421], [14.222466994305158, 40.82740384868509], [14.222467012880687, 40.8274036554408], [14.222467050104342, 40.827403464907846], [14.2224671056254, 40.82740327888145], [14.222467178920734, 40.82740309911438], [14.222467269299749, 40.827402927300405], [14.222467375910885, 40.82740276505839], [14.22246749774964, 40.82740261391698], [14.222467633668037, 40.82740247530026], [14.222494621621932, 40.827377500578216], [14.222494749051476, 40.82737739218751], [14.222494885093779, 40.82737729482568], [14.222521186069942, 40.82736008834581], [14.222521229146455, 40.82736005674119], [14.222521268590768, 40.82736002070552], [14.222545762418218, 40.827335106063], [14.222545906142063, 40.82733497350245], [14.22254606212287, 40.827334855609145], [14.222546228869893, 40.82733475350982], [14.2225464047895, 40.82733466818024], [14.222581164850777, 40.82731986048332], [14.222581343506999, 40.82731979424198], [14.222581527656123, 40.827319745302624], [14.222581715626724, 40.82731971410944], [14.222581905712689, 40.82731970094558], [14.22265627708738, 40.82731810257419], [14.222656324044998, 40.82731809930983], [14.222656358797648, 40.82731806756202], [14.222704067626367, 40.82727009440993], [14.222704103646771, 40.82727005399213], [14.222704124715403, 40.827270004120464], [14.22272581292659, 40.82720965612174], [14.222725833105018, 40.82720959359035], [14.222741503822705, 40.82715494803438], [14.22274151591616, 40.827154895036], [14.222741510205587, 40.827154840976156], [14.22273142007506, 40.82709238635216], [14.222731409126956, 40.82709233568738], [14.222731374205145, 40.82709229738256], [14.222700930327642, 40.827062245236085], [14.222700892374855, 40.82706221145194], [14.222700842697511, 40.82706220077748], [14.222657433607173, 40.82705519153326], [14.222657318290285, 40.827055179724574], [14.222607681399234, 40.82705299404373], [14.222607633710965, 40.82705299425511], [14.22260759397037, 40.82705302061593], [14.22255261860921, 40.82709345202094], [14.222552583178281, 40.82709347748763], [14.222491904150216, 40.82713609563273], [14.222491901353562, 40.82713609759341], [14.22243642925807, 40.82717491733564], [14.222436419661907, 40.82717492400941], [14.222353096070822, 40.82723251190328], [14.222353057402374, 40.82723254152101], [14.222353021808857, 40.82723257477115], [14.222307331324737, 40.82727964257346], [14.222307302092014, 40.82727967547521], [14.222307275873513, 40.82727971082582], [14.222272656320897, 40.82733096973558], [14.222272628717949, 40.82733101577223], [14.222272606228376, 40.827331064511384], [14.222255352335766, 40.82737446204146], [14.222255269261641, 40.8273746439341], [14.22225516843935, 40.82737481662199], [14.222255050876765, 40.82737497837885], [14.22225491774911, 40.82737512758766], [14.222254770387202, 40.82737526275685], [14.222254610264155, 40.827375382535195], [14.222206407872596, 40.827407812833144], [14.222206404946252, 40.82740781479822], [14.222157569591278, 40.82744054606815], [14.222157531606692, 40.827440572826454], [14.222103051838397, 40.82748087722407], [14.222102987035743, 40.827480929477275], [14.221947454326294, 40.82761741099465], [14.221947427156753, 40.82761743573447], [14.221899889040946, 40.82766234781329], [14.221899861658102, 40.827662374696466], [14.221860324964334, 40.827702708709516], [14.221805991334776, 40.82775808875793], [14.221805905594302, 40.827758171104776], [14.221747980022688, 40.827810584919405], [14.221747851176872, 40.827810692039364], [14.22158288015685, 40.82793654239741], [14.221582720783989, 40.82793665219941], [14.22158255154444, 40.82793674608318], [14.221582374022969, 40.8279368231696], [14.221582189881895, 40.827936882736815], [14.221582000845524, 40.82793692422704], [14.221581808684002, 40.82793694725176], [14.221581615196737, 40.82793695159536], [14.221581422195555, 40.82793693721719], [14.221581231487727, 40.827936904251864], [14.221581044859052, 40.827936853008076], [14.221496521307548, 40.82790918243643], [14.221496376730173, 40.82790912885211], [14.221496236710399, 40.82790906428928], [14.221442113295582, 40.82788153050031], [14.221374507052454, 40.82784717158829], [14.221374456174182, 40.82784714922056], [14.22137440159838, 40.82784713871417], [14.22129963511515, 40.82783704594279], [14.221299587519503, 40.82783704186235], [14.22129954797678, 40.827837068664834], [14.221253947805046, 40.82787132826183], [14.221253788711989, 40.827871436229486], [14.221253619986637, 40.827871528421525], [14.221253443188337, 40.82787160398591], [14.221253259951041, 40.8278716622243], [14.22125307196821, 40.82787170259844], [14.221252880977165, 40.82787172473522], [14.221252688743025, 40.827871728430026], [14.2212524970424, 40.82787171364873], [14.221252307646969, 40.827871680527934], [14.221252122307108, 40.82787162937374], [14.221251942735707, 40.827871560658906], [14.22125177059235, 40.82787147501849], [14.221251607467968, 40.82787137324397], [14.221251454870142, 40.82787125627595], [14.221200410520055, 40.82782808117752], [14.221200316339148, 40.827828010595155], [14.221143445521435, 40.82779040777946], [14.221143288083244, 40.827790292253056], [14.221143142661884, 40.82779016192362], [14.221143010643697, 40.827790018033625], [14.22114289328725, 40.827789861954805], [14.221142791711337, 40.827789695175106], [14.221142706884306, 40.827789519284494], [14.221142639614841, 40.82778933595977], [14.22114259054424, 40.82778914694863], [14.221142560140304, 40.82778895405298], [14.221142548692887, 40.82778875911173], [14.221142556311118, 40.82778856398332], [14.221142582922369, 40.82778837052796], [14.22114262827295, 40.82778818058993], [14.221142691930519, 40.82778799597994], [14.221142773288213, 40.82778781845794], [14.221142871570422, 40.827787649716306], [14.221142985840197, 40.82778749136369], [14.221143115008172, 40.8277873449097], [14.22114325784295, 40.827787211750554], [14.221820358986887, 40.827215139835765], [14.221820392894013, 40.82721510821084], [14.221820358115943, 40.82721507754621], [14.221780130300145, 40.82718297345195], [14.221780091901925, 40.82718294578439], [14.221780054344556, 40.82718297458294], [14.221729758873229, 40.82722562533181], [14.22110289065648, 40.82775799174091], [14.221102729871571, 40.82775811483806], [14.221102557463409, 40.82775822104598], [14.22110237519938, 40.827758309275914], [14.221102184947904, 40.82775837862339], [14.221101988659283, 40.82775842837752], [14.221101788345704, 40.82775845802827], [14.22110158606062, 40.827758467271686], [14.221101383877686, 40.827758456013], [14.221101183869516, 40.827758424367644], [14.22110098808643, 40.82775837266], [14.221100798535435, 40.827758301420154], [14.221100617159648, 40.82775821137838], [14.221100445818387, 40.82775810345772], [14.221100286268099, 40.82775797876449], [14.221057515670923, 40.827720916048946], [14.220940264563387, 40.82761930620863], [14.220940210856503, 40.82761925794132], [14.220812562147614, 40.82750030286422], [14.220812423866496, 40.82750016054491], [14.220812300369186, 40.82750000522308], [14.220812192871406, 40.82749983842775], [14.22081210243138, 40.82749966180086], [14.220812029939404, 40.827499477081155], [14.2208119761091, 40.82749928608703], [14.220811941470382, 40.827499090698666], [14.220811926364235, 40.82749889283947], [14.220811930939366, 40.827498694457205], [14.220811955150737, 40.82749849750476], [14.220811998760007, 40.82749830392096], [14.220812061337885, 40.82749811561147], [14.220812142268343, 40.82749793443002], [14.220812240754697, 40.82749776216019], [14.220812355827432, 40.82749760049783], [14.220812486353761, 40.82749745103434], [14.220812631048766, 40.827497315241075], [14.220901650008434, 40.82742171824779], [14.221788538095453, 40.82666854542605], [14.22178856062816, 40.82666852657368], [14.221839665727671, 40.826626402843715], [14.221839700136234, 40.826626371564416], [14.221839676899073, 40.82662633128561], [14.221823343876085, 40.82660094488662], [14.221823316574142, 40.82660090673575], [14.221823278728847, 40.826600934459776], [14.221771920723068, 40.826642608730275], [14.221771907999308, 40.82664261923016], [14.220881906940415, 40.82738949007033], [14.220794018368013, 40.82746324397266], [14.220793861679077, 40.827463362838216], [14.220793694073027, 40.827463465739406], [14.220793517170636, 40.82746355168117], [14.220793332682568, 40.82746361983244], [14.220793142392845, 40.82746366953419], [14.220792948141586, 40.827463700305785], [14.220792751807224, 40.82746371184968], [14.220792555288336, 40.827463704054225], [14.220792360485277, 40.82746367699482], [14.220792169281818, 40.82746363093312], [14.220791983526917, 40.82746356631455], [14.220791805016843, 40.82746348376398], [14.22079163547781, 40.827463384079685], [14.220791476549277, 40.82746326822562], [14.220791329768103, 40.827463137322106], [14.220791196553675, 40.827462992635], [14.220791078194194, 40.82746283556344], [14.22079097583421, 40.827462667626314], [14.22068507471373, 40.82726798362536], [14.220595493604318, 40.82710329767935], [14.22059540640084, 40.82710311614391], [14.220595337896372, 40.82710292675885], [14.220595288785542, 40.82710273144451], [14.22059525956633, 40.82710253218137], [14.220595250535016, 40.82710233098992], [14.220595261783176, 40.82710212991024], [14.220595293196753, 40.82710193098123], [14.220595344457218, 40.82710173622002], [14.220595415044796, 40.82710154760147], [14.220595504243738, 40.82710136703815], [14.220595611149573, 40.82710119636096], [14.22059573467829, 40.82710103730053], [14.22059587357732, 40.82710089146973], [14.220596026438242, 40.827100760347264], [14.220687862873245, 40.827029687170366], [14.221304647489728, 40.82655234641433], [14.221357660882282, 40.82651090834931], [14.221357695372284, 40.826510878537874], [14.221357654448278, 40.82651085844976], [14.22130865255954, 40.8264897352933], [14.2213086079836, 40.82648971861233], [14.221308569254399, 40.826489746276685], [14.221255531874386, 40.8265316944106], [14.221255520848912, 40.826531703068184], [14.220687600439346, 40.82697444543235], [14.220570443729848, 40.8270657795685], [14.22057028201313, 40.82706589325408], [14.220570109863475, 40.82706599041994], [14.220569928962645, 40.82706607011686], [14.22056974107789, 40.82706613156624], [14.220569548044692, 40.8270661741678], [14.220569351748825, 40.82706619750534], [14.220569154107938, 40.827066201350874], [14.220568957052821, 40.827066185666844], [14.22056876250854, 40.827066150606456], [14.220568572375631, 40.82706609651223], [14.220568388511538, 40.82706602391262], [14.22056821271246, 40.82706593351687], [14.22056804669581, 40.82706582620806], [14.220567892083436, 40.82706570303452], [14.22056775038577, 40.82706556519955], [14.220567622987085, 40.82706541404968], [14.220567511131959, 40.82706525106152], [14.220567415913127, 40.827065077827335], [14.220567338260796, 40.82706489603948], [14.220567278933567, 40.82706470747387], [14.220567238511016, 40.827064513972644], [14.22056721738804, 40.82706431742614], [14.220552932476307, 40.82681667598152], [14.220547547523001, 40.82672334048572], [14.220547541734067, 40.82672327625812], [14.220531089130425, 40.82658925129837], [14.220531074234058, 40.8265890120369], [14.220531088071597, 40.82658877271186], [14.22054444172932, 40.826475863214746], [14.220544477432684, 40.82647565570296], [14.220544534754818, 40.82647545309485], [14.22054461306037, 40.826475257636126], [14.2205447114814, 40.82647507149324], [14.220544828927014, 40.8264748967294], [14.220544964095449, 40.82647473528168], [14.220582036929716, 40.826434916107196], [14.220582054085556, 40.82643489720223], [14.220621337970995, 40.826390481808986], [14.220621369768711, 40.826390441891995], [14.220621387920326, 40.82639039419515], [14.22067091416844, 40.826236911165054], [14.220670928182908, 40.826236857724346], [14.220670930050169, 40.82623680250815], [14.220669861737896, 40.82618794315227], [14.220669867471544, 40.82618774192818], [14.220669893404269, 40.82618754229976], [14.220669939273344, 40.826187346289466], [14.220670004614071, 40.82618715588306], [14.220670088764482, 40.826186973009555], [14.220670190872049, 40.82618679952165], [14.22067030990232, 40.82618663717694], [14.2206704446494, 40.82618648762015], [14.220670593748165, 40.826186352366435], [14.220670755688095, 40.82618623278605], [14.220670928828579, 40.82618613009046], [14.220671111415525, 40.826186045320085], [14.220671301599147, 40.82618597933373], [14.220671497452695, 40.8261859327999], [14.220671696991976, 40.82618590619003], [14.220671898195455, 40.826185899773705], [14.220672099024743, 40.82618591361593], [14.220672297445233, 40.82618594757647], [14.220672491446733, 40.826186001311264], [14.220732166579712, 40.82620581378414], [14.220732188800826, 40.826205820875025], [14.22087308616961, 40.826248978011435], [14.22087318484321, 40.826249002818535], [14.220967222798077, 40.82626761278944], [14.220967265443404, 40.826267619085975], [14.2209672402471, 40.82626758410864], [14.220918815483914, 40.82620684227437], [14.220918781089775, 40.826206803505755], [14.220918731874612, 40.82620678726266], [14.22077725283579, 40.826168217191906], [14.22070635462853, 40.826149571886994], [14.22070616843112, 40.82614951306293], [14.22070598885756, 40.826149436361675], [14.220705817619622, 40.826149342514384], [14.220705656349622, 40.82614923241564], [14.220705506584858, 40.82614910711495], [14.22070536975295, 40.82614896780675], [14.220705247158243, 40.826148815818975], [14.22070513996936, 40.826148652600445], [14.220705049208073, 40.82614847970702], [14.22070497573956, 40.826148298786805], [14.220704920264152, 40.826148111564414], [14.220704883310669, 40.82614791982452], [14.220704865231363, 40.82614772539488], [14.220704866198576, 40.82614753012888], [14.22070488620309, 40.82614733588788], [14.220704925054209, 40.826147144523475], [14.22070498238159, 40.82614695785983], [14.220727044588894, 40.826085914109655], [14.220727062698701, 40.82608585906045], [14.220737682462511, 40.82605011991692], [14.220737745752242, 40.82604993912805], [14.220737826046616, 40.82604976522284], [14.22073792260913, 40.82604959979646], [14.22073803455406, 40.826049444366284], [14.220738160854584, 40.826049300358], [14.220738300352204, 40.82604916909254], [14.220738451767373, 40.82604905177394], [14.220738613711225, 40.82604894947831], [14.220738784698321, 40.82604886314397], [14.220738963160278, 40.82604879356281], [14.220739147460138, 40.82604874137308], [14.220739335907405, 40.82604870705348], [14.220739526773535, 40.826048690918824], [14.220739718307799, 40.826048693117095], [14.220739908753341, 40.82604871362814], [14.22083089628138, 40.82606294861146], [14.220830899485732, 40.82606294911544], [14.220906544342126, 40.82607490946157], [14.220906581012631, 40.82607491560954], [14.220942410125877, 40.82608126547444], [14.220942438810908, 40.82608127077423], [14.221051491384603, 40.826102242670736], [14.221051524186887, 40.82610224841425], [14.221150943993884, 40.82611795475132], [14.22115105359641, 40.82611797521271], [14.22118424840984, 40.82612513516604], [14.221184445778833, 40.826125188425586], [14.221184636680018, 40.82612526155449], [14.221233366259918, 40.82614684529671], [14.22123342291289, 40.82614686834386], [14.221305768145312, 40.826173750708726], [14.221305811191597, 40.82617376559729], [14.221426067660246, 40.82621231552727], [14.221625582214658, 40.826275348178946], [14.22162562112336, 40.82627535960895], [14.221691465929695, 40.826293260318785], [14.22169151394638, 40.82629327084175], [14.221691562291687, 40.82629326194947], [14.221738738002987, 40.82628213619071], [14.221738781086247, 40.82628212374358], [14.22173874610104, 40.8262820956876], [14.221674424657875, 40.82623556386845], [14.221674379164943, 40.82623553459417], [14.221674328418235, 40.826235515849866], [14.221470922786626, 40.826172743184166], [14.221356310261799, 40.82613743678826], [14.22135627580432, 40.82613742583163], [14.221271958932917, 40.82610977346349], [14.221271828973146, 40.82610972580083], [14.221201754156734, 40.82608123765859], [14.221201699776225, 40.82608121912864], [14.221201643623253, 40.82608120698617], [14.221091326091125, 40.826063942734514], [14.221091179209614, 40.8260639140812], [14.220994674118682, 40.826041309967664], [14.220994642572327, 40.82604130230806], [14.220956023183009, 40.82603159276898], [14.220955838720123, 40.82603153681354], [14.220955660500813, 40.82603146335984], [14.220955490180629, 40.82603137309023], [14.220955329341741, 40.82603126684326], [14.220955179478247, 40.82603114560589], [14.220955041982284, 40.82603101050434], [14.220954918131108, 40.82603086279363], [14.220954809075222, 40.8260307038459], [14.220954715827686, 40.826030535137676], [14.220954639254714, 40.82603035823616], [14.220954580067625, 40.82603017478465], [14.220954538816228, 40.826029986487306], [14.220954515883724, 40.8260297950933], [14.220954511483143, 40.82602960238055], [14.220954525655362, 40.826029410139256], [14.220954558268732, 40.82602922015521], [14.220954609020293, 40.82602903419326], [14.220954677438593, 40.82602885398088], [14.22095476288807, 40.82602868119212], [14.22095486457495, 40.8260285174321], [14.220954981554621, 40.82602836422203], [14.220971828142536, 40.82600837583969], [14.220971851062826, 40.82600834912553], [14.221013128313544, 40.82596108747189], [14.221013155441238, 40.82596105704278], [14.221077199945086, 40.825890675749974], [14.221077278004053, 40.825890594672714], [14.221127673013282, 40.82584111611819], [14.221127811400553, 40.82584099232616], [14.221176921528839, 40.82580100593731], [14.221177075795778, 40.82580089217489], [14.22117724024455, 40.825800793702676], [14.22117741336469, 40.82580071142514], [14.22117759356608, 40.825800646098], [14.221177779193564, 40.825800598321294], [14.221177968542142, 40.82580056853385], [14.221178159872641, 40.825800557009266], [14.221178351427682, 40.8258005638534], [14.221178541447824, 40.825800589003386], [14.221247316601541, 40.82581307039259], [14.221247514230049, 40.82581311672768], [14.221247706144005, 40.82581318285634], [14.221333427492658, 40.82584767995227], [14.221333638604372, 40.825847779596735], [14.221517693623113, 40.82594818393923], [14.221517728259608, 40.82594820112756], [14.221517764122867, 40.82594821558269], [14.221956712743568, 40.826105661542584], [14.221956758802564, 40.826105675503236], [14.221956784477287, 40.82610563479521], [14.221972333569589, 40.82607800545859], [14.22197235459554, 40.82607796333426], [14.221972312107038, 40.826077943054436], [14.221345585607882, 40.82581614858103], [14.221311826657107, 40.82580204706077], [14.22131165613732, 40.82580196618239], [14.22131149400025, 40.82580186959108], [14.221311341689658, 40.82580175814696], [14.221311200561805, 40.82580163284237], [14.221311071873378, 40.82580149479311], [14.221289368702006, 40.8257758903981], [14.221289335710168, 40.82577585513864], [14.22128928869219, 40.82577584413903], [14.221225717687373, 40.82576422721077], [14.22122552353289, 40.82576418162287], [14.22122533488395, 40.825764116925136], [14.221225153616398, 40.825764033760876], [14.221224981532673, 40.82576393295705], [14.2212248203439, 40.825763815516005], [14.221224671652873, 40.82576368260552], [14.221224536938104, 40.825763535547196], [14.221224417539139, 40.82576337580332], [14.221224314643226, 40.82576320496231], [14.221224229273519, 40.82576302472293], [14.221224162278896, 40.825762836877416], [14.221224114325521, 40.8257626432936], [14.22122408589022, 40.8257624458964], [14.221224077255743, 40.82576224664865], [14.221224088507945, 40.82576204753158], [14.221224119534941, 40.825761850525126], [14.221224170028213, 40.825761657588224], [14.221224239485675, 40.82576147063935], [14.221224327216676, 40.82576129153745], [14.221224432348858, 40.825761122063426], [14.221224553836834, 40.82576096390246], [14.221224690472578, 40.82576081862723], [14.221351643129516, 40.82563866015849], [14.22135172004338, 40.82563858991352], [14.221401760130565, 40.825595223864546], [14.221401792923563, 40.82559519271697], [14.221401812389638, 40.82559515199616], [14.221424547184196, 40.825541484367186], [14.22142463479933, 40.82554130344288], [14.22142474013384, 40.82554113222765], [14.221424862123584, 40.825540972451186], [14.221460297445251, 40.82549910341019], [14.221460435143479, 40.82549895641088], [14.221460586928854, 40.825498824006964], [14.22146075126191, 40.82549870754133], [14.221460926475913, 40.82549860819521], [14.221461110793776, 40.825498526976226], [14.221461302346071, 40.82549846470812], [14.221461499189997, 40.825498422022456], [14.221461699329089, 40.825498399352156], [14.221461900733452, 40.82549839692716], [14.221462101360363, 40.82549841477205], [14.221462299174986, 40.82549845270585], [14.221462492171003, 40.82549851034382], [14.221462678390974, 40.82549858710136], [14.221462855946179, 40.82549868219998], [14.22196824678592, 40.82580307060282], [14.221968261357489, 40.8258030794639], [14.222203479485959, 40.8259474948866], [14.222203520424973, 40.825947517366586], [14.222203554345143, 40.825947485260826], [14.222241188903174, 40.825908236589406], [14.222241219196677, 40.82590820174004], [14.22224118177983, 40.82590817468169], [14.221508509126688, 40.82543100514054], [14.221508346813527, 40.82543088743707], [14.221508197100839, 40.82543075407374], [14.221508061493223, 40.82543060639083], [14.221507941353522, 40.82543044587255], [14.221507837889131, 40.82543027413208], [14.22150775213986, 40.82543009289542], [14.221507684967483, 40.82542990398396], [14.221507637047074, 40.82542970929625], [14.221507608860229, 40.8254295107889], [14.221507600690224, 40.82542931045688], [14.221507612619169, 40.825429110313515], [14.221507644527176, 40.82542891237022], [14.221507696093573, 40.82542871861632], [14.221507766800125, 40.82542853099902], [14.221507855936233, 40.82542835140386], [14.22150796260609, 40.82542818163576], [14.221528608834978, 40.82539871260762], [14.221528664487913, 40.82539863701173], [14.22156563763568, 40.82535080775108], [14.221565724103453, 40.82535070340171], [14.221594726870066, 40.82531802296244], [14.221594850325944, 40.82531789569289], [14.221641654284404, 40.82527374231637], [14.22164169026613, 40.82527370457731], [14.221641702250402, 40.82527365382991], [14.22165199509286, 40.82521674812532], [14.221652039443047, 40.82521655699929], [14.221652102307118, 40.82521637113856], [14.221652183080069, 40.82521619233187], [14.22165228098454, 40.82521602230007], [14.221652395078294, 40.825215862679535], [14.221652524263291, 40.82521571500646], [14.221693479417254, 40.825173291533474], [14.221693628606662, 40.82517315201352], [14.221693791248766, 40.825173028438265], [14.221693965647072, 40.8251729220967], [14.221694149982461, 40.825172834098055], [14.221694342332167, 40.82517276536023], [14.22169454068982, 40.825172716600214], [14.221694742986388, 40.82517268832662], [14.22169494711175, 40.825172680834356], [14.221695150936712, 40.825172694201584], [14.22169535233521, 40.82517272828886], [14.221695549206492, 40.82517278274064], [14.221695739497028, 40.825172856988935], [14.221787898999926, 40.82521435643466], [14.22193142755737, 40.82527898617258], [14.222855520379264, 40.82569509167857], [14.222855696908587, 40.82569518194517], [14.222855863632931, 40.82569528924687], [14.222856018913788, 40.82569541252914], [14.222856161225106, 40.8256955505804], [14.2228562891683, 40.82569570204393], [14.222856401485984, 40.8256958654312], [14.222856497074341, 40.825696039136496], [14.222856574993957, 40.82569622145269], [14.222856634479065, 40.825696410588044], [14.222856674945067, 40.825696604683806], [14.222856695994276, 40.825696801832464], [14.222856697419825, 40.825697000096504], [14.222856679207709, 40.825697197527454], [14.222856641536906, 40.825697392185035], [14.222856584777633, 40.82569758215621], [14.222856509487704, 40.825697765574006], [14.222812874808918, 40.82579066863975], [14.222759569879416, 40.82590418244227], [14.22275948541127, 40.82590434296663], [14.222610558471901, 40.82615866516984], [14.22261053718487, 40.82615870594458], [14.222610579564636, 40.826158723824086], [14.222676878016848, 40.82618297143695], [14.222676924467413, 40.826182985803804], [14.222676950028529, 40.82618294444331], [14.222920568964707, 40.82574005416483], [14.222920672791453, 40.82573988572092], [14.22292079275482, 40.825739728361036], [14.222920927680567, 40.825739583625456], [14.222921076247994, 40.82573945293092], [14.222921237002875, 40.82573933755669], [14.222921408371688, 40.8257392386321], [14.222921588677014, 40.825739157125454], [14.222921776153967, 40.82573909383457], [14.222921968967459, 40.82573904937895], [14.222922165230164, 40.82573902419376], [14.222922363021, 40.8257390185255], [14.222922560403923, 40.82573903242967], [14.222922755446882, 40.82573906577015], [14.222922946240733, 40.82573911822061], [14.222923130917916, 40.82573918926765], [14.223150659832326, 40.82583991010945], [14.223150673075644, 40.82583991602944], [14.22319597812935, 40.825860365610524], [14.22335371381309, 40.82593088547795], [14.223474189915095, 40.82598474869022], [14.224356736141955, 40.82637930724271], [14.224356902147079, 40.8263793909225], [14.224513043523736, 40.826467427959926], [14.22451308468186, 40.826467448651634], [14.224513120626398, 40.82646741983966], [14.224572058673616, 40.8264153862756], [14.224572221999448, 40.826415256587886], [14.224572397942284, 40.826415144613115], [14.224572584588996, 40.82641505156885], [14.224572779910073, 40.82641497846681], [14.224572981781677, 40.826414926101876], [14.224631356828791, 40.82640299309885], [14.224631537382804, 40.82640296471415], [14.224631719774129, 40.82640295293079], [14.224631902479553, 40.826402957847215], [14.224632083973237, 40.82640297942234], [14.22463226273946, 40.826403017476], [14.224632437285281, 40.82640307169038], [14.224632606153007, 40.82640314161272], [14.224738192838394, 40.826452628311515], [14.22485965073796, 40.82650955457413], [14.224859677489444, 40.82650956663677], [14.22511347921735, 40.826619557295565], [14.225113543807774, 40.82661958266241], [14.225271141508971, 40.82667524442668], [14.225271322254239, 40.82667531837542], [14.225271494925837, 40.82667540959925], [14.22527165787746, 40.82667551722841], [14.225271809555476, 40.82667564023673], [14.22527194851374, 40.82667577745141], [14.225323238747013, 40.82673162687349], [14.225323272654204, 40.82673166039937], [14.225323316678825, 40.826731678716634], [14.225815985071753, 40.82690934164141], [14.225816163394413, 40.82690941586181], [14.22581633372593, 40.82690950693768], [14.22581649447764, 40.826909614019556], [14.225816644150221, 40.82690973610869], [14.225816781347696, 40.82690987206637], [14.225816904790433, 40.826910020624545], [14.225817013327095, 40.82691018039761], [14.225817105945369, 40.826910349895385], [14.225817181781412, 40.826910527536974], [14.22581724012791, 40.826910711665526], [14.225817280440669, 40.8269109005637], [14.225823634799418, 40.82694979368415], [14.22584133942796, 40.82705794435013], [14.225841349332585, 40.82705799064842], [14.22584139116911, 40.82705801281467], [14.226040008419588, 40.82715121147213], [14.2260400544037, 40.827151230269536], [14.226040101535865, 40.82715121457113], [14.22611870357517, 40.82712052873881], [14.226118748972171, 40.82712050833463], [14.226118786270858, 40.8271204753797], [14.226172801386117, 40.82706769321089], [14.226172889272558, 40.827067612317705], [14.226222765460287, 40.82702438361987], [14.226222798658254, 40.827024351962855], [14.226222779685395, 40.82702431019788], [14.22620264513595, 40.82698505506543], [14.226138138329897, 40.82685928325857], [14.226138115357136, 40.826859243205895], [14.226138074570347, 40.826859221563424], [14.225920566649506, 40.82675655824098], [14.225330850419, 40.826478206077], [14.22526818894096, 40.826448628752516], [14.225268183952602, 40.8264486263895], [14.22490239350167, 40.82627473076177], [14.224735165617762, 40.82619635078042], [14.224189685597969, 40.82594115010843], [14.224189669679928, 40.82594114283036], [14.224155769111778, 40.8259260000765], [14.224155735262903, 40.825925984577346], [14.223616749560176, 40.82567309254291], [14.22356717993182, 40.82564988855291], [14.223186126429997, 40.82547128788793], [14.222983538597962, 40.82537629865174], [14.221544890735116, 40.82470181282435], [14.22154484830502, 40.82470179528692], [14.221544802514632, 40.824701798621795], [14.221465254419055, 40.8247113230924], [14.221327303814887, 40.82472783969698], [14.221327116225439, 40.82472785325023], [14.221326928192324, 40.824727849122304], [14.221326741378391, 40.8247278273497], [14.221326557435704, 40.82472778812496], [14.22132637799094, 40.82472773179497], [14.221201185522709, 40.82468186147401], [14.221135052813505, 40.82465763018315], [14.221134891145919, 40.82465756277891], [14.221134735995799, 40.8246574814882], [14.221134588553134, 40.82465738693451], [14.221134449948806, 40.82465727984306], [14.221028578892286, 40.82456780903167], [14.22082131744412, 40.82439265130585], [14.22082129531787, 40.82439263232872], [14.220500980205445, 40.82411382908848], [14.220450405789611, 40.824069809374684], [14.22033470209473, 40.82396909761971], [14.22033465575656, 40.82396905966448], [14.220003535815971, 40.82371402583105], [14.220003508532196, 40.8237140055462], [14.219927583835977, 40.823659536812], [14.219673078722503, 40.82347695415419], [14.219673004435165, 40.823476905703124], [14.2196104577117, 40.82343995992151], [14.219610298234318, 40.82343985514759], [14.219610149467641, 40.823439735652464], [14.21961001276584, 40.82343960252385], [14.219609889373261, 40.82343945697358], [14.21960978041311, 40.82343930032654], [14.219609686877208, 40.82343913400864], [14.219609609616983, 40.8234389595338], [14.219609549335706, 40.82343877849022], [14.219609506582099, 40.823438592525875], [14.21960948174533, 40.823438403333526], [14.219609475051481, 40.82343821263533], [14.219609486561485, 40.823438022167146], [14.219616214880558, 40.823376010854524], [14.219616217549127, 40.82337597260656], [14.219616217273641, 40.82337593426663], [14.219614171718957, 40.82333111315155], [14.219614169938549, 40.8233309873773], [14.219615103217459, 40.82327703743304], [14.219615101885738, 40.82327699138357], [14.219615092137458, 40.8232769465592], [14.219605651786287, 40.82324145283495], [14.219605624667363, 40.82324136673332], [14.219593015917884, 40.823206857298175], [14.21958300628286, 40.823179463005474], [14.219582986969806, 40.82317941735032], [14.219582958992378, 40.823179376427966], [14.219546667029984, 40.82313159257991], [14.219546632126722, 40.823131551452924], [14.21954659298132, 40.82313151434079], [14.219516584975384, 40.823106003360586], [14.219516376800573, 40.82310579837499], [14.219493716095364, 40.823079962147965], [14.219493690143887, 40.82307993472548], [14.219493662193901, 40.82307990934331], [14.219468348762142, 40.823058611680096], [14.219468307685865, 40.82305858059932], [14.219468263620845, 40.8230585539249], [14.219422100296056, 40.823033774622324], [14.219421913382444, 40.82303366069623], [14.219421740038701, 40.82303352702574], [14.219377912808422, 40.822995731184434], [14.219377770206647, 40.8229955954081], [14.219377641647089, 40.8229954462675], [14.219377528375826, 40.822995285208194], [14.219377431490758, 40.822995113791265], [14.219377351930948, 40.8229949336782], [14.219377290467543, 40.82299474661477], [14.219377247696285, 40.822994554414095], [14.219377224031737, 40.82299435893911], [14.219377219703272, 40.822994162084484], [14.219377234752844, 40.82299396575825], [14.219377269034585, 40.822993771863324], [14.21937732221621, 40.82299358227906], [14.219377393782256, 40.822993398843025], [14.219377483039057, 40.822993223333185], [14.219377589121482, 40.8229930574507], [14.219417693538043, 40.822936668028426], [14.219417831198506, 40.822936495484974], [14.219417987034314, 40.822936339162084], [14.219418159147322, 40.82293620096383], [14.219451350719176, 40.82291243864283], [14.219451389822693, 40.82291240756185], [14.219451421932357, 40.822912369298464], [14.21946995455591, 40.822887885128054], [14.219470089519401, 40.82288772499041], [14.219470240488455, 40.82288757984375], [14.219470405807726, 40.82288745127958], [14.21947058366452, 40.82288734070757], [14.219470772108673, 40.82288724934012], [14.219505669580442, 40.82287253295453], [14.219505860237543, 40.822872463716955], [14.219506056927127, 40.82287241414701], [14.219506257626046, 40.82287238475457], [14.219506460269914, 40.822872375841975], [14.219506662774338, 40.82287238750089], [14.219506863056356, 40.82287241961139], [14.219628247681857, 40.82289825442554], [14.2196283217026, 40.82289827165603], [14.219842802567335, 40.82295251413938], [14.219842985882018, 40.82295256996924], [14.219843163012118, 40.822952643086765], [14.219843332331532, 40.82295273282072], [14.21984349228585, 40.82295283834731], [14.219843641406642, 40.822952958697776], [14.220012285618337, 40.823102960756316], [14.22001232124073, 40.82310298949856], [14.220012351147984, 40.82310295484853], [14.220029170244917, 40.8230814622828], [14.220029289364964, 40.82308132361921], [14.22002942064829, 40.823081196411266], [14.220029562998116, 40.823081081721675], [14.220029715225213, 40.8230809805086], [14.220029876057827, 40.82308089361761], [14.22006708905561, 40.823062935328956], [14.220067134268128, 40.82306291050251], [14.220067156151895, 40.823062863794576], [14.220078288139847, 40.82303544055406], [14.22007830336042, 40.823035397260135], [14.220078267467997, 40.8230353686635], [14.219867108105857, 40.82288295559706], [14.219867068327673, 40.8228829296797], [14.21986702435342, 40.8228829117834], [14.219629417462805, 40.82279919217844], [14.219629350143599, 40.822799171097735], [14.219382197386768, 40.82273125273606], [14.219334198231108, 40.82271806273256], [14.219334065386843, 40.82271802120484], [14.219220674026573, 40.82267819311462], [14.219220632179574, 40.82267818045492], [14.219220588478766, 40.82267817915692], [14.219076795663453, 40.82268023834608], [14.2190766023721, 40.82268023176193], [14.219076410620456, 40.82268020653882], [14.219076222201634, 40.82268016291262], [14.21907603887758, 40.822680101291276], [14.219075862362601, 40.82268002225103], [14.219075694307325, 40.82267992653101], [14.219075536283276, 40.822679815026305], [14.219075389768172, 40.82267968877963], [14.21907525613211, 40.82267954897154], [14.219075136624749, 40.82267939690942], [14.21907503236363, 40.82267923401523], [14.219052657612046, 40.822640244538285], [14.219039194281148, 40.82261678023757], [14.219039105158336, 40.822616605601546], [14.219039033563002, 40.82261642307833], [14.219038980183187, 40.822616234422], [14.21903894553188, 40.82261604144556], [14.219038929942085, 40.82261584600357], [14.21903893356362, 40.82261564997423], [14.219038956361684, 40.82261545524143], [14.219038998117185, 40.822615263676575], [14.219039058428844, 40.82261507712063], [14.219039136717056, 40.822614897366435], [14.219039232229463, 40.822614726141445], [14.219039344048172, 40.822614565091165], [14.219039471098588, 40.82261441576332], [14.219039612159742, 40.822614279592955], [14.219039765876008, 40.8226141578887], [14.219039930770155, 40.82261405182015], [14.21904010525752, 40.82261396240665], [14.219040287661254, 40.822613890507455], [14.219040476228432, 40.82261383681355], [14.219166662082815, 40.82258450815503], [14.21923051757078, 40.82256966699542], [14.219230561991205, 40.82256965435644], [14.219230545418858, 40.822569611248724], [14.219165477785097, 40.82242227259859], [14.219165457249753, 40.82242223149192], [14.219165411321196, 40.82242223291288], [14.219056278604695, 40.82243080243108], [14.219056144116113, 40.822430822271244], [14.218942664419778, 40.82245555233405], [14.218942608332467, 40.82245556371881], [14.218866861042702, 40.82246981383895], [14.21886675064344, 40.82246984119503], [14.21874940575837, 40.82250612037794], [14.21874936652999, 40.82250613206762], [14.218602422293552, 40.82254828770203], [14.21860222916144, 40.822548332876224], [14.218602032504547, 40.82254835869844], [14.218500408127696, 40.822556603458416], [14.21850029718692, 40.82255661875549], [14.218447097050005, 40.822567020746675], [14.21844705088667, 40.82256703219145], [14.218447058938501, 40.822567079065735], [14.218453393600633, 40.82259540101498], [14.218453404986317, 40.822595443140514], [14.218453426953726, 40.82259548084508], [14.21849305811372, 40.82265711139543], [14.218493128159421, 40.82265720727778], [14.21861742782577, 40.82280769333436], [14.218617545149158, 40.82280785047126], [14.218617646519505, 40.822808018342734], [14.218617730962212, 40.82280819533485], [14.218617797665432, 40.82280837974597], [14.218617845987868, 40.82280856980313], [14.218617875464938, 40.82280876367908], [14.218617885813241, 40.82280895950985], [14.218617876933292, 40.822809155412706], [14.218617848910458, 40.822809349504176], [14.218617802014162, 40.82280953991825], [14.21861773669527, 40.82280972482423], [14.218617653581774, 40.82280990244441], [14.218617553472738, 40.8228100710711], [14.218600038433749, 40.822836526837094], [14.218599913801711, 40.82283669521487], [14.218599772241186, 40.82283684963261], [14.218599615305244, 40.82283698839619], [14.218599444715641, 40.822837109983226], [14.218572587086612, 40.82285420514591], [14.218572544307655, 40.82285423566973], [14.218572508895328, 40.822854274499], [14.218551149756069, 40.82288033939406], [14.218551021590068, 40.82288048136769], [14.218516805359368, 40.822914919595924], [14.218516584995035, 40.82291511115038], [14.21847033478632, 40.822949727286385], [14.218470173574332, 40.82294983613096], [14.218470002551328, 40.82294992880015], [14.218469823335033, 40.822950004417386], [14.218469637620673, 40.822950062267395], [14.218469447164942, 40.82295010180297], [14.218401083191717, 40.82296085597761], [14.218400894654193, 40.822960876533195], [14.218400705017318, 40.82296087913794], [14.218400515986348, 40.82296086376843], [14.218400329261094, 40.82296083056287], [14.218400146520633, 40.82296077981986], [14.21839996940821, 40.82296071199568], [14.218399799516462, 40.822960627700226], [14.218399638373093, 40.82296052769151], [14.218399487427142, 40.82296041286882], [14.218399348035954, 40.822960284264674], [14.218320838863914, 40.8228806359736], [14.218320813909953, 40.82288061152684], [14.218285453000401, 40.82284715967595], [14.21828536994857, 40.82284708927301], [14.218201079824357, 40.822783190825454], [14.218200932391076, 40.822783067466546], [14.218200797482025, 40.82278293052298], [14.218200676343564, 40.82278278125991], [14.218200570094828, 40.82278262105629], [14.218173309572043, 40.82273688773873], [14.218173281839821, 40.82273684616063], [14.21817323740812, 40.822736823277644], [14.218089067585261, 40.82269874067227], [14.218089022197562, 40.82269872277034], [14.218088973564875, 40.8226987188475], [14.217979677013728, 40.82269529803167], [14.217979620442655, 40.82269529786233], [14.21791256172089, 40.82269699493393], [14.217912530696987, 40.82269699547828], [14.217860270306302, 40.82269750698537], [14.217789450750345, 40.82269820052872], [14.217789251435592, 40.82269819253258], [14.21778905390871, 40.82269816472178], [14.217788860134617, 40.822698117372965], [14.217788672040893, 40.82269805095715], [14.217788491498615, 40.82269796613501], [14.217788320303743, 40.82269786375032], [14.217788160159248, 40.82269774482156], [14.217788012658184, 40.822697610531776], [14.217787879267826, 40.82269746221684], [14.217787761315085, 40.822697301352115], [14.217787659973308, 40.822697129537815], [14.217787576250595, 40.82269694848308], [14.21778751097979, 40.822696759988965], [14.217787464810176, 40.82269656593053], [14.217787438201029, 40.822696368238184], [14.217787431417046, 40.822696168878494], [14.21778744452571, 40.8226959698346], [14.217787477396625, 40.82269577308651], [14.2177875297028, 40.82269558059138], [14.21778760092392, 40.82269539426408], [14.217787690351505, 40.82269521595812], [14.217877687110493, 40.82253610870753], [14.217877712803457, 40.82253605634456], [14.217877732195939, 40.82253600133597], [14.217892713627528, 40.82248396448424], [14.217892774377848, 40.822483785693166], [14.217892851719157, 40.82248361342833], [14.217892944962017, 40.822483449225345], [14.217893053275244, 40.82248329454795], [14.217893175693305, 40.82248315077497], [14.217929230681477, 40.82244464734305], [14.217929369029537, 40.82244451318371], [14.217929519647553, 40.82244439296256], [14.217929681137079, 40.822444287795804], [14.217929851998726, 40.8224441986599], [14.217930030646093, 40.82244412638244], [14.217930215420486, 40.82244407163451], [14.217930404606326, 40.822444034924416], [14.217963003833248, 40.822439325777985], [14.217963024184973, 40.82243932294471], [14.21802621318062, 40.82243085672458], [14.218026430945894, 40.822430839583326], [14.218026649281686, 40.82243084629301], [14.218148484643393, 40.822441271279885], [14.218148544663427, 40.822441274601836], [14.218285410138044, 40.82244472757773], [14.2182854546939, 40.82244472671025], [14.218285498207754, 40.82244471795346], [14.218336410890998, 40.82243210105934], [14.218336582222797, 40.82243206646965], [14.218336755920355, 40.822432046971166], [14.218336930657008, 40.82243204271282], [14.218337105098165, 40.82243205372713], [14.21838874108975, 40.82243758783689], [14.218388787584221, 40.82243759052491], [14.21838879037528, 40.82243754403655], [14.218389400804414, 40.82238178757514], [14.218389409284745, 40.82238162419527], [14.218389431089976, 40.82238146205512], [14.218389466074209, 40.8223813022396], [14.218399907106338, 40.82234147945873], [14.218399916547925, 40.8223414346681], [14.218399870789149, 40.822341433447754], [14.218263935505925, 40.822344424600644], [14.218027528081798, 40.822349672357156], [14.21802740139057, 40.82234967115542], [14.217925356129701, 40.82234546811122], [14.217925165299745, 40.82234545106689], [14.217924976976265, 40.82234541584122], [14.217924792887436, 40.82234536275747], [14.217924614722577, 40.82234529230277], [14.217924444116646, 40.82234520512366], [14.217924282635229, 40.82234510202015], [14.217924131760185, 40.822344983938386], [14.217923992876043, 40.822344851961965], [14.21792386725729, 40.82234470730198], [14.21792375605669, 40.82234455128594], [14.217923660294685, 40.822344385345524], [14.217923580850055, 40.822344211003525], [14.217923518451832, 40.82234402985982], [14.21792347367262, 40.82234384357669], [14.217923446923347, 40.8223436538636], [14.217923438449478, 40.82234346246147], [14.217923530394952, 40.82231842320041], [14.217923528315293, 40.82231837641008], [14.217923488747632, 40.822318351349104], [14.217874365412102, 40.822290452612535], [14.217813696956418, 40.8222559955992], [14.217813529688003, 40.82225588930564], [14.217813373760743, 40.822255766979296], [14.217813230705723, 40.82225562982134], [14.217784243961363, 40.82222494037787], [14.217784208395459, 40.82222490628638], [14.217784164384714, 40.82222488414558], [14.217654099600765, 40.82216735865948], [14.217654064853036, 40.822167342893124], [14.217619019451226, 40.822151036570695], [14.217618980069862, 40.82215102025562], [14.217618939439255, 40.822151007362095], [14.217565589137253, 40.82213655503], [14.217565522697528, 40.822136539445005], [14.217529271972012, 40.82212933174416], [14.217529084035402, 40.82212928481257], [14.217528901520454, 40.822129219920065], [14.217528726139287, 40.82212913767537], [14.217528559537094, 40.82212903885001], [14.217528403276717, 40.82212892437102], [14.217528258823986, 40.82212879531231], [14.217490166732683, 40.82209129119388], [14.21749003811703, 40.822091151958496], [14.217489923260072, 40.8220910011727], [14.21748982319347, 40.82209084019087], [14.217489738816033, 40.82209067045895], [14.217489670885648, 40.82209049350149], [14.217489620012476, 40.82209031090796], [14.217489586653466, 40.82209012431843], [14.21748957110825, 40.82208993540887], [14.217489573516458, 40.822089745876085], [14.217489593856461, 40.82208955742247], [14.217489631945561, 40.822089371740766], [14.217511530137003, 40.822003514494426], [14.217511542469994, 40.82200346843936], [14.217536325221532, 40.821915149120166], [14.21753638837605, 40.82191496062313], [14.217536469931607, 40.821914779326924], [14.217536569082444, 40.821914607022734], [14.21753668484896, 40.8219144454129], [14.217536816087392, 40.82191429609412], [14.217536961501118, 40.82191416054165], [14.21753711965346, 40.82191404009473], [14.217677338470283, 40.82181787290916], [14.217677367055382, 40.82181785255788], [14.21773078318543, 40.82177839230348], [14.217730943577266, 40.821778285367046], [14.217731113519248, 40.82177819436888], [14.217731291432573, 40.82177812015439], [14.217731475664387, 40.821778063413035], [14.217731664503132, 40.821778024671964], [14.217731856194453, 40.82177800429109], [14.21773204895749, 40.82177800245975], [14.21773224100143, 40.82177801919496], [14.218225734209794, 40.82184511614637], [14.218351775612852, 40.82186225254052], [14.21835199157529, 40.821862294105536], [14.218352201668333, 40.82186235913121], [14.218352403351568, 40.821862446831254], [14.21850407626577, 40.82193857503961], [14.218574147690859, 40.8219737456548], [14.218574185726505, 40.82197376279419], [14.218574225060985, 40.82197377669581], [14.218627836515587, 40.821990237185695], [14.218627973822635, 40.82199028486857], [14.218690625163886, 40.822014627410326], [14.218690665995648, 40.822014643794255], [14.218737636576, 40.822034093456054], [14.218737688047113, 40.822034111535935], [14.218737741186777, 40.82203412387877], [14.219225204349625, 40.822119526318694], [14.219225249899571, 40.82211953211704], [14.219225287203122, 40.82211950534251], [14.219274311091743, 40.822080717000645], [14.219274477276334, 40.82208059877325], [14.219274654637344, 40.82208049808507], [14.219274841330439, 40.82208041598315], [14.219275035414242, 40.82208035332125], [14.219275234870523, 40.82208031075097], [14.219275437625182, 40.822080288714986], [14.219275641569826, 40.82208028744245], [14.219275844583679, 40.822080306946596], [14.219276044555654, 40.822080347024595], [14.219346963254953, 40.82209836543341], [14.219347158822329, 40.822098425930974], [14.21934734718112, 40.82209850610279], [14.21934752635796, 40.82209860510892], [14.219347694475678, 40.82209872191211], [14.219347849772964, 40.82209885528867], [14.219347990622824, 40.82209900384126], [14.219348115549627, 40.82209916601354], [14.219348223244559, 40.82209934010649], [14.219348312579339, 40.822099524296206], [14.219348382618039, 40.82209971665299], [14.219362016594387, 40.822144107809855], [14.219362032743895, 40.8221441523979], [14.219362079538364, 40.82214414470499], [14.219422723688687, 40.82213106353132], [14.2194227679647, 40.822131051726345], [14.219422757546809, 40.82213100710367], [14.219399055716735, 40.82204778948609], [14.219399039695672, 40.822047742478716], [14.219398992621366, 40.822047726655676], [14.218751796807641, 40.82186633548074], [14.218751706142623, 40.821866307735746], [14.218395225144686, 40.821747907226865], [14.218395050466423, 40.82174783998065], [14.218394882839648, 40.821747756699125], [14.218394723732544, 40.82174765811171], [14.218351933645547, 40.8217182870754], [14.218351894038216, 40.821718262546774], [14.218351848187321, 40.82171825429488], [14.217767412674238, 40.82164124418989], [14.217767359510074, 40.8216412400629], [14.217767306209357, 40.82164124164168], [14.217648898492088, 40.821651110365586], [14.217648869533432, 40.82165111320398], [14.217582123773001, 40.82165863725249], [14.217582074705263, 40.821658645299195], [14.21758203270648, 40.821658671916666], [14.217526139200428, 40.82169816872448], [14.217526067798259, 40.821698216908985], [14.217471572552304, 40.82173330816818], [14.217471528657212, 40.821733338113056], [14.217416195163468, 40.82177328140276], [14.217416151786674, 40.82177331455324], [14.217368428836352, 40.82181189528226], [14.217368389969247, 40.82181193026271], [14.217368368917926, 40.82181197812835], [14.217299075429187, 40.82199530188397], [14.217299072871127, 40.82199530861495], [14.2172762262152, 40.822055100245386], [14.21727621406714, 40.82205513605019], [14.217276204664365, 40.82205517267196], [14.2172607378274, 40.8221265340777], [14.217260685695098, 40.82212672732454], [14.217260614508408, 40.822126914392896], [14.217260524980299, 40.8221270934092], [14.217260418007445, 40.822127262580494], [14.217260294661234, 40.82212742021244], [14.217260156177046, 40.822127564726266], [14.217260003941872, 40.8221276946746], [14.217259839480427, 40.82212780875594], [14.217259664439881, 40.822127905827685], [14.217259480573357, 40.82212798491763], [14.217259289722376, 40.82212804523364], [14.217259093798411, 40.82212808617161], [14.217214915115324, 40.8221350311057], [14.217160554647544, 40.82214357767968], [14.217099775513947, 40.82215313233815], [14.217099579681202, 40.822153153307], [14.21709938273558, 40.822153154912726], [14.217099186586967, 40.82215313713976], [14.216954222523992, 40.82213276457061], [14.216954180852525, 40.822132760488614], [14.216954139232955, 40.822132763429956], [14.216889290462875, 40.822140072332644], [14.216889098870526, 40.82214008465322], [14.216888906979587, 40.822140078546504], [14.216888716558305, 40.82214005406877], [14.216888529361382, 40.82214001144557], [14.216888347113816, 40.82213995106967], [14.216888171494986, 40.82213987349744], [14.216888004123199, 40.82213977944368], [14.216887846540759, 40.82213966977509], [14.216887700199768, 40.82213954550225], [14.216887566448735, 40.82213940777032], [14.216887446520158, 40.82213925784847], [14.21688734151916, 40.82213909711822], [14.216887252413311, 40.82213892706066], [14.21688718002371, 40.82213874924286], [14.216887125017415, 40.822138565303376], [14.2168870879013, 40.8221383769372], [14.216879457519626, 40.822086677951226], [14.21687944847202, 40.82208663207127], [14.216879404029315, 40.82208661752191], [14.216781617744626, 40.82205974290846], [14.216781431967593, 40.82205968193938], [14.216781253031739, 40.82205960312126], [14.216781082647257, 40.82205950720743], [14.216780922442613, 40.82205939511458], [14.216780773948976, 40.82205926791406], [14.216780638585583, 40.82205912682158], [14.21675093714657, 40.82202497246223], [14.216750905403135, 40.82202493921038], [14.216750863757326, 40.82202491974338], [14.216682065946888, 40.82199657197109], [14.21668195888657, 40.82199653480831], [14.216638378614931, 40.82198412724334], [14.216638189787487, 40.82198406314694], [14.216638008281382, 40.821983980565555], [14.216637835900974, 40.821983880320126], [14.216637674359905, 40.82198376340719], [14.216637525264062, 40.82198363098899], [14.21663739009561, 40.82198348438189], [14.216637270198262, 40.82198332504333], [14.216637166763928, 40.82198315455729], [14.216637080820847, 40.82198297461858], [14.216637013223385, 40.821982787015976], [14.216636964643532, 40.82198259361446], [14.21663693556422, 40.821982396336615], [14.216636926274527, 40.82198219714361], [14.216636936866804, 40.82198199801562], [14.216636967235754, 40.82198180093219], [14.216637017079474, 40.821981607852535], [14.21663708590247, 40.82198142069606], [14.216637173020567, 40.82198124132329], [14.216637277567722, 40.82198107151739], [14.216637398504627, 40.8219809129664], [14.216637534629045, 40.82198076724649], [14.216725106232355, 40.82189592701386], [14.216725295240973, 40.82189576542433], [14.216783401504655, 40.82185203643025], [14.216783566553183, 40.8218519246524], [14.216783741908825, 40.821851829859455], [14.21678392582963, 40.82185175299307], [14.216784116488562, 40.82185169481682], [14.216784311991645, 40.821851655908624], [14.21678451039679, 40.82185163665498], [14.216784709733073, 40.82185163724716], [14.21678490802032, 40.821851657679275], [14.216855501280866, 40.821862509960425], [14.216855685454195, 40.82186254720375], [14.216932973774549, 40.821881995969946], [14.216933022674175, 40.82188200569708], [14.216933072531459, 40.821882005482834], [14.216973513023786, 40.82187980088133], [14.216973562573154, 40.82187979562718], [14.216973588355929, 40.821879752989204], [14.216988400686063, 40.821852160942925], [14.216988422584475, 40.82185211449306], [14.216988418438172, 40.82185206330768], [14.21698484108819, 40.82182531783657], [14.216984832595466, 40.821825271624824], [14.216984785951457, 40.82182526596947], [14.216908210269933, 40.82181975284297], [14.216908006024848, 40.821819727521465], [14.216846909952801, 40.82180893644926], [14.216786480418953, 40.82179826306497], [14.216786426441251, 40.821798256562765], [14.216786373264958, 40.82179826788299], [14.216746584941383, 40.82180905244678], [14.216746539339388, 40.821809067224834], [14.216746509457518, 40.82180910470823], [14.216727438690159, 40.8218355744699], [14.216727322716508, 40.82183572055894], [14.216727193637357, 40.82183585520835], [14.21672705257543, 40.82183597724698], [14.216726900757685, 40.82183608561332], [14.216726739504622, 40.821836179364816], [14.21669427918656, 40.82185307763319], [14.216694242519758, 40.82185309874399], [14.216694210069747, 40.82185312565593], [14.21659890225406, 40.821939191162976], [14.216598748791919, 40.82193931651731], [14.216598583678598, 40.82193942607063], [14.216598408534866, 40.82193951874755], [14.216598225079947, 40.82193959363834], [14.216598035114652, 40.82193965000788], [14.216597840503693, 40.82193968730282], [14.21659764315739, 40.82193970515709], [14.21659744501291, 40.82193970339542], [14.216597248015258, 40.82193968203511], [14.216597054098177, 40.82193964128583], [14.216596865165176, 40.821939581547575], [14.216596683070835, 40.821939503406746], [14.216596509602608, 40.82193940763038], [14.216596346463275, 40.82193929515862], [14.216538538292342, 40.82189506117649], [14.216538435576668, 40.82189499222488], [14.216490799024344, 40.82186712986782], [14.216431390905218, 40.821832381837794], [14.216431350363935, 40.821832360626914], [14.216431313971801, 40.821832388359674], [14.216380033776531, 40.821875439921506], [14.216380000844422, 40.821875468822675], [14.216330403077537, 40.82192095761914], [14.21633026970308, 40.82192106965197], [14.216267979027062, 40.82196892578384], [14.216267813509495, 40.821969040183376], [14.216267637335227, 40.82196913737362], [14.216267452287283, 40.82196921637094], [14.216267260238507, 40.82196927637581], [14.216267063132587, 40.82196931678094], [14.216266862964401, 40.821969337177386], [14.216266661759818, 40.821969337358716], [14.216266461555193, 40.82196931732311], [14.216266264376763, 40.82196927727334], [14.216266072220138, 40.82196921761473], [14.216265887030104, 40.82196913895109], [14.21612425959413, 40.82190037534738], [14.216124117658886, 40.82190029922533], [14.216123982308993, 40.821900211929346], [14.216034320153268, 40.821837130262146], [14.216034179924678, 40.82183702201184], [14.216034049825046, 40.82183690177761], [14.216033930875072, 40.82183677050274], [14.216033824007988, 40.821836629217174], [14.216033730062223, 40.821836479029365], [14.216017925599091, 40.82180853171928], [14.216017839844177, 40.82180836165367], [14.216017770655368, 40.82180818420193], [14.216017718660138, 40.821808000973355], [14.216017684330039, 40.82180781362966], [14.216017667976407, 40.82180762386989], [14.216017669747556, 40.82180743341496], [14.216017689627426, 40.82180724399214], [14.216017727435721, 40.821807057319305], [14.21601778282956, 40.82180687508941], [14.216017855306571, 40.821806698955086], [14.216017944209455, 40.82180653051373], [14.216018048731948, 40.82180637129293], [14.216018167926132, 40.821806222736676], [14.21603679718862, 40.8217851447332], [14.216036824390608, 40.821785114578226], [14.21609527632604, 40.82172162533009], [14.216143318763477, 40.82166944028673], [14.216143435513825, 40.821669323532056], [14.216190684874102, 40.82162582173027], [14.2161907171983, 40.82162578886944], [14.216190676036, 40.82162576812459], [14.216033456216154, 40.821556062780196], [14.21603341324833, 40.82155604612744], [14.21603338023623, 40.8215560782796], [14.215990491533706, 40.82160202272449], [14.215990449628503, 40.82160207058096], [14.215928823873298, 40.8216771384728], [14.215899706693495, 40.82171255332195], [14.215874719681382, 40.82174297601768], [14.215874590263775, 40.821743118945086], [14.215874447684419, 40.82174324874604], [14.21587429326849, 40.821743364214136], [14.215874128451173, 40.82174346427618], [14.215873954764328, 40.82174354800216], [14.215873773822253, 40.821743614613915], [14.215873587306675, 40.82174366349233], [14.215873396951123, 40.82174369418311], [14.215873204524817, 40.82174370640101], [14.215873011816223, 40.82174370003248], [14.21587282061643, 40.821743675136695], [14.215872632702506, 40.821743631945054], [14.215872449820978, 40.821743570859], [14.215738261280817, 40.82169143290022], [14.215738038461048, 40.82169133017908], [14.215309758668896, 40.82146104667757], [14.215261178813867, 40.82143492527656], [14.215261083729223, 40.82143487073896], [14.214863063608231, 40.82119184611055], [14.214862989237783, 40.82119179841469], [14.214721151077454, 40.821096347529185], [14.214605369216109, 40.82101843268611], [14.214605212116272, 40.82101831538307], [14.214486323307435, 40.82092011077446], [14.214405071457689, 40.82085299542668], [14.214404924782206, 40.82085286147624], [14.214404792117435, 40.82085271363689], [14.214309905433318, 40.820735776525055], [14.214309800773464, 40.82073563528226], [14.21430970892066, 40.82073548539472], [14.214256426700896, 40.820639288815606], [14.214256341094764, 40.82063911486768], [14.214256272732818, 40.82063893344846], [14.214256222257427, 40.82063874626265], [14.214232671998854, 40.82053085260002], [14.214232656238208, 40.82053077259974], [14.214227458907551, 40.820501227549656], [14.214227434314926, 40.82050103130277], [14.214227429225843, 40.820500833586465], [14.21422744369007, 40.82050063633428], [14.214227477566158, 40.82050044147523], [14.214227530522818, 40.82050025091493], [14.214238235900087, 40.82046800317319], [14.21425387105876, 40.820420910784044], [14.214253939604497, 40.82042073310337], [14.2142540247394, 40.820420562747884], [14.214254125691534, 40.82042040126226], [14.214254241545541, 40.82042025011071], [14.214254371250945, 40.82042011066377], [14.214305434697318, 40.82037020352418], [14.214305612869003, 40.82037004884782], [14.214305808016602, 40.820369916230554], [14.21437721158569, 40.820327321778436], [14.214377264984241, 40.82032728758306], [14.214433176705151, 40.82028892944838], [14.214433212170492, 40.820288902506924], [14.214433172285359, 40.820288882687606], [14.21438438449736, 40.82026751417375], [14.214384205661448, 40.82026742494368], [14.214384036624125, 40.82026731831033], [14.21438387907341, 40.820267195338545], [14.214383734582611, 40.82026705725632], [14.21438360459463, 40.82026690544258], [14.214383490407533, 40.820266741413334], [14.2143833931616, 40.82026656680658], [14.214383313827938, 40.82026638336597], [14.214383253198775, 40.82026619292334], [14.214383211879563, 40.82026599738048], [14.214383190282916, 40.82026579869009], [14.214383188624499, 40.82026559883629], [14.214383206920875, 40.82026539981486], [14.214383244989333, 40.820265203613225], [14.21438330244972, 40.82026501219068], [14.214383378728233, 40.82026482745877], [14.214383473063148, 40.82026465126226], [14.214383584512431, 40.82026448536064], [14.214383711963139, 40.820264331410634], [14.214383854142543, 40.82026419094959], [14.214384009630827, 40.82026406538016], [14.214384176875274, 40.820263955956285], [14.21438435420577, 40.82026386377069], [14.214433152250626, 40.82024151840212], [14.214433200761524, 40.820241494581765], [14.214494106608495, 40.82020951670404], [14.214494187924528, 40.82020947633721], [14.214556744323945, 40.82018017254583], [14.21455679211206, 40.82018015091965], [14.214599084118232, 40.820161676244616], [14.214599213288677, 40.82016160817047], [14.21465592473685, 40.820126195779316], [14.214656086861703, 40.820126104733674], [14.214656256741273, 40.82012602913798], [14.214656432907214, 40.820125969645645], [14.214656613836846, 40.82012592677088], [14.214656797966313, 40.82012590088427], [14.214656983704103, 40.820125892209575], [14.214657169444802, 40.82012590082177], [14.21465735358297, 40.82012592664641], [14.214657534527019, 40.820125969460285], [14.214783142028956, 40.82016193110274], [14.214783190583672, 40.82016194237602], [14.214783236867433, 40.820161923870444], [14.214868629693317, 40.82012265065725], [14.214868688492077, 40.820122621235214], [14.214926042708752, 40.82009152301836], [14.214926082621378, 40.82009149878084], [14.214926062651223, 40.82009145657097], [14.214878466210626, 40.82000239592918], [14.21487839409663, 40.820002280633176], [14.214835336868173, 40.81994286074447], [14.214835274265509, 40.8199427691036], [14.214790523301176, 40.819873191287755], [14.214739443794938, 40.81979387355642], [14.214739432965567, 40.819793857098695], [14.214671599224665, 40.81969294707316], [14.214671573729797, 40.819692912466316], [14.214671542782233, 40.819692882866065], [14.214559491798997, 40.819594532300684], [14.214559337834062, 40.819594381734575], [14.21453621971808, 40.819569199807546], [14.214489675378289, 40.81951850010947], [14.214489648787536, 40.81951847326006], [14.214489620241785, 40.819518448499544], [14.214360142582914, 40.81941446191947], [14.214360104914984, 40.81941443446188], [14.214360064847725, 40.81941441064173], [14.2142511527491, 40.81935637268601], [14.214251111083325, 40.819356352932594], [14.21425106602338, 40.8193563627225], [14.214149592817522, 40.81938344833216], [14.214149546360131, 40.819383463251555], [14.21414952462267, 40.81938350693623], [14.214137165305885, 40.819411801563156], [14.214137079777702, 40.819411974186345], [14.214136978037713, 40.81941213777977], [14.214136861029909, 40.81941229082555], [14.214136729839941, 40.819412431903636], [14.214136585685052, 40.81941255970506], [14.214136429902776, 40.819412673044006], [14.214136263938531, 40.81941277086887], [14.21413608933221, 40.819412852271995], [14.214099270181599, 40.81942790399084], [14.21409923001841, 40.81942792254001], [14.214099198933813, 40.81942795389544], [14.214080158144487, 40.8194489403592], [14.214080011958819, 40.81944908567524], [14.214079851592881, 40.81944921517337], [14.21407967875004, 40.8194493274781], [14.214014764558087, 40.81948689640318], [14.214014584509362, 40.81948698877736], [14.21401439604771, 40.819487062484484], [14.214014201102536, 40.81948711676996], [14.214014001669616, 40.81948715107803], [14.214013799790669, 40.81948716505746], [14.214013597532459, 40.81948715856514], [14.214013396965631, 40.81948713166753], [14.214013200143516, 40.81948708464], [14.214013009081105, 40.819487017964], [14.214012825734427, 40.819486932322135], [14.214012651980514, 40.819486828591174], [14.2140124895982, 40.81948670783308], [14.21401234024989, 40.81948657128413], [14.213909924302486, 40.81938294523674], [14.213909790725467, 40.8193827957928], [14.213909672777753, 40.81938263372908], [14.21390957164402, 40.81938246067337], [14.213909488340068, 40.81938227836384], [14.213909423702603, 40.819382088631635], [14.213909378380851, 40.81938189338243], [14.21390935283003, 40.81938169457733], [14.21390934730677, 40.81938149421315], [14.213909361866548, 40.81938129430236], [14.213909396363126, 40.81938109685287], [14.213909450450016, 40.8193809038479], [14.213909523583968, 40.81938071722599], [14.213909615030415, 40.81938053886159], [14.213909723870865, 40.819380370546206], [14.213909849012115, 40.81938021397041], [14.213909989197234, 40.81938007070686], [14.213910143018197, 40.819379942194516], [14.21423103126756, 40.81913808860094], [14.214269884755087, 40.81910880462049], [14.214314163142031, 40.81907530227567], [14.214314327041553, 40.81907519059596], [14.214314501196377, 40.81907509569861], [14.21431468389389, 40.819075018516806], [14.214314873337473, 40.81907495980957], [14.214315067664163, 40.8190749201542], [14.214315264962984, 40.819074899940674], [14.214315463293724, 40.81907489936776], [14.214315660706031, 40.8190749184411], [14.21431585525858, 40.819074956973125], [14.214316045038169, 40.81907501458491], [14.214316228178536, 40.81907509070992], [14.214316402878703, 40.81907518459955], [14.214316567420695, 40.8190752953305], [14.214316720186433, 40.819075421813864], [14.214316859673637, 40.819075562805814], [14.21445409777703, 40.8192287829462], [14.214454099804403, 40.819228785213134], [14.214531594795009, 40.81931557004481], [14.21453161375736, 40.81931559069038], [14.214575091696448, 40.819361616085686], [14.214575127010814, 40.81936164986198], [14.214575170928025, 40.819361628432745], [14.214637974688769, 40.81932693673212], [14.214638014466614, 40.819326912110164], [14.214637985429723, 40.819326875430704], [14.214589685727189, 40.81927171859931], [14.21458965445961, 40.81927168451653], [14.21450815035167, 40.8191868667333], [14.214508141988249, 40.819186857976945], [14.214253454821936, 40.81891858384225], [14.214253400047822, 40.81891852374525], [14.214151676820823, 40.818802253080975], [14.214151643260944, 40.81880221834169], [14.214151594962962, 40.81880221772438], [14.214106544229955, 40.81880386674517], [14.21410649668028, 40.81880387080595], [14.21410646227677, 40.81880390387939], [14.214068805950104, 40.818843801990894], [14.214068775896914, 40.818843837126266], [14.214068813644873, 40.8188438638242], [14.214105245964083, 40.818867045570045], [14.214105385155946, 40.81886714267221], [14.214130699693072, 40.81888644945074], [14.214130828195193, 40.818886556233046], [14.214130947336185, 40.818886673368354], [14.214192317799506, 40.818952272632586], [14.214192442446208, 40.81895241944059], [14.214192552394831, 40.818952577556665], [14.214192646625895, 40.81895274551469], [14.214192724265656, 40.81895292175731], [14.21419278459421, 40.818953104650326], [14.214192827052173, 40.8189532924979], [14.214192851245857, 40.81895348355825], [14.21419285695093, 40.8189536760598], [14.214192844114494, 40.81895386821759], [14.214192812855574, 40.81895405824988], [14.21419276346401, 40.818954244394625], [14.214192696397781, 40.81895442492582], [14.214192612278746, 40.81895459816952], [14.214192511886887, 40.81895476251935], [14.214192396153072, 40.818954916451396], [14.214192266150427, 40.81895505853836], [14.214192123084379, 40.81895518746274], [14.214191968281487, 40.818955302029124], [14.214135766772584, 40.81899284717207], [14.214135706725937, 40.81899289058861], [14.214106619404221, 40.81901561010951], [14.214074235797433, 40.81904090419644], [14.21407420112019, 40.819040934089415], [14.214074233459227, 40.819040966497475], [14.214161051144863, 40.81911994009194], [14.214161187279691, 40.81912007647638], [14.214161309657223, 40.819120225329144], [14.214161417141383, 40.81912038526839], [14.214161508734358, 40.819120554809345], [14.21416158358586, 40.81912073237809], [14.214161641001013, 40.8191209163262], [14.214161680446816, 40.819121104946014], [14.214161701557076, 40.81912129648652], [14.21416170413582, 40.81912148916957], [14.214161688159109, 40.81912168120642], [14.214161653775262, 40.81912187081432], [14.214161601303475, 40.81912205623309], [14.214161531230861, 40.8191222357414], [14.21416144420793, 40.819122407672836], [14.214161341042546, 40.819122570431276], [14.214161222692429, 40.81912272250579], [14.214161090256265, 40.819122862484605], [14.21416094496351, 40.81912298906826], [14.214110448233708, 40.819162872008796], [14.214110431144531, 40.81916288535624], [14.213858188755584, 40.81935770622976], [14.213858030516336, 40.819357816683315], [14.213857862368664, 40.81935791137232], [14.21385768587801, 40.81935798941524], [14.213857502687482, 40.819358050085484], [14.213857314502572, 40.81935809281823], [14.213857123075263, 40.81935811721563], [14.213856930187728, 40.819358123050556], [14.213856737635732, 40.81935811026868], [14.213856547211915, 40.819358078989005], [14.21385636068911, 40.81935802950274], [14.213856179803825, 40.819357962270594], [14.213856006240087, 40.81935787791849], [14.213855841613759, 40.81935777723175], [14.213855687457498, 40.81935766114775], [14.213855545206485, 40.819357530747226], [14.213855416185064, 40.81935738724419], [14.213855301594414, 40.81935723197465], [14.213793887204885, 40.81926501425457], [14.213793793310783, 40.819264858323955], [14.213793713981897, 40.819264694502756], [14.213793649875274, 40.81926452414783], [14.213793601521886, 40.819264348670174], [14.213793569322224, 40.819264169523194], [14.213793553542988, 40.8192639881907], [14.213789707816638, 40.819170877901946], [14.213789708877032, 40.81917069025252], [14.21378972751981, 40.819170503528454], [14.213789763580849, 40.81917031937354], [14.213789816742693, 40.81917013940896], [14.213789886537338, 40.81916996521902], [14.213789972350359, 40.81916979833715], [14.21379007342631, 40.819169640232495], [14.213790188875386, 40.81916949229689], [14.213790317681246, 40.819169355832685], [14.213790458709965, 40.819169232041205], [14.213790610720022, 40.819169122012234], [14.21382984877087, 40.819143436428526], [14.21383004887452, 40.81914332135967], [14.213893353259392, 40.81911163102167], [14.213893395124574, 40.819111607374325], [14.213893383489944, 40.81911156072105], [14.213866441804285, 40.819022718699344], [14.213866424947813, 40.81902267179346], [14.213866387483364, 40.81902263891912], [14.213753526202629, 40.81893328347179], [14.213753459165334, 40.818933227981645], [14.213575556551918, 40.818779325442286], [14.213575433946183, 40.818779210002376], [14.21346006592167, 40.818661034939524], [14.213407186775477, 40.81860686961146], [14.21340715652745, 40.81860684110604], [14.213407124011802, 40.81860681521729], [14.213227285559247, 40.8184754856757], [14.213227172953898, 40.81847541444796], [14.213125387718582, 40.8184201704433], [14.213081793698821, 40.8183965095449], [14.213081789945345, 40.818396507502484], [14.212982747746748, 40.818342477525995], [14.212982745470775, 40.81834247628248], [14.212876305105189, 40.81828423119068], [14.212876260140677, 40.8182842094603], [14.212876210253567, 40.81828420716142], [14.212767912593002, 40.81828469098059], [14.212767865753158, 40.818284693494434], [14.21276786375178, 40.81828474035907], [14.212768130965529, 40.81832603741518], [14.21276833044903, 40.81835664360031], [14.212768333135491, 40.818356691650955], [14.212768372108709, 40.81835671988519], [14.212910361260576, 40.81844926361419], [14.212910400402329, 40.81844928665653], [14.212910442900448, 40.818449302143705], [14.212957736024773, 40.81846415419352], [14.212957922197713, 40.81846422298199], [14.212958100635955, 40.81846430988429], [14.212958269582229, 40.81846441404462], [14.212958427372742, 40.81846453443719], [14.212958572453568, 40.81846466987637], [14.212958703395937, 40.81846481902835], [14.212958818910328, 40.81846498042427], [14.212958917859146, 40.818465152474694], [14.212958999267936, 40.81846533348526], [14.212959062334983, 40.81846552167337], [14.212959106439198, 40.81846571518573], [14.21295913114624, 40.81846591211663], [14.212959136212794, 40.81846611052668], [14.21295912158896, 40.81846630846192], [14.212959087418762, 40.818466503973085], [14.212959034038702, 40.81846669513476], [14.212958961974474, 40.81846688006438], [14.212958871935772, 40.81846705694075], [14.21290739220111, 40.81855686410495], [14.212907287888672, 40.81855702723245], [14.212907168290608, 40.81855717950842], [14.212907034527896, 40.81855731950558], [14.21290688785429, 40.81855744591174], [14.212906729644542, 40.818557557542135], [14.212906561381544, 40.81855765335043], [14.212906384642409, 40.81855773243864], [14.21286998032117, 40.818571950219294], [14.212724886219409, 40.818628618242], [14.212724696762058, 40.81862868152798], [14.212724501936872, 40.818628725600085], [14.212724303687196, 40.8186287500187], [14.21272410399053, 40.81862875454026], [14.212601376505267, 40.81862540085847], [14.21260118173151, 40.81862538599303], [14.212600989336947, 40.818625352197614], [14.212600801156917, 40.81862529979461], [14.212600618986555, 40.818625229283924], [14.212600444563662, 40.81862514133819], [14.212600279552142, 40.81862503679635], [14.212600125526109, 40.818624916655686], [14.21259998395489, 40.818624782062265], [14.212560521786925, 40.818583412473785], [14.212560393718833, 40.81858326432537], [14.212560280753218, 40.818583104362375], [14.212560183973116, 40.81858293411843], [14.212560104306394, 40.81858275522572], [14.212560042516845, 40.81858256939934], [14.212559999196865, 40.81858237842089], [14.21255997476178, 40.81858218412134], [14.212559969445854, 40.818581988363505], [14.212559983300055, 40.81858179302418], [14.212560016191558, 40.81858159997616], [14.212560067805022, 40.81858141107026], [14.212560137645609, 40.81858122811758], [14.212560225043731, 40.81858105287216], [14.212560329161475, 40.818580887014136], [14.212611299092819, 40.81850789073494], [14.21261132348815, 40.81850785210975], [14.212611328096362, 40.818507806658566], [14.212614095418859, 40.8184573721572], [14.21261924846053, 40.81836345251466], [14.212619249070944, 40.81836343994348], [14.212625725761804, 40.818210146732746], [14.212625731234077, 40.818210060960354], [14.212628426283102, 40.81817850622319], [14.212628429790012, 40.81817843660541], [14.212629403492087, 40.81811546183175], [14.212629399270476, 40.81811535334122], [14.212624797588077, 40.8180661464524], [14.212624791034589, 40.81806610011945], [14.21262476783899, 40.818066059478966], [14.21250017289357, 40.81786990876072], [14.212500074798115, 40.81786973591101], [14.21249999434233, 40.81786955417876], [14.212499932320716, 40.81786936535858], [14.212499889345729, 40.81786917131505], [14.212499865841743, 40.81786897396434], [14.21249986204086, 40.81786877525527], [14.212499877980612, 40.81786857715008], [14.212499913503597, 40.81786838160505], [14.212512460261099, 40.81781465267421], [14.212512468368486, 40.81781460832788], [14.212512424113877, 40.817814616921915], [14.212445081052948, 40.817831124991244], [14.212444889578155, 40.817831162136045], [14.212444695395744, 40.81783118045338], [14.21241025025754, 40.817832740913126], [14.212410158498159, 40.81783274932194], [14.21236220580483, 40.81783938455123], [14.2123620267175, 40.817839401167454], [14.21236184686156, 40.817839401627765], [14.212361667691523, 40.817839385928444], [14.212361490656352, 40.81783935419645], [14.212328719656021, 40.817831945501425], [14.212328670083275, 40.81783193692591], [14.212328622640019, 40.81783195366285], [14.212244245826804, 40.817866656060275], [14.212244060864872, 40.81786672171805], [14.212243870358014, 40.817866768930294], [14.2122436761409, 40.81786679724235], [14.212243480083933, 40.81786680638155], [14.21224328407523, 40.817866796259885], [14.212243090002449, 40.817866766974824], [14.212242899734598, 40.817866718808396], [14.212242715104047, 40.81786665222447], [14.212242537888875, 40.81786656786428], [14.212242369795742, 40.81786646654025], [14.212242212443467, 40.81786634922818], [14.212242067347423, 40.81786621705785], [14.212241935904956, 40.8178660713021], [14.212241819381916, 40.81786591336464], [14.212241718900472, 40.817865744766486], [14.212205491563399, 40.817797558487094], [14.212205407125055, 40.81779737849849], [14.21220534097362, 40.8177971910159], [14.21220529376277, 40.81779699789193], [14.212205265959012, 40.817796801034916], [14.21220525783709, 40.81779660239009], [14.212205269477257, 40.81779640392035], [14.212215284604934, 40.81770429481438], [14.212215312860446, 40.81770411313474], [14.21221535768105, 40.817703934817665], [14.212215418687947, 40.8177037613702], [14.21221549536554, 40.81770359425822], [14.212215587065787, 40.81770343489408], [14.21221569301369, 40.81770328462463], [14.212215812313833, 40.81770314471987], [14.212272564321575, 40.817642476144364], [14.212272681945327, 40.81764236037136], [14.212320728899844, 40.81759882314187], [14.212320880998911, 40.817598698375406], [14.212321044619687, 40.81759858915526], [14.212321218179106, 40.81759849653816], [14.212321399997947, 40.81759842142021], [14.212321588317076, 40.81759836452817], [14.21232178131447, 40.8175983264125], [14.212321977122839, 40.81759830744197], [14.212322173847696, 40.817598307800125], [14.212322369585692, 40.817598327483495], [14.212389880744505, 40.81760849102609], [14.21239007691611, 40.81760853068586], [14.212390268141688, 40.81760858975339], [14.212390452506297, 40.81760866763719], [14.212390628163702, 40.817608763557324], [14.21239079335486, 40.81760887655324], [14.212507710711378, 40.817697754710245], [14.212507746414675, 40.81769777947397], [14.21250778572733, 40.81769779758984], [14.212570255757397, 40.817723372279325], [14.212570300190642, 40.81772338801261], [14.212570340897615, 40.817723364247136], [14.21262469761171, 40.81768800726527], [14.212624735589717, 40.817687979782896], [14.212624703774614, 40.817687945353164], [14.212541344709825, 40.81760628063393], [14.21254124126528, 40.81760619226337], [14.212432790783767, 40.817525645624706], [14.212432757524653, 40.817525622945695], [14.212432722545682, 40.817525603021515], [14.212344793808526, 40.817480114165576], [14.212344751145144, 40.81748009459877], [14.212344704269162, 40.81748009221958], [14.212252198513788, 40.817479787018755], [14.212252148324685, 40.81747978942119], [14.212252108673226, 40.8174798202836], [14.212207232879294, 40.81751858978444], [14.212207082816528, 40.817518707416795], [14.212206922233818, 40.81751881022438], [14.212206752590705, 40.81751889727275], [14.212206575429084, 40.81751896777073], [14.212206392359189, 40.81751902107756], [14.212206205044948, 40.817519056708726], [14.212206015188872, 40.81751907434038], [14.212205824516571, 40.81751907381227], [14.212205634761078, 40.81751905512919], [14.212205447647088, 40.817519018460956], [14.21220526487529, 40.81751896414084], [14.212205088106906, 40.81751889266257], [14.212097773894305, 40.81746942303479], [14.212097606119972, 40.817469335853204], [14.212097447328016, 40.81746923321807], [14.212097298937593, 40.81746911604667], [14.212097162274901, 40.81746898538618], [14.212097038561323, 40.81746884240434], [14.212096928902515, 40.81746868837901], [14.21209683427852, 40.81746852468675], [14.212096755535015, 40.81746835279052], [14.212096693375745, 40.817468174226576], [14.21209664835624, 40.8174679905908], [14.212096620878853, 40.817467803524366], [14.212096611189153, 40.81746761469915], [14.212096619373737, 40.8174674258027], [14.212108804660113, 40.81733327977404], [14.21210880661741, 40.817333230880806], [14.212108763631164, 40.81733320750219], [14.212039783956081, 40.81730009535825], [14.21198053920531, 40.81727165524942], [14.21198037113393, 40.81727156444772], [14.211980212492309, 40.817271458025104], [14.211980064727774, 40.81727133695248], [14.211787145006612, 40.8170972208334], [14.211707756209766, 40.81702556870051], [14.21170761880764, 40.8170254320413], [14.211707495276668, 40.81702528272559], [14.211707386776656, 40.81702512215526], [14.211707294326283, 40.81702495183787], [14.211707218793546, 40.8170247733725], [14.211707160887604, 40.81702458843471], [14.211707121152122, 40.81702439876085], [14.211707099960169, 40.81702420613171], [14.211707097510711, 40.81702401235585], [14.211707113826744, 40.81702381925259], [14.211707148755082, 40.81702362863492], [14.211707201967789, 40.81702344229252], [14.211707272965265, 40.81702326197491], [14.211707361080931, 40.81702308937504], [14.211707465487489, 40.81702292611343], [14.211707585204687, 40.8170227737229], [14.211707719108531, 40.817022633634195], [14.211707865941829, 40.81702250716259], [14.211708024325993, 40.8170223954955], [14.211708192773994, 40.817022299681334], [14.211790334350471, 40.81698070883578], [14.211790422210578, 40.81698065860548], [14.211846190096344, 40.81694491210267], [14.211846354651879, 40.81694481733264], [14.211846527453686, 40.816944738596256], [14.211846706943962, 40.81694467660332], [14.211846891504607, 40.816944631912705], [14.211847079471811, 40.816944604927286], [14.21184726915106, 40.81694459589034], [14.211847458832393, 40.81694460488334], [14.211847646805847, 40.81694463182521], [14.21184783137684, 40.816944676473064], [14.211848010881473, 40.81694473842441], [14.211848183701518, 40.81694481712076], [14.211848348279005, 40.816944911852666], [14.212005572088868, 40.81704563892406], [14.21200561278397, 40.81704566233246], [14.212005659224854, 40.81704565545548], [14.21208884212603, 40.817029243446676], [14.212088886265922, 40.817029232459284], [14.212088859108942, 40.81702919596881], [14.21191526474924, 40.81681841725625], [14.211915231325001, 40.81681838059694], [14.211915184366687, 40.81681836459661], [14.211743031312567, 40.81676921811264], [14.211742984836553, 40.81676920726324], [14.211742944166305, 40.81676923223619], [14.21169677053667, 40.81680078240952], [14.21169660583553, 40.816800883632865], [14.211696432130989, 40.81680096848192], [14.211696251045996, 40.81680103616394], [14.211696064272456, 40.81680108604655], [14.211695873555424, 40.8168011176637], [14.2116956806768, 40.81680113071998], [14.211695487438677, 40.8168011250934], [14.21169529564651, 40.816801100836535], [14.211695107092247, 40.81680105817602], [14.211694923537575, 40.816800997510434], [14.211694746697477, 40.81680091940659], [14.211694578224199, 40.816800824594225], [14.21169441969181, 40.81680071395918], [14.211694272581505, 40.81680058853515], [14.211694138267761, 40.816800449493975], [14.211694018005488, 40.816800298134744], [14.211693912918319, 40.81680013587164], [14.211693823988098, 40.81679996422069], [14.211618420955565, 40.81663540577428], [14.21161834025422, 40.81663520044112], [14.211618282659995, 40.81663498746855], [14.211618248873728, 40.81663476944813], [14.211618239306553, 40.816634549032884], [14.211618938398779, 40.816575335251194], [14.211618936749854, 40.81657528880239], [14.21161890689492, 40.81657525318086], [14.211563565135632, 40.81651523035382], [14.211563531473265, 40.81651519715141], [14.211563494817295, 40.81651516728698], [14.211502359526275, 40.81647000750171], [14.211502313266646, 40.81646997530537], [14.211466181512632, 40.81644631111527], [14.211466141175094, 40.81644628739208], [14.21146610077226, 40.81644631100385], [14.211408864530963, 40.816483572092444], [14.211408726459936, 40.81648365427575], [14.211283936160378, 40.81655129707827], [14.211283814460376, 40.81655137493217], [14.211221509380175, 40.81659791003065], [14.211221351534354, 40.81659801660568], [14.211221184266812, 40.81659810768317], [14.211221009094396, 40.8165981824372], [14.211220827605638, 40.81659824018986], [14.211220641446348, 40.816598280417445], [14.211220452304689, 40.816598302755146], [14.211220261895873, 40.8165983070004], [14.211220071946597, 40.8165982931147], [14.211144662651755, 40.81658915407092], [14.211144612942709, 40.81658915058994], [14.211144570161137, 40.816589176140624], [14.211088200162163, 40.8166268435991], [14.211088072236786, 40.81662692229833], [14.210994725499582, 40.816679623113274], [14.210994546003345, 40.81667971288799], [14.210994358413524, 40.816679784221414], [14.210994164619072, 40.816679836395245], [14.210993966571422, 40.81667986888412], [14.210993766264835, 40.81667988136088], [14.210993565716318, 40.816679873699904], [14.210993366945313, 40.81667984597832], [14.210993171953367, 40.81667979847528], [14.210992982703969, 40.81667973166911], [14.210992801102783, 40.81667964623254], [14.210992628978463, 40.81667954302586], [14.210992468064232, 40.816679423088345], [14.21099231998043, 40.8166792876277], [14.210992186218204, 40.81667913800796], [14.210992068124483, 40.81667897573575], [14.210991966888427, 40.816678802445075], [14.21099188352944, 40.816678619880896], [14.210991818886914, 40.81667842988158], [14.210991773611774, 40.816678234360324], [14.210983170579631, 40.81663023686111], [14.21098314524625, 40.816630039315314], [14.210983139686038, 40.81662984022939], [14.210983153954137, 40.81662964157758], [14.210983187909054, 40.816629445329816], [14.210983241214075, 40.8166292534322], [14.2109833133406, 40.81662906778768], [14.210983403573382, 40.816628890237226], [14.210983511017627, 40.8166287225415], [14.21098363460786, 40.81662856636348], [14.211011333039377, 40.81659693788098], [14.211011460269816, 40.816596805400806], [14.211058012874865, 40.81655258838618], [14.211058043602431, 40.816552556191176], [14.211057999777132, 40.816552548442004], [14.210979551475475, 40.81654261383375], [14.210979501481393, 40.81654261008728], [14.210979461316356, 40.81654264009079], [14.210957390312936, 40.81656095843247], [14.210957230965645, 40.8165610778072], [14.210957060538774, 40.81656118074683], [14.21095688072133, 40.816561266231176], [14.210956693295392, 40.81656133341305], [14.210956500118437, 40.816561381626634], [14.210956303104942, 40.81656141039413], [14.210956104207401, 40.81656141943043], [14.210955905396986, 40.81656140864597], [14.210955708643999, 40.81656137814764], [14.210955515898355, 40.81656132823769], [14.210844677367238, 40.81652665612924], [14.210844495399034, 40.816526589365324], [14.2108443207482, 40.81652650530026], [14.210844155055135, 40.81652640472364], [14.21084399987611, 40.816526288580114], [14.210843856668633, 40.81652615796057], [14.210843726777778, 40.81652601409183], [14.21084361142354, 40.81652585832518], [14.210843511689378, 40.81652569212366], [14.210843428512039, 40.81652551704831], [14.210843362672767, 40.81652533474351], [14.210843314789955, 40.81652514692156], [14.210843285313336, 40.81652495534657], [14.210834833965393, 40.816444135121976], [14.210834827807656, 40.816444063977556], [14.21083124488861, 40.81639182814696], [14.210831240239376, 40.81639170377374], [14.210830643958886, 40.81629620627783], [14.210830651465852, 40.81629602021929], [14.210830676244472, 40.81629583566535], [14.210830718079954, 40.816295654215835], [14.210830776609644, 40.81629547744363], [14.210830851326179, 40.8162953068811], [14.210830941581872, 40.81629514400678], [14.21083104659434, 40.816294990232535], [14.210831165453278, 40.816294846891374], [14.210831297128355, 40.81629471522585], [14.210870405673743, 40.81625909211732], [14.210870552519058, 40.81625897064134], [14.210870710259872, 40.81625886369372], [14.2108708774639, 40.816258772245526], [14.210871052612934, 40.81625869712711], [14.210871234116619, 40.81625863902056], [14.210932024974538, 40.81624232619005], [14.210932221133007, 40.81624228397339], [14.210932420534352, 40.816242261624], [14.21093262117158, 40.816242259366824], [14.210932821025256, 40.816242277224596], [14.210933018083834, 40.816242315017575], [14.210933210363898, 40.81624237236536], [14.21099407002187, 40.81626390308604], [14.210994125348435, 40.81626392086774], [14.21111661141341, 40.816299394501605], [14.211116657116857, 40.816299405371396], [14.211116688771579, 40.81629937065926], [14.211162660984089, 40.81624377785839], [14.211162689737375, 40.81624373931299], [14.211162660241985, 40.81624370133252], [14.211123977973443, 40.81619872928548], [14.211123941609465, 40.81619869128993], [14.2111238951727, 40.816198666599384], [14.210956556646913, 40.81612078888612], [14.210956511376468, 40.81612077050127], [14.210956464868922, 40.81612078548317], [14.21081904291878, 40.81617274018624], [14.210660487461606, 40.816232686041346], [14.210660296732623, 40.81623274742159], [14.210660100819318, 40.81623278941035], [14.21065990168793, 40.81623281158622], [14.210659701336994, 40.81623281372663], [14.210659501777286, 40.816232795810095], [14.21065930501164, 40.81623275801645], [14.210659113014854, 40.816232700724974], [14.210658927713853, 40.81623262451068], [14.210609638853255, 40.81620940093336], [14.210609464317217, 40.81620930788525], [14.2106092998254, 40.81620919805256], [14.210609146986567, 40.81620907250946], [14.21060900729551, 40.816208932483796], [14.210608882118438, 40.81620877934504], [14.210608772679603, 40.81620861459092], [14.21060868004934, 40.816208439832764], [14.210608605133592, 40.81620825677974], [14.210608548665048, 40.81620806722214], [14.210608511195982, 40.81620787301389], [14.210608493092849, 40.816207676054354], [14.210608494532702, 40.81620747826987], [14.210608515501455, 40.81620728159478], [14.210616817840002, 40.81615438451046], [14.210616857284723, 40.816154194137276], [14.210616915027064, 40.816154008493385], [14.210616990521391, 40.816153829333004], [14.210617083054325, 40.816153658349116], [14.210617191751481, 40.816153497157416], [14.210617315585727, 40.81615334728109], [14.210617453386899, 40.81615321013638], [14.210617603852848, 40.816153087019224], [14.210617765561754, 40.816152979093026], [14.210689265404039, 40.81611013027395], [14.210689303298377, 40.81611010502987], [14.21068927968009, 40.81611006610136], [14.210627509285011, 40.81601842667781], [14.210627479866947, 40.81601838746093], [14.210627431009378, 40.81601839150175], [14.210577976647995, 40.816025008223534], [14.210577773633881, 40.8160250249199], [14.210577569974422, 40.81602502087955], [14.210577367782257, 40.81602499614441], [14.210577169154798, 40.81602495097105], [14.210576976152485, 40.816024885828085], [14.2105767907774, 40.81602480139126], [14.210576614952512, 40.81602469853647], [14.210576450501716, 40.81602457833066], [14.210576299130922, 40.81602444202078], [14.210576162410357, 40.81602429102083], [14.210576041758273, 40.816024126897176], [14.21053640801192, 40.81596402292497], [14.210536378922349, 40.815963983264815], [14.210536334406989, 40.81596396234795], [14.210468193388479, 40.81593600099772], [14.21046800732348, 40.81593591320879], [14.210467831261623, 40.81593580676959], [14.210467667065958, 40.81593568280643], [14.210467516473962, 40.81593554263107], [14.210467381079166, 40.81593538772681], [14.210467262314289, 40.81593521973281], [14.210467161436071, 40.81593504042674], [14.210454350520221, 40.815909248844385], [14.210454286194798, 40.81590910546241], [14.210439439954959, 40.815872194452524], [14.210439374239073, 40.81587200383177], [14.21043932805019, 40.815871807562985], [14.210439301857763, 40.81587160764098], [14.210439295928003, 40.81587140609771], [14.210439310321181, 40.81587120498161], [14.210439344891006, 40.815871006336764], [14.210439399286122, 40.81587081218213], [14.21043947295367, 40.81587062449105], [14.210439565144918, 40.81587044517116], [14.210439674922858, 40.81587027604501], [14.21043980117174, 40.815870118831555], [14.210439942608405, 40.81586997512867], [14.210487058243741, 40.81582670166067], [14.21048709265033, 40.81582666674414], [14.21048710142614, 40.81582661851583], [14.210501906565467, 40.815713513438], [14.210501910618131, 40.81571346040296], [14.210501892137021, 40.815713410527316], [14.21043507955928, 40.8155591603655], [14.210434997980737, 40.81555893624489], [14.210434943661769, 40.81555870400674], [14.210422691816277, 40.81548737319828], [14.210414668035195, 40.8154406608535], [14.210414644036698, 40.81544046174624], [14.210414640099055, 40.81544026123658], [14.210414656261861, 40.815440061340624], [14.210414692362598, 40.81543986406832], [14.210414748038277, 40.8154396714032], [14.210414822729085, 40.81543948528251], [14.210414915684014, 40.81543930757767], [14.210415025968407, 40.81543914007549], [14.210415152473368, 40.81543898446019], [14.210415293926902, 40.81543884229645], [14.210415448906703, 40.81543871501374], [14.210415615854465, 40.815438603891856], [14.210442259426559, 40.81542273737105], [14.210442425034861, 40.81542264900205], [14.210540259709262, 40.81537620466706], [14.210597951153433, 40.81534824246211], [14.210598042596894, 40.8153481920799], [14.210650869661725, 40.81531537704654], [14.21065103650972, 40.815315284137625], [14.210651211458474, 40.81531520756574], [14.210651392912881, 40.81531514802904], [14.210651579218515, 40.815315106070365], [14.210651768676719, 40.81531508207227], [14.210651959560092, 40.81531507625355], [14.210722477806039, 40.8153162954586], [14.210722673908371, 40.81531630850709], [14.210722867783163, 40.81531634073989], [14.210723057558244, 40.81531639184574], [14.21072324140103, 40.81531646133112], [14.210723417536228, 40.81531654852505], [14.210723584262968, 40.815316652585516], [14.210723739971241, 40.81531677250767], [14.210723883157431, 40.81531690713346], [14.210770439250467, 40.8153652039607], [14.210770470403835, 40.81536523360778], [14.210770503994945, 40.81536526046136], [14.210814824579751, 40.81539766162888], [14.210814863223758, 40.815397687033325], [14.210814875257295, 40.815397642379736], [14.21083062627379, 40.815324998313265], [14.210830633911932, 40.81532495300757], [14.21083062042351, 40.81532490908709], [14.210776766377668, 40.81517480138673], [14.210776711311752, 40.81517462177295], [14.210776673341746, 40.81517443778478], [14.210776652802677, 40.81517425104563], [14.210776649875763, 40.815174063203145], [14.210776664586833, 40.81517387591473], [14.210783447533025, 40.81512005639395], [14.210783453685417, 40.815119989560124], [14.210786605885497, 40.81506591007588], [14.210786606363884, 40.815065864596264], [14.210786560950043, 40.8150658621058], [14.210702261954028, 40.815065265235766], [14.21070206837079, 40.81506525446727], [14.210701876739844, 40.81506522500524], [14.210701688862065, 40.815065177126534], [14.210701506503051, 40.81506511128109], [14.210701331376546, 40.815065028087716], [14.210701165128317, 40.815064928328226], [14.2107010093207, 40.81506481294011], [14.210700865417913, 40.81506468300775], [14.2107007347723, 40.81506453975219], [14.210700618611613, 40.8150643845197], [14.210700518027489, 40.81506421876909], [14.210700433965178, 40.81506404405802], [14.210700367214661, 40.81506386202835], [14.210700318403237, 40.815063674390736], [14.210686778485845, 40.81499888110213], [14.210686765749648, 40.814998827560174], [14.210674525011324, 40.81495300896886], [14.210674483774778, 40.814952817435035], [14.21067446147647, 40.8149526227855], [14.210674458330388, 40.814952426888176], [14.210674474366723, 40.81495223162299], [14.21067450943158, 40.81495203886378], [14.210674563188467, 40.81495185046034], [14.21067463512151, 40.81495166822068], [14.210674724540405, 40.81495149389363], [14.210674830587056, 40.81495132915212], [14.210674952243794, 40.81495117557707], [14.21067508834315, 40.814951034642256], [14.210675237579059, 40.81495090770014], [14.21067539851939, 40.81495079596891], [14.210675569619696, 40.81495070052079], [14.210675749238023, 40.814950622271745], [14.210675935650682, 40.81495056197267], [14.21067612706878, 40.81495052020223], [14.210676321655388, 40.814950497361274], [14.210728349304532, 40.81494696201459], [14.210728395870078, 40.81494695651423], [14.210728384835287, 40.81494691094186], [14.21068707135974, 40.814807087328155], [14.210687053518612, 40.81480703705447], [14.210687025367674, 40.8148069917414], [14.210652043819486, 40.81475690054848], [14.210652010409168, 40.81475685785879], [14.21065197255798, 40.814756819052285], [14.210591386505524, 40.814701117232715], [14.21059134932839, 40.814701086290114], [14.210591300959607, 40.81470108609482], [14.21051096157497, 40.81470472431583], [14.210510910601219, 40.81470472928861], [14.21051086883408, 40.81470475892903], [14.210458291053772, 40.8147463431009], [14.210390835708754, 40.81480004976824], [14.210390824959072, 40.81480005826692], [14.210338013022115, 40.814841518096685], [14.210338000121286, 40.81484152813948], [14.210310918747444, 40.81486243274145], [14.210310881890752, 40.814862464214855], [14.210310873572398, 40.814862511961934], [14.210300978892153, 40.8149424909141], [14.210300945317789, 40.81494268404969], [14.210300892997058, 40.814942872970676], [14.210300822432613, 40.814943055862045], [14.210300734302377, 40.81494323096675], [14.210300629453032, 40.81494339660252], [14.210300508891878, 40.81494355117808], [14.210300373777168, 40.8149436932084], [14.210300225406966, 40.81494382132896], [14.210300065206686, 40.8149439343089], [14.210299894715401, 40.8149440310628], [14.210299715571042, 40.81494411066112], [14.210299529494675, 40.814944172339175], [14.210251545035057, 40.814957506254096], [14.210107420391278, 40.81499755611032], [14.210107150010225, 40.814997611480244], [14.210056562292548, 40.81500437646489], [14.210056515425611, 40.81500438510383], [14.210056505758972, 40.81500443176965], [14.2100504251007, 40.81504336930064], [14.210050382310865, 40.81504357306503], [14.210050318568891, 40.815043771276684], [14.210050234565594, 40.815043961787424], [14.210050131211384, 40.815044142532564], [14.210050009626379, 40.81504431155322], [14.21004987112829, 40.815044467017614], [14.210002552978427, 40.81509231584036], [14.210002411557149, 40.81509244573769], [14.21000225833037, 40.815092561473804], [14.21000209471058, 40.81509266198181], [14.210001922206084, 40.81509274633519], [14.21000174240708, 40.815092813756344], [14.210001556971015, 40.81509286362377], [14.2100013676073, 40.81509289547777], [14.21000117606155, 40.815092909024706], [14.210000984099494, 40.815092904139696], [14.210000793490702, 40.815092880867766], [14.210000605992267, 40.81509283942345], [14.21000042333261, 40.8150927801888], [14.210000247195548, 40.81509270370985], [14.21000007920477, 40.815092610691615], [14.209999920908867, 40.815092501991565], [14.209999773767063, 40.81509237861173], [14.209999639135757, 40.81509224168946], [14.209999518256026, 40.81509209248697], [14.209974272137703, 40.815057676031905], [14.209974239789497, 40.815057636397604], [14.209974196898061, 40.81505760851196], [14.20994480098514, 40.81504058792673], [14.209944623620606, 40.815040472279186], [14.209944459476299, 40.815040338528746], [14.20994431039197, 40.815040188174514], [14.209856473849571, 40.814941681157755], [14.209856339310099, 40.81494151283147], [14.209856223661259, 40.814941331007496], [14.209856128245578, 40.81494113779658], [14.20981281127626, 40.81484004240605], [14.209812747185104, 40.81483987172797], [14.209812698902637, 40.814839695922714], [14.209794780522593, 40.81476047270141], [14.209794746779783, 40.81476028024963], [14.209794731976887, 40.81476008542371], [14.20979473625518, 40.81475989008308], [14.209794759573834, 40.81475969609209], [14.209794801710292, 40.8147595053022], [14.2097948622624, 40.81475931953431], [14.209794940652246, 40.81475914056142], [14.209795036131675, 40.814758970091646], [14.209854483116084, 40.81466402998937], [14.209872544059317, 40.81463518344804], [14.209872654917076, 40.814635024134894], [14.209872780694997, 40.81463487631733], [14.209872920208568, 40.8146347413874], [14.209873072143912, 40.814634620615834], [14.209873235070173, 40.81463451513999], [14.20987340745299, 40.814634425953194], [14.209873587668943, 40.814634353895364], [14.209941878611676, 40.814610822922155], [14.20994188985747, 40.814610818972064], [14.209978514159117, 40.81459770895189], [14.209978559606476, 40.81459769006889], [14.209978586433111, 40.8145976488092], [14.210023857534516, 40.81451975383115], [14.210023879058822, 40.8145197123323], [14.21002385741325, 40.814519670896594], [14.209990975642038, 40.81446347238096], [14.209990889284175, 40.81446330766261], [14.209990818600568, 40.8144631356346], [14.209990764202454, 40.81446295778449], [14.209990726560234, 40.81446277565027], [14.20999070599942, 40.81446259080692], [14.20999070269781, 40.81446240485286], [14.209990716683954, 40.81446221939613], [14.209990747836908, 40.81446203604044], [14.20999079588728, 40.81446185637137], [14.2100035782261, 40.81442165302843], [14.210003606503319, 40.814421542647466], [14.210036904298258, 40.8142518255072], [14.210036910996235, 40.81425178032406], [14.210036885284694, 40.814251742570946], [14.21000223218349, 40.81420563029494], [14.210002202535387, 40.81420559447593], [14.210002161812815, 40.81420557203291], [14.209927078207484, 40.81416867603619], [14.209926903227375, 40.8141685788938], [14.209926738832065, 40.81416846474974], [14.209926586667754, 40.81416833474703], [14.209926448258166, 40.81416819018746], [14.209784234691673, 40.81400393906538], [14.209784194154885, 40.81400389742804], [14.209784149042584, 40.814003860797726], [14.209748914099599, 40.813978513714694], [14.209748874631275, 40.81397848809058], [14.20974882757465, 40.813978487971184], [14.20965224700074, 40.81398286005173], [14.209652199913272, 40.813982864438856], [14.209652155975755, 40.813982881931175], [14.20957239943386, 40.81401912711554], [14.209572214649226, 40.81401920024546], [14.209572023519259, 40.81401925467597], [14.209571827931045, 40.814019289869655], [14.209571629815695, 40.81401930547906], [14.209493087982615, 40.81402157787291], [14.209493042829747, 40.8140215812536], [14.209493003827106, 40.81402160425376], [14.209435560465346, 40.81405912661805], [14.209435434100707, 40.81405920266512], [14.209390286900003, 40.814084152810835], [14.20939012244036, 40.81408423408541], [14.209389951225612, 40.81408429994922], [14.209389774696213, 40.81408434984814], [14.209389594337326, 40.81408438336236], [14.209389411666336, 40.81408440020993], [14.209389228220077, 40.8140844002491], [14.20938904554191, 40.814084383479546], [14.20929466280278, 40.814071331192814], [14.20929447666247, 40.8140712964013], [14.209294294646938, 40.81407124416137], [14.209294118387891, 40.81407117494133], [14.209293949465435, 40.81407108936173], [14.2092937893939, 40.814070988189755], [14.209293639608276, 40.81407087233239], [14.20929350145134, 40.81407074282823], [14.209293376161625, 40.814070600838264], [14.209293264862309, 40.814070447635366], [14.209293168551152, 40.81407028459296], [14.209293088091556, 40.81407011317267], [14.209293024204811, 40.8140699349112], [14.209292977463642, 40.814069751406635], [14.209276693037777, 40.81399025582421], [14.209276660270572, 40.813990032265835], [14.209276652928313, 40.81398980643818], [14.209279541148186, 40.813869565314754], [14.209279543283674, 40.813869509218904], [14.20928400119576, 40.81378399709195], [14.209284023036952, 40.813783788787234], [14.209284066542816, 40.813783583908894], [14.209284131236222, 40.81378338470383], [14.209284216407678, 40.81378319335673], [14.209284321123116, 40.813783011966066], [14.209328153044572, 40.81371551410794], [14.209328174691093, 40.81371547743678], [14.209328189723209, 40.813715437760635], [14.209346163337159, 40.81366116041708], [14.209346233817943, 40.81366097799293], [14.209346321778435, 40.8136608033245], [14.209346426377596, 40.813660638081885], [14.2093465466153, 40.81366048384504], [14.209346681341891, 40.81366034208872], [14.209346829269176, 40.81366021416833], [14.209346988982743, 40.81366010130697], [14.20934715895549, 40.81366000458379], [14.209347337562214, 40.8136599249236], [14.209347523095165, 40.81365986308806], [14.209347713780362, 40.81365981966844], [14.209347907794566, 40.81365979507987], [14.209348103282702, 40.81365978955748], [14.209348298375607, 40.813659803154046], [14.209348491207896, 40.813659835739585], [14.209348679935795, 40.81365988700252], [14.20934886275478, 40.8136599564527], [14.20938397178786, 40.8136752977128], [14.20938416000219, 40.81367539204763], [14.209384337257243, 40.8136755056449], [14.20938450158887, 40.81367563724586], [14.209384651176123, 40.813675785392235], [14.2094180469018, 40.81371253802138], [14.209418080353437, 40.81371257135862], [14.20941811640668, 40.81371254085368], [14.209486385603382, 40.813648716593306], [14.209486457997563, 40.813648652128514], [14.209537387432901, 40.813605467796975], [14.209537421927086, 40.81360543543353], [14.209537385134002, 40.81360540570971], [14.209413177547269, 40.813514983523184], [14.209413022259776, 40.81351485815824], [14.209412880239764, 40.81351471794094], [14.209412752901422, 40.81351456426752], [14.209412641512738, 40.8135143986682], [14.20941254718288, 40.81351422279195], [14.209412470851154, 40.8135140383901], [14.209412413277642, 40.81351384729886], [14.20941237503564, 40.813513651421026], [14.20941235650595, 40.8135134527071], [14.209412357873084, 40.813513253135795], [14.209412379123426, 40.81351305469437], [14.209412420045377, 40.813512859358845], [14.209412480231446, 40.81351266907429], [14.209412559082326, 40.813512485735494], [14.209412655812844, 40.81351231116808], [14.209412769459794, 40.81351214711033], [14.209412898891522, 40.813511995195874], [14.209452687329135, 40.81346975948984], [14.209452717426256, 40.81346972426827], [14.2094526859531, 40.81346969027077], [14.209378454910043, 40.813396918681896], [14.20937832507776, 40.81339677863437], [14.209378209194568, 40.81339662684235], [14.209378108317027, 40.81339646468978], [14.20937802336488, 40.813396293655096], [14.209377955112673, 40.81339611529768], [14.209369372204394, 40.81337001623185], [14.209369353158156, 40.813369967262304], [14.209369315587729, 40.81336993053015], [14.209330414890465, 40.813335750075616], [14.209330378254299, 40.81333572083805], [14.209330333403443, 40.81333570722014], [14.20928542273496, 40.813324362326526], [14.209285238365538, 40.81332430617495], [14.209285060256947, 40.813324232537916], [14.209284890063152, 40.81332414209923], [14.209284729364617, 40.81332403569874], [14.209186856381706, 40.813252217695975], [14.209186816497262, 40.81325219136235], [14.20918677717107, 40.81325221852267], [14.209126522146173, 40.81329839812183], [14.209067456915413, 40.813343741368776], [14.209067452933292, 40.81334374441785], [14.209024075353149, 40.81337687200337], [14.20902401962413, 40.81337691784062], [14.208974812275516, 40.81342046152291], [14.20897475258526, 40.813420518923515], [14.208915543932013, 40.81348237736419], [14.208915499067334, 40.81348242276376], [14.208882163186148, 40.81351509643408], [14.208861487202052, 40.813535362101156], [14.20886133977004, 40.81353549300017], [14.208861180166254, 40.813535608747216], [14.208861009941677, 40.81353570821752], [14.208860830750494, 40.813535790444455], [14.208860644334033, 40.81353585462896], [14.208860452503828, 40.81353590014732], [14.208860257124027, 40.81353592655719], [14.208860060093269, 40.81353593360195], [14.208859863326236, 40.81353592121311], [14.20885966873505, 40.81353588951108], [14.208742752648323, 40.813510871152225], [14.208742739504235, 40.81351086829332], [14.208624726372145, 40.81348478390618], [14.20862452673969, 40.813484728800276], [14.208624333876031, 40.813484653345746], [14.208624149849136, 40.81348455835164], [14.208560058391747, 40.81344715067873], [14.208559944116045, 40.813447093446754], [14.208454329831975, 40.813402403843256], [14.208454251635183, 40.813402374542655], [14.20835809552699, 40.8133708583034], [14.208357928763204, 40.81337079528339], [14.208357768273762, 40.81337071766367], [14.208357615333819, 40.81337062606097], [14.208357471158545, 40.81337052120311], [14.208291667560502, 40.813318023554075], [14.208202945898476, 40.813247241613134], [14.208202873040188, 40.813247180598694], [14.208171784224989, 40.81321986310934], [14.208047057948276, 40.81311026382705], [14.208046957049255, 40.81311018598568], [14.207990749821674, 40.81307228455188], [14.207990708944747, 40.81307225982658], [14.207990667976542, 40.813072284400405], [14.207945936891289, 40.81310220700496], [14.20794576934936, 40.81310230759485], [14.207945592790347, 40.81310239135367], [14.20794540889989, 40.813102457481754], [14.207945219433617, 40.81310250534778], [14.207945026200395, 40.813102534494746], [14.20794483104505, 40.8131025446444], [14.207944635830758, 40.81310253569983], [14.207944442421265, 40.81310250774643], [14.207944252663081, 40.81310246105108], [14.207944068367855, 40.81310239605959], [14.207943891295082, 40.81310231339244], [14.207871623414674, 40.81306416894377], [14.207871576673517, 40.813064147316794], [14.207871525377996, 40.81306415192368], [14.207826631771473, 40.81307056376399], [14.20782643518439, 40.81307058199753], [14.207826237757414, 40.8130705807597], [14.20782604141442, 40.81307056006257], [14.207825848068715, 40.81307052010782], [14.207825659604405, 40.81307046128481], [14.207825477858025, 40.81307038416674], [14.207825304600643, 40.81307028950512], [14.207825141520608, 40.8130701782224], [14.207824990207092, 40.81307005140299], [14.207824852134605, 40.813069910282714], [14.207824728648628, 40.81306975623676], [14.207703773174996, 40.812902583854935], [14.207623662440607, 40.81279186349647], [14.207623545508481, 40.812791682006576], [14.207604227427543, 40.812757812806026], [14.207604137053131, 40.812757634127095], [14.207604064998028, 40.81275744730697], [14.207604011984476, 40.81275725421823], [14.207603978543851, 40.8127570567963], [14.207603965011343, 40.812756857020005], [14.207603971522593, 40.8127566568918], [14.207603998012337, 40.812756458417645], [14.207604044215058, 40.81275626358694], [14.20762996848906, 40.812667090853864], [14.207629979203217, 40.812667046379545], [14.207629960764207, 40.81266700451353], [14.20761722547906, 40.81264138923956], [14.207617148232963, 40.812641213095525], [14.207617088264017, 40.81264103034595], [14.207617046126844, 40.812640842680985], [14.20761702221114, 40.81264065183623], [14.207617016738094, 40.8126404595767], [14.207617029758318, 40.81264026768049], [14.207617061151398, 40.812640077922346], [14.207617110626996, 40.81263989205721], [14.207617177727542, 40.81263971180407], [14.207617261832462, 40.812639538829956], [14.20761736216392, 40.812639374734616], [14.207617477794004, 40.81263922103568], [14.207617607653322, 40.81263907915461], [14.20761775054088, 40.81263895040358], [14.207617905135193, 40.812638835973345], [14.207618070006507, 40.812638736922196], [14.207618243630026, 40.81263865416619], [14.207618424400003, 40.81263858847072], [14.207618610644603, 40.81263854044333], [14.20768996410365, 40.812623758797194], [14.20769001242639, 40.812623746211905], [14.207690051909049, 40.812623715640605], [14.207736143249411, 40.81258414834683], [14.207736179350766, 40.812584114007734], [14.207736179068984, 40.812584064184], [14.207733398543112, 40.81253504251066], [14.207733396848493, 40.81253485142498], [14.20773341339835, 40.81253466104979], [14.207733448041596, 40.81253447312306], [14.20773350046197, 40.8125342893604], [14.207733570180915, 40.81253411143941], [14.20773365656196, 40.81253394098436], [14.207733758816515, 40.81253377955135], [14.207733876011085, 40.81253362861413], [14.207734007075782, 40.81253348955064], [14.207734150814098, 40.8125333636304], [14.207780378905444, 40.81249661671597], [14.207780417756995, 40.81249658238737], [14.207780452831495, 40.8124965442078], [14.207816265077385, 40.81245324058743], [14.20781639878586, 40.81245309431536], [14.207816546313897, 40.81245296199395], [14.207816706213011, 40.8124528449224], [14.207816876913254, 40.81245274425014], [14.20781705673863, 40.812452660965626], [14.207937552701942, 40.8124039505824], [14.207937581277935, 40.81240393928519], [14.208071556376817, 40.812352160177205], [14.208071599111715, 40.81235214130961], [14.20807163757101, 40.81235211479285], [14.208127147884888, 40.81230986360502], [14.20812718358835, 40.812309833606214], [14.208127170490561, 40.812309788850065], [14.208089013837036, 40.81219943350302], [14.208088955959248, 40.81219923270033], [14.20808891935037, 40.812199026954495], [14.208088904410094, 40.81219881851183], [14.208088911301537, 40.81219860964808], [14.208095050208422, 40.81212677447781], [14.208095051978404, 40.812126728616185], [14.208095025502447, 40.81212669112694], [14.20806452540671, 40.812087519320485], [14.208003752852076, 40.81200946647822], [14.208003650938785, 40.81200932298054], [14.208003562036081, 40.812009171078564], [14.207961914223823, 40.811930235687754], [14.207961888772687, 40.811930192845345], [14.207961845759703, 40.8119301676838], [14.207890136866972, 40.81189294880249], [14.20789009399816, 40.81189292910441], [14.207890048191544, 40.81189294039652], [14.207802373943998, 40.811919077538356], [14.207802182161977, 40.81191912454044], [14.20780198667984, 40.81191915240211], [14.207801789403023, 40.8119191608518], [14.207801592254464, 40.811919149807146], [14.20780139715584, 40.811919119375794], [14.20780120600886, 40.811919069854376], [14.207801020676701, 40.8119190017256], [14.207800842965868, 40.81191891565354], [14.20780067460858, 40.811918812477174], [14.207800517245875, 40.8119186932022], [14.207800372411633, 40.811918558991245], [14.207800241517607, 40.811918411152504], [14.207760046814428, 40.811868224947865], [14.207759930563538, 40.81186806404071], [14.207759830836256, 40.81186789240198], [14.207759748615027, 40.81186771172256], [14.20775968470984, 40.81186752378238], [14.20775963975025, 40.81186733043291], [14.207759614179167, 40.81186713357889], [14.207759608248502, 40.811866935159614], [14.20775962201668, 40.81186673712977], [14.207759655348065, 40.81186654144022], [14.207759707914297, 40.811866350018754], [14.207759779197533, 40.81186616475116], [14.20775986849553, 40.81186598746255], [14.207759974928587, 40.81186581989947], [14.207760097448196, 40.811865663712624], [14.20776023484737, 40.811865520440676], [14.207760385772547, 40.811865391495054], [14.207804640194329, 40.81183123103947], [14.20780467703887, 40.811831199546056], [14.20780467056383, 40.81183115151037], [14.207740413058694, 40.811485617508616], [14.207740401557233, 40.81148556946373], [14.20774035325635, 40.811485559089455], [14.207662289162457, 40.81147292369958], [14.207662091431306, 40.81147288133893], [14.207661898988421, 40.81147281922799], [14.20766171380115, 40.81147273800172], [14.20766153776266, 40.8114726384905], [14.207661372672593, 40.811472521711636], [14.20766122021867, 40.81147238885895], [14.207661081959426, 40.811472241290616], [14.20766095930829, 40.81147208051521], [14.207570549996744, 40.81134024462217], [14.207570522030446, 40.81134020768221], [14.207570480387146, 40.81134018737183], [14.207485489044009, 40.81130356263392], [14.207485444293678, 40.81130354587465], [14.207485397703348, 40.81130355649565], [14.20744707745617, 40.811314272374446], [14.20744703688753, 40.81131428561438], [14.207446999310708, 40.81131430550885], [14.207390934303337, 40.81134710884191], [14.207390759604111, 40.81134719982005], [14.207390576803038, 40.81134727317268], [14.207390387673136, 40.81134732818833], [14.207390194048822, 40.8113473643334], [14.207389997808097, 40.811347381257306], [14.207389800854338, 40.8113473787959], [14.207389605097845, 40.81134735697306], [14.207389412437298, 40.81134731600044], [14.207389224741355, 40.811347256275454], [14.207389043830519, 40.811347178377375], [14.207315753196575, 40.81131124406618], [14.207315711814358, 40.81131122605106], [14.207315668040634, 40.81131121584057], [14.20717988097526, 40.81128590766176], [14.207179684033724, 40.81128586052707], [14.207179492868049, 40.811285793718895], [14.207129995286138, 40.811265629109336], [14.207129955175935, 40.81126561473385], [14.207129913985382, 40.81126560383357], [14.2070109602872, 40.81123950493572], [14.207010831796488, 40.811239485400186], [14.206873900185421, 40.81122770991057], [14.206873706941174, 40.81122768375044], [14.206873517163174, 40.81122763889508], [14.206785564902901, 40.81120226511029], [14.206785381950565, 40.811202202603695], [14.206785205888353, 40.81120212272424], [14.206785038361508, 40.811202026218346], [14.206784880935507, 40.811201913987844], [14.206784735081445, 40.81120178708149], [14.206784602162278, 40.81120164668517], [14.206784483420089, 40.81120149411085], [14.206784379964484, 40.81120133078428], [14.20678429276222, 40.81120115823169], [14.206765489187203, 40.811159004113186], [14.206765417017122, 40.81115881782895], [14.206765363791396, 40.811158625274125], [14.206765330041087, 40.81115842836994], [14.206765316102942, 40.81115822908104], [14.20676532211603, 40.811158029395834], [14.206765348020358, 40.8111578313067], [14.206765393557461, 40.81115763679009], [14.206765458272987, 40.81115744778682], [14.206765541521234, 40.81115726618266], [14.206765642471584, 40.81115709378961], [14.206765760116799, 40.81115693232772], [14.206765893283059, 40.81115678340799], [14.20676604064169, 40.81115664851628], [14.206823966101306, 40.81110871455126], [14.206824127341244, 40.81110859425561], [14.206824299850147, 40.81110849076628], [14.206824481882686, 40.81110840513032], [14.206824671597172, 40.81110833821414], [14.206824867074202, 40.81110829069474], [14.206885588087022, 40.81109672896081], [14.206885608886825, 40.811096724771225], [14.206962624921877, 40.81108035974004], [14.206962670207885, 40.8110803477197], [14.206962648102078, 40.81108030640802], [14.20693023993423, 40.81102641322208], [14.206930146249423, 40.811026238333255], [14.20693007035328, 40.81102605502281], [14.206930012992677, 40.81102586509465], [14.206929974732084, 40.81102567041781], [14.206929955948015, 40.81102547290806], [14.206929956825316, 40.81102527450903], [14.206929977355356, 40.81102507717312], [14.206930017336104, 40.811024882842254], [14.20693007637412, 40.8110246934288], [14.206930153888424, 40.81102451079672], [14.206930249116223, 40.81102433674325], [14.206930361120401, 40.8110241729812], [14.206930488798756, 40.811024021122115], [14.20693063089484, 40.8110238826604], [14.206930786010322, 40.81102375895861], [14.206930952618752, 40.81102365123408], [14.20693112908058, 40.81102356054688], [14.206931313659291, 40.81102348778945], [14.206931504538495, 40.811023433677775], [14.206931699839801, 40.811023398744354], [14.2069318976413, 40.81102338333295], [14.20693209599648, 40.811023387595235], [14.206932292953379, 40.81102341148925], [14.207031229302029, 40.81104042989526], [14.207031403454991, 40.81104046791225], [14.207031573531273, 40.811040521284575], [14.207031738179849, 40.81104058958825], [14.207031896092811, 40.81104067228071], [14.207060244177585, 40.81105716684375], [14.207060351044536, 40.8110572207313], [14.207126216103058, 40.811085621630696], [14.207126259943692, 40.81108563807609], [14.207126295686844, 40.81108560782929], [14.207183766001616, 40.8110320113094], [14.207183883260027, 40.811031910153], [14.207184007993678, 40.811031818372456], [14.207218809380906, 40.811008231867845], [14.207218829074405, 40.811008218690226], [14.20726789839099, 40.81097580384614], [14.207267937286456, 40.81097577534354], [14.207267966342233, 40.810975736859504], [14.207321709241103, 40.810896857011805], [14.207321734509465, 40.81089681575561], [14.20732175565989, 40.81089677224435], [14.207394306087535, 40.81072703112778], [14.207394345356898, 40.81072692217368], [14.207429448511995, 40.810608398653756], [14.207429459886837, 40.81060835162224], [14.207429415135621, 40.810608333219], [14.207361722734792, 40.810584425018234], [14.207361676681252, 40.81058441126291], [14.207361636918918, 40.81058443826465], [14.207307799302146, 40.81062501125098], [14.2073077665806, 40.81062503539289], [14.207277806509582, 40.81064667300651], [14.207277642240555, 40.81064677980519], [14.207277468309615, 40.810646870017706], [14.207277286386073, 40.81064694277825], [14.207277098215958, 40.81064699738849], [14.207276905605239, 40.8106470333243], [14.207276710402516, 40.81064705024078], [14.207276514481256, 40.810647047975586], [14.20727631972183, 40.81064702655044], [14.20727612799345, 40.810646986170994], [14.207275941136249, 40.810646927224774], [14.207275760943597, 40.81064685027752], [14.207275589144905, 40.810646756067754], [14.207275427389025, 40.810646645499645], [14.207275277228419, 40.81064651963439], [14.207183004483921, 40.81056114124545], [14.207182852211545, 40.81056098403494], [14.207182718029133, 40.81056081112716], [14.207136427219682, 40.81049389913542], [14.207104408610999, 40.810447615577196], [14.207104272599361, 40.81044738810256], [14.20705753677947, 40.81035596746587], [14.207057455220546, 40.81035578623468], [14.207057392050762, 40.81035559780384], [14.207057347893866, 40.81035540403395], [14.207057323185868, 40.81035520683832], [14.207057318170742, 40.81035500816408], [14.207057332898005, 40.81035480997299], [14.20705736722224, 40.810354614222], [14.207057420804524, 40.81035442284399], [14.207057493115776, 40.81035423772867], [14.207102477833276, 40.81025407156092], [14.20710249470834, 40.81025402849782], [14.20710245189728, 40.81025401099339], [14.207034754767276, 40.81023010167234], [14.207034709613726, 40.81023008813697], [14.20703467012089, 40.81023011387332], [14.20697985088346, 40.81026973310722], [14.206979783961344, 40.810269779430165], [14.206942383171691, 40.810294557721534], [14.206942348296623, 40.81029458306092], [14.206942315739626, 40.81029461131668], [14.206895364079346, 40.81033905904226], [14.206895284696492, 40.81033914344271], [14.206850983131279, 40.81039208757143], [14.20685085560443, 40.81039222615897], [14.206850715607114, 40.81039235213656], [14.206850564380744, 40.810392464387114], [14.206850403266307, 40.810392561915265], [14.206850233692466, 40.81039264385618], [14.206850057162901, 40.810392709483274], [14.206849875242971, 40.8103927582146], [14.206849689545834, 40.81039278961802], [14.206808515765655, 40.81039777208493], [14.206808319176389, 40.8103977860926], [14.20680812216296, 40.810397780683125], [14.20680792663854, 40.81039775590904], [14.206807734501846, 40.81039771201091], [14.206807547618698, 40.81039764941504], [14.206807367803895, 40.810397568729286], [14.206807196803602, 40.81039747073717], [14.206807036278379, 40.810397356390304], [14.206806887787073, 40.810397226799076], [14.206806752771662, 40.81039708322194], [14.206806632543271, 40.81039692705316], [14.20680652826942, 40.81039675980927], [14.206716739325309, 40.810235564433974], [14.206716647928197, 40.810235378251406], [14.206674118379867, 40.810136026012856], [14.206627922679136, 40.81002810753904], [14.206627854087483, 40.81002792257877], [14.206627804050761, 40.81002773176095], [14.206611505721035, 40.80995016662731], [14.206611474806232, 40.80994997254367], [14.206611463089319, 40.809949776362885], [14.20661147068343, 40.809949579979296], [14.206611497515242, 40.80994938528919], [14.206611543325662, 40.80994919417249], [14.206611607672345, 40.809949008474646], [14.206611689933956, 40.809948829988755], [14.20661178931617, 40.809948660438295], [14.20661190485935, 40.80994850146044], [14.206612035447808, 40.80994835459029], [14.206612179820572, 40.80994822124604], [14.206612336583573, 40.80994810271525], [14.206612504223102, 40.809948000142484], [14.206612681120422, 40.80994791451817], [14.206612865567406, 40.809947846669104], [14.206613055783022, 40.80994779725044], [14.206613249930543, 40.80994776673937], [14.206651739579048, 40.809943643196156], [14.206651785049434, 40.80994363613447], [14.206651801909148, 40.80994359331892], [14.206680821155276, 40.80985825524407], [14.206680897662338, 40.80985806338569], [14.206680993549151, 40.80985788044119], [14.206681107793015, 40.80985770836182], [14.206681239175433, 40.80985754898293], [14.206681386295115, 40.80985740400442], [14.206725442780712, 40.80981826120268], [14.206769412987828, 40.80977870164272], [14.206769466831549, 40.80977864941404], [14.206809086256937, 40.80973722199596], [14.20680912958233, 40.809737173643384], [14.206859190887037, 40.80967751411639], [14.206859346551804, 40.809677348675564], [14.206906383813033, 40.80963273033277], [14.2069064189558, 40.809632693370226], [14.20690643631138, 40.80963264541153], [14.206941155765595, 40.80951863501531], [14.206941167976417, 40.809518586090604], [14.206941159765135, 40.80951853633816], [14.20691689360501, 40.80940719471167], [14.206916881471392, 40.8094071494863], [14.20691684683895, 40.80940711797186], [14.206787846972436, 40.80930048399677], [14.206787808280586, 40.80930045505834], [14.206787764727675, 40.80930043413845], [14.206672196788103, 40.80925168232504], [14.206672161373966, 40.80925166894407], [14.206672125047373, 40.80925165828588], [14.206611762725935, 40.80923640879984], [14.206611720274605, 40.809236400018115], [14.206611677221098, 40.809236394955335], [14.20642294702983, 40.809222481405016], [14.206422740795388, 40.80922245536907], [14.20642253837729, 40.8092224080676], [14.206422341962183, 40.80922234001158], [14.206422153671868, 40.8092222519362], [14.206321389223655, 40.80916856762405], [14.206321190739992, 40.80916844656709], [14.206205430638574, 40.809088256369684], [14.206205390300598, 40.809088231197535], [14.206205344479672, 40.809088218499205], [14.206122507481208, 40.809069484042155], [14.206122461532038, 40.80906947592104], [14.206122420357765, 40.809069497874646], [14.206054178813385, 40.80911015640125], [14.206054139531684, 40.80911018252052], [14.206054162146462, 40.80911022391908], [14.206149711482707, 40.809266264661204], [14.206149736694492, 40.80926630192731], [14.20614977342775, 40.8092663277499], [14.206294246965644, 40.809358469545856], [14.206294397881077, 40.80935857590365], [14.206294538345627, 40.80935869572502], [14.206294667162277, 40.80935882798884], [14.206294783233266, 40.809358971567995], [14.206294885569454, 40.80935912523892], [14.206294973298748, 40.809359287692054], [14.206315220340954, 40.80940131144784], [14.206315298021227, 40.80940149570802], [14.20631535691347, 40.809401686804186], [14.20631539642896, 40.80940188282604], [14.206315416172684, 40.80940208181404], [14.206315415947273, 40.80940228177901], [14.206315395754979, 40.80940248072199], [14.206315355797656, 40.80940267665426], [14.206315296474736, 40.80940286761716], [14.206315218379242, 40.80940305170174], [14.206315122291857, 40.8094032270678], [14.20631500917312, 40.809403391962285], [14.20631488015382, 40.809403544736824], [14.206314736523705, 40.809403683864204], [14.206314579718573, 40.80940380795365], [14.20626105261993, 40.809441976099826], [14.20626103919958, 40.80944198558643], [14.206109630092577, 40.80954808376793], [14.20610946985838, 40.809548185079116], [14.206109300751733, 40.80954827076398], [14.206109124292016, 40.80954834005268], [14.206108942064674, 40.80954839232266], [14.206108755706975, 40.809548427104296], [14.206108566893288, 40.80954844408508], [14.206108377320062, 40.80954844311245], [14.206108188690557, 40.809548424195135], [14.206108002699562, 40.80954838750311], [14.205989714878195, 40.8095191659048], [14.20598953849406, 40.80951911361545], [14.205989367660942, 40.809519045339655], [14.205989203824323, 40.80951896165513], [14.205989048370487, 40.80951886326995], [14.205988902614788, 40.8095187510166], [14.205965854925479, 40.809499248202016], [14.205858910098224, 40.80941005767332], [14.205858792193137, 40.80940995112076], [14.205740279657817, 40.80929396992492], [14.20574015086678, 40.809293831367114], [14.205740035742698, 40.809293681261], [14.205639364032017, 40.809148702893864], [14.205600840529472, 40.809093223290176], [14.20560074538677, 40.8090930723113], [14.20560066408099, 40.809092913452474], [14.205549056386005, 40.80897991559272], [14.205548981704853, 40.80897972740673], [14.205548926432286, 40.80897953263459], [14.205548891134729, 40.80897933327229], [14.205548876173902, 40.80897913136286], [14.205548881703121, 40.808978928975435], [14.205548907665726, 40.80897872818404], [14.205548953795656, 40.808978531046336], [14.205549019620179, 40.808978339582566], [14.205549104464737, 40.80897815575481], [14.205549207459862, 40.8089779814469], [14.205549327550077, 40.808977818445115], [14.205549463504724, 40.80897766841986], [14.205586116641086, 40.80894112329625], [14.205586271281884, 40.80894098436747], [14.205586439508226, 40.808940862240966], [14.205586619502634, 40.808940758236176], [14.205586809320495, 40.808940673476734], [14.205587006911065, 40.808940608878366], [14.205587210139628, 40.80894056513897], [14.205702700414044, 40.80892192796712], [14.205702852354056, 40.808921909381475], [14.205703005270486, 40.808921902470665], [14.205819010622164, 40.808921103743266], [14.205819214105754, 40.80892111271398], [14.205819415621727, 40.80892114233419], [14.205819613080061, 40.80892119229669], [14.205972289051537, 40.80896821463876], [14.205972392309747, 40.80896824050844], [14.206031344662991, 40.80897971235866], [14.2060315203053, 40.80897975485501], [14.206031691394793, 40.80897981303185], [14.20603185653469, 40.808979886414235], [14.206063309582703, 40.80899560127397], [14.206063352423293, 40.808995620101044], [14.206063370972668, 40.80899557713959], [14.206089057244434, 40.80892698211826], [14.206089071644652, 40.80892693706383], [14.206089035636605, 40.80892690639306], [14.206028484599335, 40.80888024328711], [14.206028296580314, 40.808880078682634], [14.205919800771076, 40.80877240217653], [14.205919686356864, 40.8087722786402], [14.205849867721751, 40.80869021879326], [14.205849833906392, 40.80869018287753], [14.205849784881016, 40.808690177406795], [14.205807474345539, 40.80868760102282], [14.205807422170825, 40.80868760059823], [14.20580737244866, 40.80868761641274], [14.205714080191521, 40.808722797875916], [14.205713887308605, 40.808722859653976], [14.205713689166624, 40.808722901607574], [14.205713487797544, 40.80872292330647], [14.20571328526642, 40.808722924528126], [14.205713083650226, 40.80872290526003], [14.205712885016556, 40.80872286569978], [14.205712691402416, 40.80872280625305], [14.205712504793333, 40.80872272752949], [14.205712327103, 40.80872263033641], [14.205712160153649, 40.80872251567054], [14.20571200565736, 40.80872238470778], [14.205711865198502, 40.80872223879116], [14.205711740217497, 40.80872207941709], [14.205711631996035, 40.80872190821994], [14.205673019882612, 40.8086533729527], [14.20567291824594, 40.80865316533534], [14.205672841244454, 40.808652947377205], [14.205653655905225, 40.808586671943964], [14.205653618249832, 40.808586519769094], [14.20565359262876, 40.80858636511245], [14.205649552494046, 40.808554205266425], [14.205645972796425, 40.80852571482479], [14.205645957802703, 40.80852551482966], [14.205645962914293, 40.808525314338425], [14.205645988079795, 40.80852511536717], [14.205646033046149, 40.808524919916685], [14.205646097361189, 40.80852472995238], [14.205646180378181, 40.808524547384465], [14.205646281262329, 40.8085243740488], [14.205646398999171, 40.8085242116884], [14.205646532404778, 40.80852406193591], [14.205646680137662, 40.80852392629721], [14.205646840712262, 40.80852380613623], [14.205647012513886, 40.80852370266128], [14.205647193814947, 40.80852361691287], [14.205647382792332, 40.808523549753275], [14.205647577545738, 40.80852350185783], [14.20573689384835, 40.80850623349168], [14.205736959465069, 40.8085062184976], [14.205798595967684, 40.808489932508174], [14.205838098741532, 40.80847946976926], [14.205880530022053, 40.80846823047488], [14.205880575375424, 40.80846821606251], [14.20588059327317, 40.808468171968116], [14.205890611726629, 40.80843956180146], [14.205907227195812, 40.808392118835364], [14.205907299316467, 40.80839194081061], [14.205907388182169, 40.80839177052528], [14.205907492973262, 40.808391609550036], [14.205907612723202, 40.80839145936963], [14.205907746327467, 40.80839132136925], [14.205907892553752, 40.808391196821766], [14.205908050053331, 40.80839108687593], [14.2059082173735, 40.808390992545846], [14.20590839297097, 40.80839091470157], [14.205908575226113, 40.8083908540611], [14.205908762457886, 40.80839081118376], [14.20590895293935, 40.808390786465026], [14.205909144913585, 40.808390780132896], [14.205909336609912, 40.808390792245774], [14.205909526260207, 40.80839082269194], [14.205952407373566, 40.80839983785187], [14.205995835602597, 40.80840896814981], [14.205995972824324, 40.80840898718152], [14.206066755643121, 40.8084138367946], [14.206066806334983, 40.80841383765416], [14.206066850886552, 40.80841381345609], [14.206144163841866, 40.808366516784425], [14.20614417344665, 40.8083665108338], [14.206198684881686, 40.808332310678196], [14.206198724784397, 40.80833228277363], [14.206198727776204, 40.80833223417383], [14.206199563274184, 40.80825980826358], [14.206199561480355, 40.80825976000457], [14.20619954586403, 40.80825971430676], [14.206183785452625, 40.80822002252377], [14.206145364819148, 40.80812326917694], [14.206145315420637, 40.80812313000526], [14.206145276426124, 40.808122987567906], [14.206094203509542, 40.80790514611615], [14.206094169764665, 40.80790496501599], [14.206094152826118, 40.807904781579175], [14.206094152837608, 40.80790459736196], [14.2061001769107, 40.807774109356956], [14.206100176734887, 40.807774060317726], [14.206100153191128, 40.80777401729953], [14.206067946439836, 40.80772154379396], [14.206067919197029, 40.80772150398253], [14.206067870968226, 40.807721505033875], [14.205976271220607, 40.80772805822461], [14.20589414777381, 40.8077338645938], [14.205894097101387, 40.8077338675308], [14.205739460762864, 40.807740862795825], [14.205739261066434, 40.80774086184938], [14.205739062459864, 40.80774084099297], [14.20573886692324, 40.807740800434516], [14.20568023613855, 40.80772555026681], [14.205680195031466, 40.807725541405865], [14.20568015316906, 40.80772553958881], [14.205583936474241, 40.80772539314568], [14.205583889764599, 40.807725394166155], [14.20548297571948, 40.80772995953833], [14.205482788496877, 40.807729959236255], [14.205482602122844, 40.80772994142854], [14.205482418230597, 40.807729906271234], [14.205482238431602, 40.80772985407242], [14.205482064301455, 40.80772978528953], [14.205481897366074, 40.80772970052531], [14.205481739088333, 40.80772960052255], [14.205481590855232, 40.8077294861576], [14.205481453965758, 40.80772935843263], [14.205395214461696, 40.80764098802373], [14.205313989717116, 40.8075577544501], [14.20531386681925, 40.80755761627182], [14.20531375720935, 40.80755746733294], [14.205313661824503, 40.807557308906766], [14.205221318243245, 40.80738653305916], [14.205221234619831, 40.807386358768134], [14.205221168213793, 40.80738617721794], [14.205221119645532, 40.80738599010471], [14.2052210893688, 40.80738579917657], [14.205205524062595, 40.80724345858799], [14.205205512313361, 40.80724326143289], [14.205205520067217, 40.80724306408027], [14.205205547248545, 40.80724286845472], [14.205205593592272, 40.807242676464], [14.205205658646454, 40.8072424899804], [14.205205741776677, 40.80724231082253], [14.205266013164922, 40.80712761657798], [14.205266033291734, 40.80712757335279], [14.205266040294324, 40.807127526188495], [14.205284086650698, 40.80694644800595], [14.205284114280003, 40.806946260926274], [14.205284159455234, 40.80694607729245], [14.205284221772501, 40.806945898746264], [14.205284300674656, 40.80694572688401], [14.205284395456266, 40.80694556324224], [14.205284505269935, 40.80694540928399], [14.205284629133866, 40.80694526638574], [14.205323417434721, 40.80690457517659], [14.205323433919938, 40.80690455745817], [14.205373348558217, 40.80684958977587], [14.205373510045337, 40.806849431012296], [14.205421609992653, 40.8068072229172], [14.205421766397869, 40.80680709892059], [14.205497217979731, 40.80675318660353], [14.205552018225276, 40.80671403223585], [14.205552054574445, 40.8067140035534], [14.205552047847553, 40.80671395774189], [14.20553111221331, 40.80660709306014], [14.20553108592187, 40.80660691819646], [14.205531075178575, 40.806606741693976], [14.205529648201605, 40.80652063651627], [14.205529655354809, 40.806520431166646], [14.205529683539432, 40.80652022763467], [14.205529732457988, 40.80652002806861], [14.205529801594146, 40.80651983457487], [14.205529890218179, 40.80651964919575], [14.205529997394668, 40.80651947388792], [14.205530121992377, 40.80651931050173], [14.205530262696188, 40.8065191607617], [14.205530418020984, 40.806519026248345], [14.205530586327328, 40.80651890838142], [14.205572082485299, 40.80649291873357], [14.205572131661004, 40.806492885869766], [14.20562683881125, 40.80645393622495], [14.205626992977743, 40.80645383679174], [14.205627155606656, 40.80645375190294], [14.205627325329699, 40.806453682272775], [14.205627500718894, 40.806453628487084], [14.205627680298594, 40.80645359099839], [14.205778685073529, 40.80642923378174], [14.205778883111817, 40.806429211890844], [14.205779082345492, 40.80642920981311], [14.205779280797243, 40.806429227569154], [14.205779476497517, 40.80642926498276], [14.205779667504066, 40.80642932168261], [14.20577985192123, 40.80642939710597], [14.205818357527287, 40.80644743350327], [14.205909525825705, 40.806490137645355], [14.205909568064536, 40.806490155097315], [14.205909613652631, 40.80649015187078], [14.205963484365858, 40.80648382527041], [14.205963525897902, 40.80648381860743], [14.205963565576125, 40.806483805102914], [14.20605548008916, 40.80644816323223], [14.206055557872498, 40.80644813490746], [14.20614616918649, 40.806417247259944], [14.206192509676587, 40.8064014518628], [14.206192554819614, 40.80640143391952], [14.206192568972869, 40.80640138744865], [14.206220727555433, 40.80628915107825], [14.206239380332434, 40.806214797819614], [14.206239389026084, 40.806214755463536], [14.206239390261956, 40.80621471240466], [14.206238232975373, 40.80613397308072], [14.206238239306126, 40.806133782855376], [14.206238263690565, 40.8061335940932], [14.206254386022085, 40.80604297449589], [14.206254430291585, 40.806042781581695], [14.206254493412517, 40.806042593987925], [14.20625457476668, 40.80604241355186], [14.206254673557298, 40.80604224204066], [14.206254788816821, 40.806042081134116], [14.206254919416411, 40.80604193240812], [14.206255064076982, 40.80604179731928], [14.206276925965778, 40.80602331991388], [14.206276960637286, 40.80602329127196], [14.206305355728615, 40.80600036645981], [14.206328866698327, 40.805981385376654], [14.206329036720545, 40.80598126227034], [14.206329218709204, 40.80598115766228], [14.206329410659572, 40.80598107270479], [14.206329610457187, 40.805981008333745], [14.206426210369212, 40.805955395639096], [14.206426252422764, 40.805955382466806], [14.206426289529624, 40.80595535869527], [14.206494096741686, 40.805907549542255], [14.206494264335987, 40.805907443413034], [14.20649444161946, 40.80590735440836], [14.206494626848025, 40.805907283403855], [14.206494818199438, 40.80590723109805], [14.206495013791221, 40.8059071980055], [14.206495211699174, 40.80590718445179], [14.206495409976318, 40.80590719057024], [14.20649560667204, 40.80590721630067], [14.20649579985128, 40.80590726138994], [14.206495987613579, 40.80590732539447], [14.206496168111766, 40.80590740768461], [14.206496339570133, 40.80590750745078], [14.206496500301904, 40.80590762371152], [14.20649664872583, 40.80590775532307], [14.206496783381743, 40.805907900990654], [14.206496902944924, 40.805908059281236], [14.20649700623913, 40.80590822863757], [14.206497092248176, 40.80590840739357], [14.206497160125917, 40.80590859379065], [14.206497209204585, 40.805908785995086], [14.206508130282081, 40.80596255344504], [14.206508144000214, 40.80596261191955], [14.20651798561017, 40.80599953678609], [14.206517998491998, 40.805999577069734], [14.206518014209957, 40.80599953780581], [14.206545630065959, 40.8059193718852], [14.206545705635396, 40.805919183995854], [14.206545799818409, 40.80591900471198], [14.206545911649318, 40.80591883587183], [14.206546039981486, 40.80591867920658], [14.206585676786354, 40.805875003699406], [14.206585705905432, 40.8058749682886], [14.206585665756052, 40.80587494615535], [14.2065503306681, 40.80585765610362], [14.206550154814412, 40.805857558814], [14.206549989612466, 40.80585744436704], [14.206549836730378, 40.80585731391837], [14.206549697711866, 40.805857168785174], [14.206549573960663, 40.805857010432945], [14.20654946672634, 40.80585684046063], [14.20654937709169, 40.8058566605845], [14.206549305961794, 40.805856472620874], [14.206549254054881, 40.80585627846768], [14.20654922189508, 40.805856080085384], [14.206549209807125, 40.80585587947713], [14.20654921791307, 40.80585567866856], [14.206549246131067, 40.80585547968732], [14.206549294176185, 40.80585528454261], [14.206549361563292, 40.805855095204905], [14.20654944761195, 40.805854913586025], [14.20654955145329, 40.80585474151986], [14.206549672038774, 40.80585458074383], [14.206549808150799, 40.805854432881375], [14.2066022678183, 40.805802899743], [14.206602349576688, 40.80580282379267], [14.206651692256766, 40.80575948704485], [14.206651724006278, 40.80575945656513], [14.206651746631982, 40.805759418814304], [14.206686628588093, 40.80569489865012], [14.206686648697172, 40.8056948567875], [14.206686622317019, 40.805694818565286], [14.206652349849275, 40.80564991439735], [14.206652245692615, 40.80564976415915], [14.206652155689374, 40.805649605037985], [14.206652080591534, 40.805649438363325], [14.206652021026537, 40.80564926552774], [14.206651977492053, 40.80564908797528], [14.20665195035181, 40.8056489071894], [14.20665193983257, 40.80564872468057], [14.206651565585146, 40.805617155640284], [14.206651572416671, 40.80561696508018], [14.206651597364731, 40.805616776036764], [14.20665164020255, 40.80561659022842], [14.20665170054073, 40.80561640934413], [14.206651777830805, 40.80561623502814], [14.20665187137021, 40.805616068864964], [14.206651980308676, 40.80561591236503], [14.206652103655955, 40.80561576695089], [14.206652240290827, 40.805615633944385], [14.206652388971289, 40.80561551455451], [14.206652548345842, 40.80561540986653], [14.206652716965776, 40.805615320832054], [14.206652893298344, 40.805615248260395], [14.206653075740691, 40.805615192811224], [14.206653262634427, 40.80561515498858], [14.206764074532106, 40.80559818183248], [14.206818331843953, 40.8055898708825], [14.206818378081579, 40.80558986145032], [14.206818377652949, 40.805589814262355], [14.206816255260874, 40.80555346370843], [14.206809733985626, 40.80544175481672], [14.20680972915117, 40.80544170938819], [14.206809683491814, 40.80544170785733], [14.206666191598316, 40.80544374461231], [14.206665999866313, 40.805443738132084], [14.206665809637226, 40.80544371331175], [14.206665622661312, 40.80544367037969], [14.206665440658899, 40.805443609730894], [14.206665265304549, 40.8054435319234], [14.206665098211664, 40.805443437673084], [14.206664940917628, 40.80544332784713], [14.20666479486967, 40.805443203456015], [14.20666466141155, 40.80544306564424], [14.206664541771184, 40.80544291567979], [14.206664437049358, 40.80544275494245], [14.206664348209598, 40.80544258491112], [14.206664276069297, 40.80544240715024], [14.206555126493333, 40.80513141581523], [14.206555109602267, 40.805131373877174], [14.206555085508468, 40.80513133583996], [14.206522238112427, 40.80508429884806], [14.206522141817684, 40.80508414681361], [14.206522059579314, 40.80508398673862], [14.206521992063184, 40.80508381991919], [14.206496022766437, 40.80501030462469], [14.206496004581966, 40.805010260336594], [14.20649595785888, 40.80501027078017], [14.206379940326991, 40.80504237270991], [14.20637973609598, 40.80504241787197], [14.206379528265161, 40.80504244145729], [14.20637931910768, 40.80504244320792], [14.206379110911191, 40.80504242310471], [14.20637890595284, 40.80504238136754], [14.206378706474357, 40.805042318452905], [14.206239959258847, 40.8049904361602], [14.206239797302958, 40.80499036733418], [14.206239642023895, 40.80499028453837], [14.206239494623784, 40.80499018841377], [14.206139648351407, 40.80491862328133], [14.206139476704394, 40.804918485337645], [14.206139321262855, 40.80491832935981], [14.206139183911178, 40.8049181572387], [14.20613906631445, 40.80491797106092], [14.206063746082323, 40.80478277051525], [14.2060636601018, 40.804782596897596], [14.206063591323419, 40.80478241577533], [14.206063540392595, 40.80478222884809], [14.206063507787261, 40.80478203787], [14.20606349381338, 40.80478184463317], [14.206063498602084, 40.80478165095093], [14.206067962350911, 40.80472075787213], [14.206069970919657, 40.8046933648187], [14.206069994291552, 40.804693173314305], [14.206070036006231, 40.80469298495279], [14.206070095675539, 40.80469280148685], [14.20607017274425, 40.804692624623655], [14.206070266495233, 40.80469245600892], [14.206070376056134, 40.804692297211616], [14.206070500407485, 40.80469214970935], [14.206070638392188, 40.80469201487465], [14.20607078872629, 40.80469189396214], [14.206070950010927, 40.80469178809694], [14.206071120745339, 40.80469169826411], [14.206071299340833, 40.80469162529956], [14.20607148413557, 40.80469156988222], [14.206189829550842, 40.80466221938554], [14.206247417419902, 40.804647917821214], [14.206247463511044, 40.80464790387683], [14.20624745711391, 40.80464785614927], [14.206220943938073, 40.80450508022468], [14.206220933547279, 40.80450503581319], [14.206220901355273, 40.804505003591665], [14.206179555682938, 40.804467249135], [14.206179416555143, 40.80446710887866], [14.206179291943426, 40.80446695558057], [14.206179183063634, 40.804466790736484], [14.206179090978118, 40.80446661595479], [14.206179016585365, 40.80446643294085], [14.206178960611231, 40.80446624348035], [14.206178923601863, 40.804466049421876], [14.206178905918366, 40.80446585265888], [14.206178907733275, 40.80446565511119], [14.206178929028885, 40.8044654587063], [14.206178969597413, 40.80446526536055], [14.206202218579401, 40.80437652588396], [14.206216845990923, 40.80432069451637], [14.20621686151521, 40.80432062534312], [14.206239823059686, 40.80419813310937], [14.206239829381566, 40.80419808795088], [14.206239810986041, 40.80419804629678], [14.206223602976124, 40.804165470534834], [14.20622352654882, 40.804165296686946], [14.206208361322846, 40.804125810747976], [14.2062083001303, 40.8041256246638], [14.20620825743516, 40.80412543348594], [14.206208233647, 40.80412523904837], [14.206208228994022, 40.804125043216295], [14.206208243520857, 40.80412484786835], [14.206208277088153, 40.8041246548785], [14.206208329373899, 40.804124466098074], [14.20620839987652, 40.80412428333804], [14.206208487919685, 40.804124108351616], [14.206208592658804, 40.804123942817434], [14.206208713089113, 40.80412378832346], [14.206208848055333, 40.80412364635174], [14.206208996262736, 40.80412351826422], [14.206209156289576, 40.80412340528962], [14.20620932660072, 40.80412330851172], [14.206209505562377, 40.80412322885889], [14.20620969145778, 40.80412316709524], [14.206209882503638, 40.80412312381328], [14.206210076867254, 40.804123099428196], [14.20621027268411, 40.804123094173924], [14.206274044543157, 40.804124507925714], [14.206274062544086, 40.80412450816269], [14.206365110309232, 40.804124887049994], [14.206365163501495, 40.804124884416424], [14.206365214913955, 40.804124870519416], [14.206487054992872, 40.80408481464639], [14.206487104739812, 40.80408479526222], [14.206487145741644, 40.80408476106628], [14.206538928978574, 40.80403661008035], [14.206539078581374, 40.80403648403521], [14.206539239782458, 40.80403637320838], [14.206539411039598, 40.804036278660156], [14.206539590714362, 40.804036201295084], [14.206539777087784, 40.804036141853324], [14.206539968376813, 40.80403610090356], [14.206540162751367, 40.80403607883756], [14.206540358351846, 40.80403607586644], [14.206540553306924, 40.80403609201861], [14.206623592052734, 40.80404708236564], [14.206741653218455, 40.80406270611865], [14.206741854570538, 40.80406274333817], [14.206742051061738, 40.80406280095034], [14.206742240632437, 40.804062878351274], [14.206742421295557, 40.804062974729646], [14.20674259115739, 40.80406308907523], [14.206742748437444, 40.80406322018945], [14.206742891487114, 40.80406336669797], [14.206767961297885, 40.80409182151218], [14.20684152531002, 40.804175318003836], [14.20684155955651, 40.80417535321363], [14.206841597101937, 40.80417538488213], [14.206913751539007, 40.8042303970678], [14.206913916220893, 40.804230537336224], [14.20691406479009, 40.80423069457027], [14.20691419550851, 40.8042308669305], [14.206972349516574, 40.80431683543015], [14.206972460963865, 40.804317021106044], [14.206972551682822, 40.80431721774303], [14.206972620609855, 40.804317423035755], [14.20698229740485, 40.80435242068235], [14.20698234352239, 40.80435263094028], [14.206982366775954, 40.80435284493677], [14.206992504399054, 40.80453901939264], [14.206992509082994, 40.80453906436042], [14.206992546208845, 40.804539038559035], [14.207056464678768, 40.80448976496711], [14.207056501583475, 40.80448973348161], [14.207056505025102, 40.80448968509312], [14.207059204911275, 40.80436362176191], [14.207059203410202, 40.80436357108224], [14.207059191668453, 40.80436352175863], [14.207004614125374, 40.80417704765533], [14.207004566352209, 40.80417691831168], [14.206950975287684, 40.804057837927104], [14.206950896060476, 40.80405763230246], [14.206909403854985, 40.803929274610944], [14.206909382368673, 40.803929219550064], [14.206909354507763, 40.803929167423945], [14.206866423130322, 40.80385918533825], [14.206866346871136, 40.80385907768846], [14.20677895097046, 40.80375153711246], [14.206739468800667, 40.80370295355546], [14.20673936969283, 40.80370282071231], [14.206739281924543, 40.80370268011931], [14.206637162686826, 40.80352292253542], [14.206637142984512, 40.80352289069706], [14.206637120950923, 40.80352286042517], [14.206486800746484, 40.803331829048446], [14.206486704778337, 40.80333169623476], [14.206486620004418, 40.80333155601086], [14.206486546993755, 40.80333140931797], [14.206472045425569, 40.803299009300275], [14.206398062453752, 40.80313371872222], [14.20639799336599, 40.80313354242883], [14.206397941259494, 40.80313336039204], [14.206397906601305, 40.80313317424347], [14.206397889702064, 40.803132985651594], [14.206397890713246, 40.803132796306784], [14.206397909625784, 40.80313260790616], [14.206397946270164, 40.803132422138376], [14.20643485560058, 40.802982966030406], [14.20643491773634, 40.80298276190082], [14.20649521877672, 40.80281697605716], [14.2064952319423, 40.80281693742399], [14.206546675240864, 40.80265524604902], [14.206546743857977, 40.802655062148155], [14.206546830171389, 40.80265488585909], [14.206546933349731, 40.80265471887985], [14.206547052399195, 40.802654562818766], [14.206613184468996, 40.80257616880987], [14.206613361140048, 40.802575984634544], [14.206660967599301, 40.8025323105153], [14.206661145952161, 40.80253216488203], [14.206751592257827, 40.80246661281175], [14.206751708458645, 40.802466534649106], [14.206809678732734, 40.80243042264908], [14.206809839729958, 40.80243033239141], [14.20681000836222, 40.802430257359994], [14.206860509270664, 40.80241052571087], [14.206860551436057, 40.802410506942934], [14.206860591685695, 40.80241048435689], [14.20690821633625, 40.802380781339444], [14.206908257105116, 40.80238075296443], [14.20690827911146, 40.80238070843405], [14.206941869905588, 40.80230312767542], [14.206941958690233, 40.80230294791196], [14.206942065026805, 40.802302777940945], [14.206942187846687, 40.802302619470474], [14.20694232591561, 40.80230247409308], [14.206942477846066, 40.80230234326972], [14.206993669681122, 40.80226255199977], [14.20704622627713, 40.80222118447731], [14.20704635948784, 40.80222108822006], [14.207046500151996, 40.802221003225064], [14.207046647319741, 40.802220930066284], [14.207203968405478, 40.80215063037084], [14.207204147052476, 40.80215056061307], [14.207204331559623, 40.8021505082871], [14.207204520230336, 40.80215047387405], [14.207204711329746, 40.80215045769038], [14.207204903100651, 40.8021504598849], [14.207205093779672, 40.80215048043742], [14.207205281613476, 40.80215051915896], [14.207205464874889, 40.80215057569346], [14.207205641878778, 40.80215064952109], [14.207205810997555, 40.802150739962975], [14.207205970676137, 40.80215084618749], [14.207206119446239, 40.80215096721786], [14.20720625593989, 40.8021511019412], [14.207206378901999, 40.8021512491187], [14.207206487201903, 40.80215140739702], [14.207206579843758, 40.80215157532076], [14.207219427405912, 40.80217775772307], [14.207219446067887, 40.802177792251136], [14.207219467385622, 40.80217782520574], [14.207237116605608, 40.802202889297945], [14.207237230487559, 40.80220307099051], [14.207276455187072, 40.802273817255085], [14.207276536624091, 40.80227398145625], [14.207276602686997, 40.80227415242322], [14.20727665282096, 40.802274328720124], [14.20727668660493, 40.80227450886633], [14.20727670375517, 40.802274691348885], [14.207283919383771, 40.802425310235996], [14.207283918213363, 40.802425523557424], [14.207283894328636, 40.80242573554072], [14.207283848001323, 40.8024259437742], [14.207283779758482, 40.80242614588881], [14.207243379039296, 40.80252759593893], [14.207243362865665, 40.80252764338267], [14.20724335652668, 40.802527693105034], [14.207225647914383, 40.802759127724926], [14.207225625478108, 40.80275931019435], [14.20719654941919, 40.80293041632353], [14.207196507109964, 40.80293060787675], [14.207196446238358, 40.80293079436363], [14.20719636739, 40.802930973990044], [14.207196271323467, 40.80293114502785], [14.20719615896298, 40.80293130583155], [14.207196031389525, 40.80293145485411], [14.207195889830446, 40.80293159066183], [14.207147265630352, 40.802973860600794], [14.207147223891239, 40.80297389901783], [14.207116307351567, 40.803004019102424], [14.207116277213776, 40.803004051189625], [14.207116260153212, 40.80300409167716], [14.20708331507225, 40.803093021988936], [14.20708330100376, 40.80309306654312], [14.207083343877578, 40.803093085112614], [14.207158020112182, 40.80312117617717], [14.207158070625358, 40.803121192142584], [14.207158123199859, 40.80312118563142], [14.20722644367786, 40.80310897295407], [14.207226498526675, 40.80310895989652], [14.20722654902197, 40.80310893481448], [14.207277702943957, 40.803079792092646], [14.207277743469007, 40.80307976629225], [14.207277753880224, 40.80307971939288], [14.207305665884691, 40.802916489349485], [14.207305675870607, 40.802916413650905], [14.207323372253047, 40.80272659486653], [14.207323373413853, 40.80272658143641], [14.20733431459072, 40.802589209474874], [14.207334339518823, 40.80258901614195], [14.207334383149654, 40.802588826154114], [14.20733444506873, 40.80258864131619], [14.207334524687832, 40.802588463384105], [14.2073346212506, 40.802588294048164], [14.207334733839714, 40.80258813491702], [14.2073348613856, 40.802587987502385], [14.20737562989144, 40.80254526645931], [14.207375737390462, 40.802545161951485], [14.207424170343323, 40.80250148589993], [14.207424203989524, 40.80250145245544], [14.207424199902805, 40.80250140519129], [14.207408432861941, 40.802385185855925], [14.207408422421404, 40.80238513169144], [14.207408400295389, 40.802385081161894], [14.207382241446613, 40.80233336756925], [14.207326066524066, 40.802222317315234], [14.207326051170426, 40.802222288165574], [14.207292610191477, 40.80216125883298], [14.207292586607938, 40.80216122010595], [14.207292550796899, 40.80216119244689], [14.207264085347507, 40.802141198786565], [14.207263932720798, 40.80214108016884], [14.207263792257994, 40.80214094737096], [14.207263665271189, 40.80214080163343], [14.207263552946605, 40.80214064431762], [14.207263456333495, 40.80214047689306], [14.207263376334348, 40.8021403009237], [14.207263313696458, 40.80214011805334], [14.207263269004942, 40.8021399299902], [14.207263242677277, 40.80213973849103], [14.207263234959393, 40.80213954534468], [14.207263245923388, 40.80213935235539], [14.207263275466843, 40.80213916132591], [14.207263323313787, 40.80213897404071], [14.207263389017266, 40.802138792249266], [14.207263471963527, 40.80213861764974], [14.207263571377746, 40.80213845187311], [14.20726368633127, 40.80213829646795], [14.207263815750284, 40.80213815288594], [14.207305389813653, 40.80209628774312], [14.207305400747728, 40.80209627681726], [14.207398258953512, 40.80200420275976], [14.207398314381257, 40.80200414986667], [14.207446199772317, 40.80196017548716], [14.20744623659002, 40.80196013786802], [14.20744625454546, 40.801960088387276], [14.207469739141558, 40.80188274236816], [14.207469751573829, 40.801882692028784], [14.207469737021352, 40.801882642260914], [14.207452454495387, 40.80183333659836], [14.207361155598337, 40.801572865151705], [14.207361102197448, 40.80157268653334], [14.207361065660383, 40.80157250371863], [14.207361046304616, 40.80157231829606], [14.20736104429833, 40.801572131876775], [14.207368458554194, 40.801365479920996], [14.207368473755778, 40.80136529535277], [14.207368505964254, 40.8013651129819], [14.207368554903464, 40.80136493437206], [14.207368620153796, 40.801364761054685], [14.20739108770929, 40.801312551700484], [14.207445501158762, 40.8011861040721], [14.20744551739941, 40.801186060944374], [14.207445525382134, 40.8011860157566], [14.207457067061604, 40.80109706037766], [14.207457069704192, 40.8010970380451], [14.20746159258581, 40.80105474501023], [14.207461621997588, 40.80105455600447], [14.207461669330726, 40.80105437067287], [14.207461734152266, 40.801054190710666], [14.207461815869284, 40.801054017763974], [14.207461913734306, 40.80105385341476], [14.20746202685216, 40.801053699166324], [14.207462154188145, 40.80105355642959], [14.207462294577514, 40.80105342651019], [14.207462446736118, 40.80105331059648], [14.207462609272152, 40.801053209748744], [14.207462780698892, 40.80105312488944], [14.207462959448286, 40.80105305679479], [14.207463143885303, 40.80105300608765], [14.207463332322888, 40.80105297323183], [14.207463523037392, 40.80105295852789], [14.207463714284337, 40.801052962110305], [14.207463904314379, 40.80105298394632], [14.207464091389298, 40.8010530238362], [14.207573685398536, 40.8010819344324], [14.207573829704048, 40.801081961342014], [14.207625831648743, 40.80108774668546], [14.207626021999944, 40.80108777721117], [14.20762620852783, 40.80108782592201], [14.207626389499309, 40.801087892365395], [14.207626563232909, 40.80108797592397], [14.207626728114409, 40.80108807582136], [14.207626882611839, 40.801088191129395], [14.207627025289709, 40.80108832077671], [14.20762715482235, 40.801088463558685], [14.207645838090917, 40.801111166892824], [14.207645872846273, 40.8011112049238], [14.207645914689015, 40.80111123498181], [14.207672104995034, 40.80112806215338], [14.20767214760873, 40.801128086651936], [14.207672192428173, 40.80112810683449], [14.207723509114862, 40.801148234527666], [14.207723554910354, 40.80114824989265], [14.207723585758542, 40.80114821272149], [14.20776676651445, 40.80109053391307], [14.207766791682985, 40.801090496703054], [14.207766749396876, 40.80109048153979], [14.207624046874741, 40.80104690412643], [14.207433611542104, 40.80098875031144], [14.207433418362946, 40.80098868028299], [14.20743323338858, 40.80098859080309], [14.207433058571509, 40.80098848281623], [14.207432895757021, 40.80098835746228], [14.207432746663715, 40.80098821606442], [14.207432612865347, 40.80098806011517], [14.207281484064342, 40.80079240743124], [14.20725833667256, 40.800762440243], [14.207258258621783, 40.80076235074157], [14.20709738991817, 40.80059863529046], [14.207097359450103, 40.80059860557554], [14.206960667495688, 40.80047085448591], [14.206960620351783, 40.80047081311849], [14.206915643157629, 40.800433778314115], [14.20691562762868, 40.80043376578525], [14.206858817037006, 40.80038885889954], [14.206858780618505, 40.80038882941218], [14.206807630377883, 40.80034641241923], [14.206807486319025, 40.800346280570565], [14.206807355805733, 40.800346135300806], [14.206807240082348, 40.80034597799498], [14.206807140252208, 40.80034581015289], [14.206763040625889, 40.80026267910286], [14.206763017140123, 40.80026263951408], [14.206762972071687, 40.80026264887803], [14.206614994489861, 40.80030083720567], [14.206614923888479, 40.80030085822876], [14.20647815249374, 40.80034713570489], [14.206477963120111, 40.80034718955056], [14.206477769369895, 40.80034722451599], [14.206477573120617, 40.800347240262354], [14.206477376274016, 40.800347236637066], [14.20647718073762, 40.800347213675245], [14.206476988406262, 40.80034717159941], [14.206476801143713, 40.80034711081729], [14.206476620764633, 40.8003470319179], [14.206476449016971, 40.80034693566579], [14.206383774423061, 40.80028882645808], [14.206383732793741, 40.80028880306733], [14.206383686226511, 40.80028879250155], [14.206284635804977, 40.8002712814257], [14.206284439604604, 40.800271236453185], [14.20628424891841, 40.80027117198699], [14.206284065677906, 40.80027108868014], [14.20628389173919, 40.80027098737645], [14.206283728864133, 40.800270869102064], [14.206283578702541, 40.80027073505502], [14.206283442775446, 40.80027058659311], [14.20628332245969, 40.80027042522015], [14.206283218973983, 40.800270252570726], [14.206283133366561, 40.80027007039366], [14.206283066504568, 40.80026988053427], [14.206283019065266, 40.8002696849157], [14.20628299152918, 40.800269485519415], [14.206282984175232, 40.80026928436516], [14.206282997077912, 40.800269083490484], [14.206283030106524, 40.800268884930105], [14.206283082926515, 40.80026869069529], [14.206339093274618, 40.80009730179269], [14.206339105225316, 40.800097258198974], [14.206339060023385, 40.80009725805964], [14.206285292734728, 40.800099690775546], [14.206285246916796, 40.80009969504425], [14.206285236063065, 40.800099739762274], [14.206278148538464, 40.80013650803859], [14.206278108667188, 40.800136675667034], [14.206278054515673, 40.80013683924157], [14.206277986485848, 40.800136997548094], [14.206216428162445, 40.8002647708343], [14.20621640973926, 40.80026481135728], [14.206195412976015, 40.80031386493733], [14.20619532784157, 40.80031403980122], [14.206195226125375, 40.80031420556934], [14.206195108789291, 40.800314360674136], [14.206194976942884, 40.800314503648885], [14.206194831832935, 40.800314633141575], [14.206194674831648, 40.80031474792768], [14.20619450742368, 40.80031484692175], [14.20619433119209, 40.800314929187664], [14.206194147803382, 40.800314993947495], [14.206193958991735, 40.80031504058884], [14.20619376654261, 40.80031506867066], [14.206193572275868, 40.8003150779274], [14.206193378028557, 40.80031506827152], [14.20619318563754, 40.800315039794334], [14.206162198649393, 40.800308900523135], [14.206162079155986, 40.80030888426816], [14.2060777354704, 40.80030256240454], [14.20607766762324, 40.80030255615532], [14.205991169591922, 40.800293100634164], [14.205990982113319, 40.800293071080915], [14.205990798280228, 40.80029302388965], [14.205990619748139, 40.80029295948535], [14.205863888381577, 40.800240319946575], [14.205863834898508, 40.800240301222836], [14.205863779634502, 40.80024028869647], [14.205760321397104, 40.80022295826749], [14.205760124457008, 40.800222914971165], [14.205759932877513, 40.80022285206432], [14.205759748606022, 40.800222770186416], [14.205759573515657, 40.80022267016973], [14.205759409386209, 40.800222553030935], [14.205759257886053, 40.80022241996075], [14.205759120555184, 40.800222272311814], [14.205758998789573, 40.800222111585], [14.205758893826967, 40.80022193941409], [14.205758806734307, 40.80022175754918], [14.205758738396892, 40.80022156783895], [14.20575868950937, 40.8002213722118], [14.205758660568684, 40.80022117265627], [14.205758651869013, 40.800220971200844], [14.205758663498791, 40.800220769893315], [14.205758695339801, 40.80022057077997], [14.205758747068382, 40.8002203758848], [14.205776902638972, 40.80016367195537], [14.205793046698842, 40.800112266474585], [14.205793058445932, 40.800112221750936], [14.205793028941562, 40.80011218614557], [14.205760214599454, 40.80007620575827], [14.205760179796568, 40.80007617126517], [14.205760132067427, 40.8000761823533], [14.205694773297077, 40.800094886316806], [14.20569472921249, 40.80009490123714], [14.205694711636498, 40.80009494433195], [14.205684405704224, 40.800124113243896], [14.205661365276475, 40.80018933265567], [14.20566129344619, 40.80018950881848], [14.205661205202844, 40.800189677359384], [14.205661101344884, 40.80018983675339], [14.205660982812041, 40.80018998555826], [14.205660850676827, 40.80019012242758], [14.205660706134832, 40.80019024612292], [14.205660550493906, 40.80019035552505], [14.205660385162325, 40.800190449644084], [14.205660211636044, 40.80019052762841], [14.205660031485172, 40.8001905887724], [14.205659846339755, 40.80019063252282], [14.20565965787503, 40.8001906584838], [14.205659467796272, 40.800190666420434], [14.205659277823356, 40.800190656260924], [14.2056590896752, 40.800190628097184], [14.20562545644464, 40.80018394448407], [14.205384521112986, 40.80013606989984], [14.20538431738279, 40.80013601815623], [14.205384120208484, 40.8001359453161], [14.205383931768017, 40.80013585218402], [14.205383754142881, 40.800135739788715], [14.20538358929509, 40.800135609371694], [14.205087817063955, 40.79987520821487], [14.205087671765872, 40.799875066578984], [14.2050875415667, 40.79987491094983], [14.205087427806589, 40.79987474292932], [14.20508733165648, 40.79987456424688], [14.205087254106052, 40.79987437674171], [14.205087195953535, 40.799874182343814], [14.205065574358613, 40.79978579815726], [14.205065560124373, 40.799785750562286], [14.20506551831719, 40.799785723728455], [14.205029912947754, 40.799765340330325], [14.205029753558257, 40.79976523879464], [14.205029604463864, 40.79976512266813], [14.205029466995777, 40.79976499298763], [14.2050293423814, 40.799764850911025], [14.205029231733366, 40.79976469770685], [14.205029136039615, 40.79976453474301], [14.205029056154556, 40.79976436347456], [14.205028992791457, 40.799764185430675], [14.205028946516059, 40.79976400220106], [14.20501465882281, 40.799693561417556], [14.205014644388221, 40.79969348207295], [14.204994492169893, 40.799568441674545], [14.204994482506082, 40.79956839627675], [14.204994442622878, 40.79956842001854], [14.204938973745374, 40.79960531029475], [14.204938809947512, 40.799605408291875], [14.204938637553678, 40.79960549022807], [14.204938458134082, 40.79960555535705], [14.20493827332293, 40.79960560308558], [14.204938084803539, 40.79960563297896], [14.204937894292998, 40.799605644764895], [14.20493770352653, 40.79960563833605], [14.204937514241697, 40.79960561375096], [14.204937328162556, 40.79960557123357], [14.204937146983974, 40.79960551117113], [14.204936972356178, 40.79960543411072], [14.204936805869728, 40.79960534075421], [14.204936649041032, 40.799605231951936], [14.204936503298534, 40.79960510869489], [14.204883592553948, 40.79955584295631], [14.20488345383235, 40.79955570026235], [14.204883329978742, 40.79955554448838], [14.204883222219436, 40.79955537717675], [14.204883131621392, 40.799555199984084], [14.204883059081647, 40.79955501466481], [14.204883005318441, 40.79955482305384], [14.204857275366845, 40.79944176898711], [14.204857242472643, 40.79944158517062], [14.204857226865737, 40.79944139908743], [14.20485722868218, 40.79944121235973], [14.204857247906135, 40.79944102661537], [14.204857284370018, 40.799440843473576], [14.20485733775595, 40.79944066453093], [14.20485740759853, 40.79944049134737], [14.204857493288896, 40.799440325432656], [14.204857594080032, 40.799440168233176], [14.20485770909328, 40.79944002111933], [14.20490214110892, 40.79938835316631], [14.204948990515904, 40.79933372488079], [14.204949139969255, 40.799333568572656], [14.204995002803022, 40.79929052298829], [14.2049951534565, 40.799290394988475], [14.204995316010557, 40.79929028248692], [14.204995488877026, 40.79929018658277], [14.204995670366984, 40.799290108213036], [14.204995858707255, 40.79929004814338], [14.204996052057734, 40.79929000696069], [14.204996248529365, 40.799289985067325], [14.204996446202603, 40.799289982677195], [14.204996643146156, 40.79928999981365], [14.204996837435868, 40.79929003630926], [14.204997027173505, 40.799290091807464], [14.205032763141935, 40.79930249234858], [14.205032808835725, 40.79930250573893], [14.205032845445606, 40.79930247529346], [14.205075681317231, 40.79926315245183], [14.205075712954624, 40.799263120479296], [14.205075674074855, 40.79926309786234], [14.205003978771144, 40.7992258758784], [14.205003936500475, 40.79922585644307], [14.205003898715221, 40.799225883587546], [14.204950954769204, 40.79926790333378], [14.204950942019202, 40.79926791362438], [14.204788768708694, 40.79940101336184], [14.204788608087174, 40.79940113227108], [14.204788436400564, 40.799401234556896], [14.204788255363098, 40.799401319198], [14.204788066782374, 40.79940138534927], [14.204787872541308, 40.79940143235021], [14.204787674579334, 40.799401459731534], [14.204787474873037, 40.79940146721985], [14.204787275416416, 40.799401454740384], [14.204735522462924, 40.79939560950559], [14.204735324829413, 40.79939557709273], [14.20473513142843, 40.79939552507679], [14.204734944199284, 40.79939545397936], [14.204734765019397, 40.79939536451335], [14.204653824616011, 40.799349750894706], [14.204653780759607, 40.79934972895516], [14.204653733453046, 40.79934971603878], [14.204399875064135, 40.79929369159263], [14.204399850245123, 40.79929368644427], [14.20406160266993, 40.79922798181127], [14.204061431529418, 40.79922794067716], [14.203981392238756, 40.79920493400826], [14.203817738751976, 40.79915789324689], [14.203763884871629, 40.79914241339149], [14.203763756350808, 40.7991423717005], [14.203697912357992, 40.799118525687696], [14.203697723945334, 40.79911844633931], [14.203697544617397, 40.79911834817114], [14.203697376247957, 40.799118232208954], [14.203697220596284, 40.79911809966442], [14.203638394918002, 40.799062576742216], [14.203638355132588, 40.799062542959945], [14.203638309174556, 40.79906251822172], [14.203500177675439, 40.79899727671487], [14.203500001356838, 40.79899718238132], [14.203499835339583, 40.798997070912314], [14.203499681283308, 40.798996943422196], [14.203499540728078, 40.79899680118544], [14.20349941507899, 40.79899664562395], [14.203499305592132, 40.79899647829286], [14.203499213362013, 40.79899630086492], [14.203499139310642, 40.798996115113844], [14.20349908417829, 40.798995922896545], [14.203499048516104, 40.798995726134564], [14.203489886793736, 40.79892525749046], [14.203489878387963, 40.79892521089583], [14.203489831344212, 40.79892520554718], [14.203366827269553, 40.798917320939104], [14.203366639695028, 40.79891729999148], [14.203366454930382, 40.79891726145538], [14.203366274621082, 40.79891720567401], [14.203366100372916, 40.798917133144144], [14.203365933737697, 40.798917044511704], [14.203219731693864, 40.798830191902184], [14.20321956584674, 40.79883008185987], [14.203219411758385, 40.79882995587829], [14.203219270954833, 40.798829815205124], [14.203219144830554, 40.79882966123355], [14.203219034634635, 40.79882949548845], [14.203218941458422, 40.79882931961129], [14.203218866224697, 40.79882913534392], [14.203218809678546, 40.798828944511236], [14.203218772379985, 40.79882874900319], [14.203218754698405, 40.79882855075602], [14.203218756808917, 40.79882835173309], [14.20321877869062, 40.79882815390546], [14.203218820126805, 40.79882795923235], [14.203218880707103, 40.79882776964172], [14.203218959831549, 40.79882758701121], [14.203219056716522, 40.79882741314954], [14.203219170402507, 40.79882724977856], [14.203219299763598, 40.79882709851625], [14.20321944351865, 40.798826960860644], [14.203219600243964, 40.79882683817505], [14.203219768387388, 40.798826731674495], [14.20328381264496, 40.79879050060562], [14.203283852051358, 40.79879047575407], [14.203283854462187, 40.79879042922825], [14.20328406759206, 40.79873649930624], [14.203284065438249, 40.79873645224019], [14.203284018421613, 40.79873645528841], [14.203155498518568, 40.79875122552889], [14.20315530786255, 40.79875123825218], [14.20315511686248, 40.79875123272292], [14.203154927261789, 40.79875120899157], [14.20315474079113, 40.79875116727475], [14.20315455915259, 40.79875110795325], [14.203154384004149, 40.79875103156855], [14.203104886975913, 40.79872656779999], [14.203104845305695, 40.79872654953988], [14.203104799861118, 40.798726551692106], [14.202919001773253, 40.798743947721285], [14.202918756048613, 40.79874395555159], [14.20285758727827, 40.79874214162935], [14.202738674318775, 40.798738613916214], [14.202738392935165, 40.79873858556466], [14.202533409999587, 40.79870314981237], [14.20253322142302, 40.79870310774162], [14.202533037785974, 40.798703047670784], [14.202532860802297, 40.79870297016048], [14.20253269212373, 40.79870287593409], [14.202532533324517, 40.79870276587102], [14.20253238588669, 40.79870264099846], [14.202532251186252, 40.79870250248181], [14.202532130480334, 40.79870235161382], [14.202532024895453, 40.7987021898025], [14.202531935417008, 40.798702018558004], [14.202531862880084, 40.79870183947851], [14.202531807961648, 40.79870165423533], [14.202523417839595, 40.798667352879036], [14.20252340522648, 40.798667309836695], [14.20252338155092, 40.79866727174196], [14.202487495145993, 40.79861495620973], [14.202487465968783, 40.79861491790442], [14.202487418541457, 40.79861492622632], [14.202407699153733, 40.798633038234705], [14.20233910478281, 40.798648623449964], [14.202339059536648, 40.79864863608953], [14.202339062980503, 40.79864868294165], [14.202342427790404, 40.79867604385233], [14.202342441826875, 40.79867622738454], [14.202342438930577, 40.79867641142993], [14.202342419126037, 40.79867659442959], [14.202342382581007, 40.79867677483345], [14.202342329605035, 40.79867695111346], [14.202342260646839, 40.798677121776464], [14.202342176290514, 40.798677285376904], [14.202316850244511, 40.7987213034108], [14.20231673618957, 40.79872147956735], [14.20231660430417, 40.79872164280307], [14.202316456040364, 40.79872179132076], [14.202316293030522, 40.79872192348524], [14.202264761919604, 40.79875940009048], [14.202264656366886, 40.798759488600375], [14.202242402793681, 40.79878093004892], [14.20224237035753, 40.79878096444365], [14.202242357415992, 40.798781009914855], [14.202233560363945, 40.79881868367048], [14.20223350692787, 40.7988188708524], [14.202233435548072, 40.79881905195296], [14.202233346900744, 40.79881922525656], [14.202233241825654, 40.798819389121476], [14.202233121318187, 40.7988195419954], [14.20223298651993, 40.798819682430135], [14.202232838707838, 40.79881980909533], [14.202232679282156, 40.79881992079107], [14.202232509753143, 40.79882001645924], [14.202232331726767, 40.79882009519358], [14.202232146889495, 40.79882015624821], [14.202231956992309, 40.79882019904476], [14.202193706883225, 40.7988268823218], [14.20219358313172, 40.79882691217841], [14.202162651591703, 40.798836497292505], [14.202162471337369, 40.798836544073254], [14.202162287513268, 40.798836573885396], [14.202162101713162, 40.79883658647046], [14.202161915547938, 40.79883658171934], [14.202161730631655, 40.79883655967323], [14.202161548567537, 40.79883652052325], [14.202161370934082, 40.79883646460886], [14.202129996561652, 40.798824957692474], [14.202129817109697, 40.798824881766166], [14.20212964589788, 40.79882478873755], [14.202129484551339, 40.798824679489655], [14.202129334601562, 40.79882455505946], [14.20212919747187, 40.79882441662805], [14.202129074463889, 40.7988242655094], [14.202128966745203, 40.79882410313793], [14.202128875338278, 40.79882393105486], [14.202092225341172, 40.79874598982459], [14.202092200945584, 40.798745944289976], [14.2020921601542, 40.798745912594455], [14.202048991766866, 40.798715852441475], [14.20204877908714, 40.79871568167978], [14.201999466313397, 40.7986702232759], [14.201946546123967, 40.79862230558356], [14.201946539815442, 40.79862229984685], [14.201922143836581, 40.798600019976305], [14.201922032023914, 40.79859990949704], [14.201813004297343, 40.798483365539134], [14.201812992074828, 40.798483352355746], [14.201732669949156, 40.798395930898174], [14.201685955222933, 40.79834508841663], [14.20168592269824, 40.79834505614604], [14.201685880793047, 40.798345037861985], [14.201591320625008, 40.798308838336816], [14.20159127487375, 40.79830882336493], [14.201591234397444, 40.798308849422796], [14.201540356709412, 40.798345274345905], [14.201540270687481, 40.79834533261267], [14.20149359263763, 40.79837521118259], [14.201493425507714, 40.79837530713805], [14.201493249918304, 40.798375386562356], [14.201493067499747, 40.79837544871804], [14.201492879945787, 40.798375493028004], [14.201492688997861, 40.79837551908083], [14.201492496428912, 40.7983755266346], [14.201492304026933, 40.7983755156192], [14.201492113578373, 40.7983754861369], [14.201435074640603, 40.79836381783283], [14.20143500740255, 40.7983638064522], [14.201344617789488, 40.798351662092415], [14.201344432754755, 40.79835162830766], [14.201344251712158, 40.798351577289615], [14.201344076262986, 40.79835150948954], [14.201343907959052, 40.798351425507114], [14.201343748288975, 40.79835132608514], [14.201343598665007, 40.79835121210299], [14.201343460410545, 40.798351084568814], [14.201343334748422, 40.79835094461063], [14.2013432227901, 40.79835079346634], [14.201343125525828, 40.79835063247279], [14.20132050691255, 40.798308875225366], [14.201305555636663, 40.79828127279966], [14.201305526155343, 40.79828122503554], [14.201305486709781, 40.798281185103164], [14.201206262268792, 40.79819149674254], [14.201206136017003, 40.79819137200981], [14.201206021319933, 40.798191236575875], [14.201205919080758, 40.7981910915072], [14.201205830104557, 40.798190937946124], [14.201205755091966, 40.79819077710185], [14.201180078229712, 40.798128664563414], [14.2011530995861, 40.798063401372616], [14.201153035604937, 40.798063223127734], [14.201152988769696, 40.79806303963035], [14.201152959500316, 40.79806285252575], [14.20115294805923, 40.79806266349155], [14.201151660292268, 40.797964271776564], [14.201151667283186, 40.79796407649456], [14.201151693297703, 40.79796388282685], [14.201151738087482, 40.7979636926222], [14.201151801224963, 40.79796350769628], [14.201151882107435, 40.7979633298144], [14.201151979962797, 40.79796316067463], [14.20115209385692, 40.79796300189155], [14.201152222702575, 40.79796285498093], [14.201152365269804, 40.79796272134515], [14.201201059533734, 40.79792135574095], [14.201201093365386, 40.79792132405264], [14.201201065803454, 40.79792128678244], [14.20112664268088, 40.79783023671987], [14.201126527244002, 40.79783008060113], [14.201071243969745, 40.79774717932036], [14.201071213436805, 40.79774713831419], [14.201071166585457, 40.79774711785173], [14.201013730264476, 40.79772550618649], [14.201013699951524, 40.79772549449865], [14.20097586798204, 40.79771055345928], [14.200975818276685, 40.797710536794256], [14.20097576709563, 40.79771052544395], [14.200850853575503, 40.7976896479822], [14.200850683593895, 40.79768961191899], [14.200850517384154, 40.7976895612374], [14.200850356200924, 40.797689496320004], [14.200850201260911, 40.797689417656834], [14.200769236085598, 40.797643783602545], [14.200769115533094, 40.79764370992778], [14.200693399000613, 40.79759367967307], [14.200693248826106, 40.79759357008803], [14.20069310947566, 40.797593447032284], [14.200692982153308, 40.797593311569074], [14.200692867959154, 40.79759316486884], [14.200692767879872, 40.79759300819912], [14.200692682780177, 40.797592842913595], [14.200692613395361, 40.79759267044038], [14.200692560324926, 40.79759249226969], [14.200692524027422, 40.797592309940995], [14.200684550105441, 40.797539555038085], [14.200680848421628, 40.79751506013578], [14.200680828977143, 40.797514870956725], [14.200680827588851, 40.79751468078608], [14.200680844269307, 40.79751449134331], [14.200680878867688, 40.79751430434129], [14.200680931071169, 40.79751412147085], [14.200681000407739, 40.797513944385436], [14.20068108625048, 40.797513774686216], [14.200681187823225, 40.79751361390755], [14.200681304207585, 40.79751346350315], [14.200721900244027, 40.797465861273615], [14.200721926517284, 40.797465827256616], [14.200721883742426, 40.79746583146913], [14.200678530785058, 40.79747223452358], [14.200678327476478, 40.79747225400977], [14.200678123240666, 40.79747225265954], [14.200677920207498, 40.79747223048697], [14.20067772049431, 40.79747218772327], [14.200677526183819, 40.797472124814426], [14.200614721596802, 40.79744818429268], [14.200614668662027, 40.79744816744067], [14.200614613306868, 40.797448162763224], [14.200492277277657, 40.79744469719271], [14.20049222810193, 40.7974446982334], [14.200492180090981, 40.797444708923216], [14.20039442688475, 40.79747161145558], [14.20039438108693, 40.79747162658254], [14.200394388819204, 40.797471674190064], [14.200399765921995, 40.79749672154421], [14.20041075577522, 40.79754791500228], [14.200421247023717, 40.79759687967936], [14.200421263015985, 40.797596962884796], [14.200431979720085, 40.797659883220085], [14.200441271660969, 40.79771443106913], [14.20044129502482, 40.79771462506823], [14.200441299345991, 40.79771482042137], [14.200441284583231, 40.797715015263826], [14.20044125087746, 40.79771520773575], [14.200441198550411, 40.79771539599993], [14.200441128101565, 40.79771557825931], [14.200441040203383, 40.797715752774145], [14.200440935694887, 40.79771591787865], [14.200440815573652, 40.79771607199682], [14.200440680986278, 40.79771621365753], [14.200440533217453, 40.797716341508604], [14.200440373677688, 40.79771645432963], [14.200440203889851, 40.7977165510437], [14.200440025474629, 40.797716630727635], [14.200439840135067, 40.797716692620824], [14.200439649640296, 40.79771673613248], [14.200439455808667, 40.79771676084725], [14.200439260490374, 40.79771676652924], [14.200439065549803, 40.79771675312421], [14.200379286706825, 40.797709695010596], [14.200379207423847, 40.79770968883482], [14.200285610622668, 40.79770613507949], [14.20028537622971, 40.7977061123052], [14.200285146138626, 40.79770606213728], [14.20018815163705, 40.79767884353735], [14.200187961917457, 40.79767877990075], [14.200187779506603, 40.79767869762426], [14.200187606230562, 40.79767859753153], [14.200006213586802, 40.79756133752317], [14.200006075867265, 40.79756124001906], [14.200005946857077, 40.79756113125281], [14.20000582747459, 40.797561011998695], [14.199914588158213, 40.79746183536274], [14.199914551987096, 40.79746179988037], [14.199914504667165, 40.7974617817652], [14.199829497360252, 40.79743414423963], [14.199829425869968, 40.79743412390231], [14.19970442749213, 40.79740353865326], [14.199704238129316, 40.797403482271804], [14.1997040552536, 40.79740340748132], [14.199703880649718, 40.797403315011714], [14.199703716021679, 40.79740320576542], [14.199703562976136, 40.7974030808086], [14.199623759451876, 40.79733106939062], [14.199623607343176, 40.79733091646828], [14.199623472586968, 40.79733074805491], [14.199623356750546, 40.79733056610926], [14.199623261181154, 40.797330372747446], [14.19960835916329, 40.797295620362135], [14.199608338409718, 40.797295577790486], [14.199608292452659, 40.79729556634452], [14.199515840811168, 40.79727724998507], [14.19951582863201, 40.797277247650534], [14.199418321496616, 40.7972591832499], [14.199418166239216, 40.79725914804263], [14.199418014273945, 40.797259100598254], [14.19933975667264, 40.797231204138406], [14.199339713255794, 40.79723119096489], [14.199339702516106, 40.79723123504684], [14.199328793617557, 40.79728761148865], [14.199323902452212, 40.79731288486529], [14.199323895890007, 40.797312929737096], [14.19932391380093, 40.79731297133127], [14.19939425570349, 40.79745778466038], [14.199394327583434, 40.79745795152884], [14.199394384023122, 40.79745812423197], [14.199394424556758, 40.79745830134446], [14.199394448849821, 40.79745848140461], [14.199394456701823, 40.79745866292639], [14.19939444804796, 40.79745884441171], [14.199385643448272, 40.79755315673563], [14.199385639637654, 40.79755328165462], [14.199387357575555, 40.79760678912915], [14.199389246381456, 40.79766555161373], [14.199389252504181, 40.797665634512306], [14.199395076820018, 40.79771591771686], [14.199395089242985, 40.79771608918792], [14.199395086893981, 40.797716261092376], [14.19939506979036, 40.79771643215997], [14.199387423900832, 40.79776966937436], [14.1993873863814, 40.79776986253019], [14.199387330063297, 40.79777005106441], [14.199387255491638, 40.797770233152164], [14.199387163388222, 40.79777040703098], [14.199387054644534, 40.79777057101785], [14.19938693031313, 40.7977707235255], [14.199386791597442, 40.79777086307779], [14.199386639840128, 40.79777098832395], [14.199386476510083, 40.79777109805169], [14.199386303188213, 40.79777119119895], [14.199386121552136, 40.79777126686412], [14.199385933359952, 40.79777132431482], [14.199385740433213, 40.79777136299499], [14.199385544639298, 40.79777138253022], [14.199385347873342, 40.79777138273143], [14.199341054928988, 40.797769246654376], [14.199340998729332, 40.79776924552608], [14.199271291789659, 40.797769806037856], [14.199271241945894, 40.7977698089394], [14.199271192642705, 40.79776981681297], [14.199202620936973, 40.79778432243406], [14.199202615497667, 40.79778432357679], [14.199133893357795, 40.79779866161068], [14.199133848279317, 40.79779867334785], [14.199133859932921, 40.79779871844799], [14.199144232608447, 40.79783202706791], [14.199144278373224, 40.797832201318386], [14.199159922628398, 40.79790496320276], [14.199159955684388, 40.79790516825256], [14.199159967296724, 40.79790537562487], [14.199159957340171, 40.79790558308327], [14.199159925922107, 40.79790578839042], [14.19915987338136, 40.797905989332186], [14.199159800284557, 40.79790618374149], [14.199148332399638, 40.79793245473788], [14.199148249918716, 40.79793262196205], [14.199148152222955, 40.797932780778176], [14.1991480401615, 40.797932929805874], [14.199147914708364, 40.797933067749824], [14.199147776953954, 40.79793319341106], [14.199147628095599, 40.79793330569736], [14.199147469427135, 40.79793340363277], [14.199099657745567, 40.79795991966653], [14.199099614693846, 40.797959944968675], [14.199041458942927, 40.79799610760882], [14.19904126698829, 40.79799621286213], [14.199041064679953, 40.79799629650529], [14.199040854441815, 40.79799635753616], [14.199040638792782, 40.797996395223514], [14.198980777510137, 40.79800350751144], [14.198980585913244, 40.79800352098799], [14.198980393907148, 40.798003516023584], [14.19898020326267, 40.798003492664016], [14.198980015738075, 40.79800345112472], [14.198979833062857, 40.7980033917888], [14.198979656921784, 40.798003315203495], [14.198979488939358, 40.79800322207514], [14.19897933066484, 40.798003113262624], [14.198979183557954, 40.7980029897695], [14.198979048975433, 40.79800285273472], [14.198978928158493, 40.798002703422114], [14.1989788222214, 40.79800254320876], [14.198978732141187, 40.79800237357226], [14.198978658748638, 40.798002196077135], [14.198978602720636, 40.79800201236037], [14.198978564573911, 40.79800182411634], [14.198978544660283, 40.79800163308118], [14.198978543163408, 40.798001441016744], [14.198978560097093, 40.79800124969441], [14.198988147564595, 40.797931352518724], [14.198988151670944, 40.797931306216], [14.198988113471863, 40.79793127972763], [14.198901073092916, 40.797876898592385], [14.198900894790466, 40.79787677318475], [14.198900731195485, 40.79787662911698], [14.198900584251431, 40.79787646810056], [14.19887198904776, 40.7978414813738], [14.198826869239705, 40.79778627748937], [14.198826754464955, 40.79778612235114], [14.19882665517632, 40.797785956873405], [14.198826572298207, 40.79778578259681], [14.198826506602233, 40.797785601143914], [14.198826458700045, 40.79778541420411], [14.198826429037627, 40.797785223517835], [14.198826417891143, 40.797785030860446], [14.19882642536437, 40.797784838025635], [14.198826451387731, 40.79778464680874], [14.198854886617504, 40.79763145187886], [14.198854944581866, 40.79763121868897], [14.198855030093437, 40.79763099413349], [14.198919357385545, 40.79748846488011], [14.198919376365946, 40.79748841607846], [14.198919373575485, 40.797488363790144], [14.198907943515193, 40.79738128994267], [14.19890793556757, 40.79738123992859], [14.198907908344802, 40.7973811972262], [14.198861383917828, 40.79731586038991], [14.198861354260837, 40.79731582273256], [14.198861315075938, 40.79731579512523], [14.198795169839492, 40.797273821932336], [14.198795131729769, 40.79727380005124], [14.198795089214594, 40.79727378893449], [14.198725898099337, 40.79725893215881], [14.198725802936602, 40.79725891648497], [14.198670002619524, 40.797252472660894], [14.198669813806896, 40.79725244164289], [14.198669628822527, 40.797252392723486], [14.198607608260597, 40.79723277259834], [14.19860755636412, 40.797232759222624], [14.198607502912683, 40.79723276310917], [14.198477188472047, 40.7972493658927], [14.198443735745728, 40.797253628290086], [14.198443539034695, 40.79725364354348], [14.198443341777928, 40.79725363934057], [14.198443145895125, 40.79725361572227], [14.198442953292613, 40.79725357291843], [14.198406891801577, 40.79724366902532], [14.19835976724425, 40.797230724862175], [14.198302648787516, 40.797215036244324], [14.198302546994084, 40.79721500535107], [14.198195469366551, 40.7971793720036], [14.198195346021294, 40.797179326400155], [14.198146378950701, 40.797159368752396], [14.198146195919803, 40.79715928313085], [14.198146022462709, 40.7971591794776], [14.19814586035004, 40.79715905885074], [14.19814571123662, 40.79715892248158], [14.198145576644572, 40.79715877176217], [14.198145457947792, 40.79715860823104], [14.198145356357918, 40.79715843355746], [14.198123025078685, 40.79711514261471], [14.198122985118156, 40.797115060610096], [14.198093637021229, 40.79705117401327], [14.1980480696218, 40.796951982847986], [14.198048045179815, 40.79695193630515], [14.198048011502983, 40.79695189593778], [14.197947819892692, 40.79684396178217], [14.197947785603137, 40.79684392824239], [14.197947745518523, 40.7968439019002], [14.19780587351118, 40.79676017374689], [14.197805868852306, 40.79676017098887], [14.197779382222517, 40.796744442630875], [14.197779372127616, 40.79674443659607], [14.197734788367038, 40.79671760587615], [14.197652722953874, 40.796668217269044], [14.197652683728494, 40.796668195992396], [14.197652641506169, 40.79666818211091], [14.19750057991856, 40.79662556554321], [14.19750052606871, 40.79662555362262], [14.19750047123093, 40.79662554772888], [14.197407645111479, 40.7966207470839], [14.197407599868017, 40.79662074682028], [14.197407561224168, 40.79662077023149], [14.197336871029824, 40.79666811600255], [14.197336831767629, 40.79666814523832], [14.197336820512861, 40.79666819287847], [14.197324176308049, 40.79673686642401], [14.197324133993467, 40.79673704816844], [14.197324074924285, 40.79673722517801], [14.197310376903157, 40.79677267272141], [14.197310294801632, 40.796772856963976], [14.197310194559726, 40.79677303199981], [14.197310077197049, 40.79677319604854], [14.197309943907353, 40.796773347441544], [14.197309796046396, 40.796773484638926], [14.197309635118145, 40.79677360624518], [14.197309462759481, 40.7967737110234], [14.197309280723548, 40.796773797907825], [14.197309090861927, 40.79677386601471], [14.19730889510579, 40.79677391465131], [14.197271420944091, 40.79678124127159], [14.19727122773494, 40.79678126933638], [14.197271032709997, 40.79678127842916], [14.197270837727718, 40.796781268463285], [14.197270644646158, 40.79678123953373], [14.197270455305262, 40.79678119191616], [14.197270271509325, 40.796781126064346], [14.197270095009802, 40.796781042605815], [14.19726992748862, 40.79678094233587], [14.197269770542148, 40.796780826210025], [14.197269625665982, 40.796780695334874], [14.197225988593265, 40.79673722393429], [14.19722584672992, 40.79673706679392], [14.19722572227159, 40.79673689553849], [14.197225616612776, 40.79673671208681], [14.197176640791461, 40.79664020012167], [14.197176618174238, 40.79664015807136], [14.19715797056666, 40.796607388635614], [14.197094245714219, 40.796495392395464], [14.197094221394936, 40.796495353863506], [14.197094193660275, 40.7964953177121], [14.197017530654136, 40.79640431981572], [14.197017501445236, 40.7964042880531], [14.197017465038648, 40.796404264888665], [14.196952403524508, 40.796366733554216], [14.196952334695089, 40.79636669734218], [14.196823428351658, 40.79630515701366], [14.196823253937298, 40.796305062864775], [14.196823089698237, 40.79630495191472], [14.196822937247484, 40.79630482525316], [14.196790545650389, 40.796275080078914], [14.196790369880043, 40.79627489677867], [14.196677050761975, 40.79614060471573], [14.196676992228701, 40.79614054114175], [14.196621433502058, 40.79608520247914], [14.196621296012001, 40.796085050739], [14.19662117475768, 40.79608488573605], [14.196621071010105, 40.79608470919987], [14.196620985856768, 40.79608452298093], [14.196620920190265, 40.7960843290312], [14.196620874698917, 40.79608412938371], [14.196620849859572, 40.796083926131175], [14.196620845932602, 40.79608372140413], [14.196621881796775, 40.79605139649099], [14.196621898802098, 40.796051192592486], [14.196621936550594, 40.796050991498404], [14.196621994647192, 40.79605079531337], [14.196622072483851, 40.79605060609066], [14.196622169245943, 40.79605042581066], [14.196622283920759, 40.79605025636018], [14.196622415308116, 40.79605009951267], [14.196622562032926, 40.796049956909684], [14.196622722559571, 40.79604983004371], [14.196676685352168, 40.79601149817809], [14.19667670660568, 40.79601148265607], [14.1967378062551, 40.79596561491799], [14.196737960883459, 40.79596550976857], [14.196738124656315, 40.79596541952013], [14.196738296142035, 40.79596534496158], [14.196738473841565, 40.79596528674468], [14.196738656201529, 40.79596524537835], [14.19673884162781, 40.79596522122418], [14.196739028499492, 40.79596521449333], [14.196739215183019, 40.79596522524463], [14.196779096265292, 40.79596939969914], [14.19677914224801, 40.795969402311], [14.196779163771765, 40.79596936159297], [14.196800701007112, 40.795923460823104], [14.196800718644033, 40.795923417862014], [14.196800674126942, 40.79592340463546], [14.196723028854999, 40.79590443300525], [14.196722973932104, 40.79590442282074], [14.196722918121752, 40.7959044251559], [14.196638775383638, 40.79591270684593], [14.196638577346626, 40.79591271646231], [14.196638379330595, 40.79591270642314], [14.196638183281605, 40.79591267682708], [14.196547500051507, 40.79589434925852], [14.196547398917671, 40.79589433415611], [14.196452723508983, 40.795885116759735], [14.196452671256825, 40.795885110978375], [14.196319786978961, 40.79586863764356], [14.196319615064919, 40.795868608675235], [14.196319446326747, 40.79586856484567], [14.1962302011041, 40.7958411797701], [14.19622999978139, 40.79584110597055], [14.196183985283016, 40.79582137990283], [14.196183806864399, 40.79582129268841], [14.196183637974826, 40.79582118820937], [14.196183480279526, 40.795821067495865], [14.19618333533336, 40.79582093173811], [14.196183204565482, 40.795820782274674], [14.196183089265245, 40.79582062057924], [14.196182990569499, 40.79582044824611], [14.196182909451373, 40.79582026697447], [14.196182846710682, 40.795820078551635], [14.196182802966044, 40.79581988483544], [14.196182778648774, 40.7958196877359], [14.19618277399864, 40.7958194891964], [14.19618278906149, 40.79581929117451], [14.19619051340463, 40.79575811008948], [14.196196311426531, 40.79571218084261], [14.196196315184363, 40.79571213106127], [14.196196308931677, 40.79571208153137], [14.196188393588233, 40.79566752327509], [14.196188382819303, 40.795667476304516], [14.196188337619013, 40.795667459597034], [14.196138333346816, 40.79565174522114], [14.196138285910608, 40.79565173284691], [14.196138236969032, 40.7956517300092], [14.196054616400922, 40.79565101064778], [14.196054566062854, 40.7956510128053], [14.196054529645039, 40.795651047623764], [14.196017070636108, 40.79569074393647], [14.196017039948709, 40.795690779765934], [14.196017042887885, 40.79569082684913], [14.196024258080826, 40.79575585304617], [14.196024267983894, 40.79575591090994], [14.196024284629745, 40.79575596720558], [14.196044976880337, 40.79581327745338], [14.196045041822325, 40.79581349538937], [14.196045081604602, 40.79581371928874], [14.196049141042105, 40.79584768200166], [14.196049154743362, 40.79584787770163], [14.196049149205693, 40.79584807380247], [14.196049124482379, 40.79584826841738], [14.196049080811296, 40.795848459673856], [14.196049018612626, 40.79584864573172], [14.19604893848482, 40.795848824800814], [14.196048841198829, 40.79584899515821], [14.196048727690696, 40.795849155164795], [14.196048599052547, 40.795849303281074], [14.196048456522078, 40.79584943808192], [14.196048301470654, 40.79584955827036], [14.196048135390113, 40.79584966268999], [14.196047959878403, 40.79584975033612], [14.19604777662422, 40.79584982036546], [14.195994610982806, 40.79586720048537], [14.195994455625904, 40.79586724441655], [14.195887930846695, 40.795892772369015], [14.19588775047374, 40.79589280692334], [14.195887567691592, 40.79589282478645], [14.195887384041486, 40.7958928258077], [14.19588720107198, 40.79589280997848], [14.195737150720781, 40.79587285277033], [14.195737122343223, 40.79587284940794], [14.195555222425273, 40.79585392799357], [14.19555504414216, 40.79585390127992], [14.195554868988722, 40.795853858621264], [14.19536745797079, 40.7957991587208], [14.195367286887224, 40.79579910027407], [14.195367121780595, 40.7957990266167], [14.195366964000055, 40.795798938350586], [14.195279325005997, 40.795744569797556], [14.195279203723153, 40.79574450564702], [14.195178063717462, 40.79569960733447], [14.195178018160616, 40.7956995897347], [14.195177970044226, 40.79569958136813], [14.195098071962718, 40.79568970120284], [14.195098024597492, 40.795689697707104], [14.195098007822857, 40.795689742140134], [14.195082863774923, 40.795736756787505], [14.195082851305811, 40.795736803095004], [14.195082861905618, 40.79573684986581], [14.195112120974898, 40.79584197415543], [14.195112176489985, 40.795842244763605], [14.195123881312256, 40.795929581304925], [14.195131486801428, 40.79598523361441], [14.19513149574159, 40.79598528147381], [14.195131509307826, 40.79598532823296], [14.19514131799769, 40.79601385017185], [14.195165011738137, 40.79608274371834], [14.195165047381323, 40.79608285845273], [14.195183473982567, 40.79614913795455], [14.195183514028704, 40.79614931165619], [14.195183538449298, 40.79614948823361], [14.19518354705035, 40.79614966628409], [14.195183539763534, 40.79614984439319], [14.195179018402742, 40.79620261637605], [14.195178991177846, 40.79620281565953], [14.19517894407458, 40.79620301120078], [14.195178877569338, 40.79620320102215], [14.19517879233474, 40.796203383203824], [14.195178689232828, 40.79620355590326], [14.19517856930635, 40.796203717373814], [14.195178433768218, 40.796203865982406], [14.195178283989232, 40.79620400022605], [14.195178121484226, 40.79620411874702], [14.195177947896736, 40.796204220346645], [14.195151787880265, 40.79621781396968], [14.195151608760588, 40.79621789610632], [14.195151422427468, 40.79621796021759], [14.195151230689747, 40.79621800568112], [14.195151035408733, 40.79621803205558], [14.19515083848013, 40.79621803908492], [14.195150641815637, 40.79621802670092], [14.195150447324389, 40.79621799502379], [14.195150256894422, 40.79621794436104], [14.195150072374352, 40.79621787520448], [14.195149895555415, 40.79621778822546], [14.1951497281541, 40.79621768426833], [14.195149571795461, 40.79621756434226], [14.195149427997366, 40.79621742961144], [14.195126578718304, 40.796193802203476], [14.195126537450255, 40.796193764087896], [14.195126492152045, 40.79619373086258], [14.195079541736513, 40.79616321062282], [14.195079502681507, 40.79616318769784], [14.195079458883988, 40.79616317618142], [14.195044909912866, 40.79615575761877], [14.195044863317667, 40.7961557499555], [14.195044830662122, 40.79615578406488], [14.195008341614722, 40.7961977995692], [14.195008311415057, 40.79619783814002], [14.195008337274812, 40.79619787974528], [14.195059856562445, 40.79627207128188], [14.195059883124298, 40.796272106155534], [14.195059912645487, 40.79627213856227], [14.19509765191879, 40.79631007489248], [14.195097777936612, 40.79631021406329], [14.195097890349116, 40.7963103644376], [14.195097988165697, 40.796310524690284], [14.195098070524374, 40.79631069340915], [14.195098136699375, 40.7963108691074], [14.195098186107554, 40.79631105023674], [14.195098218313513, 40.79631123520101], [14.195098233033445, 40.79631142237026], [14.195098230137631, 40.79631161009512], [14.195098209651595, 40.796311796721284], [14.195098171755863, 40.79631198060418], [14.19507650448932, 40.79639676757515], [14.195076441120897, 40.79639697008207], [14.195076356654392, 40.79639716473566], [14.195076252040572, 40.796397349344865], [14.19507612845699, 40.7963975218317], [14.195075987294716, 40.79639768025462], [14.1950758301427, 40.79639782283041], [14.195022437478235, 40.796441330020045], [14.195022285938826, 40.796441442049314], [14.19502212452772, 40.79644153931804], [14.19502195467803, 40.79644162096259], [14.1950217778978, 40.79644168625807], [14.195021595756607, 40.79644173462476], [14.195021409871627, 40.7964417656332], [14.19502122189327, 40.796441779008084], [14.195021033490542, 40.79644177463067], [14.194893179205561, 40.79643276380059], [14.194892997698414, 40.79643274263958], [14.194892818880318, 40.79643270500023], [14.194892644244074, 40.796432651196746], [14.194892475247574, 40.79643258167829], [14.194892313301626, 40.796432497025215], [14.194892159758183, 40.79643239794422], [14.194892015899047, 40.79643228526245], [14.194860862460152, 40.79640549924074], [14.194818837306093, 40.79636936505004], [14.194818692060846, 40.796369226918415], [14.19481856137125, 40.79636907494224], [14.194818446549965, 40.796368910647985], [14.194818348750273, 40.79636873568585], [14.194818268954487, 40.796368551813174], [14.194818207964087, 40.7963683608768], [14.194818166391666, 40.796368164794515], [14.194818144654787, 40.7963679655358], [14.194818142971775, 40.796367765102026], [14.194818161359533, 40.796367565506394], [14.194818199633376, 40.79636736875365], [14.194846017773743, 40.79625479606836], [14.194846021236861, 40.796254781592275], [14.194871269632237, 40.79614565875886], [14.1948712788885, 40.79614560596065], [14.194871282418486, 40.79614555247352], [14.19487228860112, 40.79606224150201], [14.194872286913567, 40.79606219438051], [14.194872259890719, 40.796062155740564], [14.194821369087105, 40.79599633451678], [14.194821335614744, 40.79599629559624], [14.194821287207946, 40.7959962785088], [14.194636963153943, 40.79594183054739], [14.194636778377747, 40.79594176597891], [14.194636600797944, 40.79594168365792], [14.194636432115361, 40.79594158437288], [14.194636273945617, 40.795941469074734], [14.194636127803632, 40.79594133886778], [14.194635995089127, 40.795941194999116], [14.194635877073226, 40.79594103884669], [14.19463577488626, 40.79594087190612], [14.194635689506962, 40.795940695776316], [14.19463562175308, 40.79594051214423], [14.194635572273546, 40.79594032276866], [14.19463554154227, 40.7959401294634], [14.194635529853592, 40.79593993407992], [14.194635537319462, 40.79593973848955], [14.194639030918514, 40.795899732153224], [14.19463903270158, 40.79589968417472], [14.194638986964232, 40.79589966957295], [14.194537478962644, 40.79587276769384], [14.194537433431284, 40.795872757962485], [14.194537414310481, 40.79587280041467], [14.194516817012625, 40.79592517546688], [14.194516739930755, 40.79592534725416], [14.194516647035638, 40.7959255110314], [14.194516539150612, 40.795925665347006], [14.19451641723188, 40.795925808833275], [14.194516282360016, 40.79592594021846], [14.194516135730412, 40.79592605833808], [14.19451597864266, 40.79592616214523], [14.19451581248905, 40.79592625071985], [14.194515638742219, 40.7959263232769], [14.194515458942108, 40.79592637917329], [14.194515274682308, 40.795926417913606], [14.194474026938593, 40.795933080400786], [14.194473978345648, 40.795933090809086], [14.194473952542252, 40.79593313328018], [14.194454598265557, 40.79596897832304], [14.194454498550513, 40.795969143424756], [14.194454383395499, 40.795969298153516], [14.194454253871502, 40.79596944107028], [14.194454111183147, 40.795969570845855], [14.194453956657497, 40.79596968627328], [14.194453791731707, 40.79596978627904], [14.19445361793965, 40.79596986993302], [14.194453436897671, 40.79596993645721], [14.194453250289532, 40.795969985232915], [14.194453059850769, 40.795970015806496], [14.194452867352538, 40.79597002789361], [14.194452674585156, 40.795970021381834], [14.194452483341438, 40.795969996331735], [14.194452295400032, 40.795969952976286], [14.19445211250887, 40.79596989171872], [14.194451936368917, 40.79596981312874], [14.194352427509381, 40.79591952738136], [14.194352384519176, 40.79591950817148], [14.19435233750785, 40.79591951083611], [14.194219942202219, 40.795933370560235], [14.194219745559005, 40.79593338139623], [14.194219548803432, 40.79593337283957], [14.194219353843335, 40.79593334497322], [14.194219162569148, 40.79593329806738], [14.194218976835558, 40.79593323257688], [14.19421879844353, 40.795933149136744], [14.194218629122838, 40.79593304855605], [14.194218470515302, 40.79593293181008], [14.194218324158857, 40.795932800030855], [14.194181110456674, 40.795895816877874], [14.194181075050963, 40.795895784962234], [14.194181027432753, 40.795895787126064], [14.194105795410774, 40.795902887300045], [14.194105744119323, 40.79590289484971], [14.194105693889876, 40.795902907687704], [14.194019841665394, 40.79592967894577], [14.19385995073503, 40.79597953835318], [14.193859735910925, 40.795979592489836], [14.193859516417245, 40.79597962253477], [14.193859294947188, 40.79597962811933], [14.193800925453415, 40.79597786465356], [14.193800720598723, 40.7959778478981], [14.193800518545496, 40.795977810206146], [14.193800321427727, 40.79597775197578], [14.193800131327288, 40.795977673821994], [14.19379995025193, 40.79597757657023], [14.19371010814982, 40.79592319897278], [14.193710070624658, 40.7959231784135], [14.193710029091987, 40.79592316812464], [14.19360290801337, 40.79590147835294], [14.193602725165748, 40.795901432260294], [14.193602547471796, 40.7959013691521], [14.193602376511112, 40.79590128958937], [14.193602213803445, 40.795901194279345], [14.193602060795172, 40.79590108406931], [14.193601918846452, 40.79590095993895], [14.193601789219134, 40.795900822991726], [14.193601673065531, 40.795900674445015], [14.193601571418183, 40.79590051561932], [14.193601485180682, 40.79590034792651], [14.193557520194329, 40.79580393290876], [14.193557498115666, 40.79580389027016], [14.193557451115572, 40.79580390009343], [14.193491629230136, 40.79582112869793], [14.193491577509352, 40.795821145316715], [14.193491533944002, 40.79582117777103], [14.193435309613802, 40.79586807163142], [14.193435157819113, 40.79586818644343], [14.193434995798343, 40.79586828630681], [14.193434825018729, 40.79586837031723], [14.193434647026825, 40.79586843771388], [14.193320346386095, 40.795905602597564], [14.193320151508491, 40.7959056552497], [14.19331995231599, 40.795905687989205], [14.193319750837842, 40.79590570048255], [14.193319549126585, 40.795905692602474], [14.193319349237123, 40.79590566442924], [14.193319153205811, 40.79590561624987], [14.193318963029693, 40.79590554855517], [14.193318780646166, 40.79590546203479], [14.19331860791324, 40.795905357570135], [14.193318446590611, 40.79590523622543], [14.193318298321737, 40.79590509923686], [14.193318164617086, 40.79590494799998], [14.19331804683876, 40.795904784055494], [14.193317946186612, 40.795904609073574], [14.193317863686024, 40.79590442483683], [14.19331780017746, 40.79590423322213], [14.19331775630791, 40.795904036181554], [14.19330029778846, 40.7958014577566], [14.193300274241375, 40.79580126074672], [14.193300270330676, 40.79580106237317], [14.19330028609485, 40.79580086458832], [14.19330032137875, 40.795800669338725], [14.193300375835118, 40.795800478546006], [14.193311592106078, 40.79576748019596], [14.19331166170202, 40.79576730346906], [14.193311747748663, 40.795767134141066], [14.193311849469948, 40.795766973739156], [14.193311965948453, 40.79576682370998], [14.193312096133656, 40.795766685406676], [14.19331223885142, 40.79576656007657], [14.19331239281457, 40.79576644885004], [14.193312556634517, 40.795766352730226], [14.193312728833767, 40.79576627258403], [14.193312907859255, 40.79576620913431], [14.19331309209635, 40.795766162953285], [14.193313279883418, 40.79576613445749], [14.193426978896504, 40.79575437103229], [14.193741689829515, 40.79572181163488], [14.193741889475714, 40.795721801025984], [14.193742089183583, 40.795721810402576], [14.193742286957484, 40.79572183967095], [14.193742480821102, 40.79572188853863], [14.193742668837203, 40.7957219565173], [14.193742849126979, 40.79572204292766], [14.193743019888833, 40.79572214690623], [14.193743179416376, 40.795722267413964], [14.193743326115488, 40.79572240324667], [14.193743458520231, 40.795722553047], [14.193743575307515, 40.79572271531802], [14.193743675310309, 40.79572288843819], [14.193743757529306, 40.79572307067757], [14.193743821142908, 40.79572326021506], [14.193743865515438, 40.795723455156676], [14.193750866058517, 40.795763327232144], [14.19375087649787, 40.795763373214506], [14.193750923216907, 40.79576336683549], [14.19379797159474, 40.79575455526938], [14.193798006248779, 40.79575454814234], [14.19385867127439, 40.79574094873988], [14.193858717087084, 40.79574093603956], [14.193858707791511, 40.79574088941671], [14.193850090082666, 40.79570666945259], [14.193850051208639, 40.79570647472158], [14.193850031836568, 40.795706277095455], [14.193850032157426, 40.79570607852241], [14.193850052168047, 40.79570588095993], [14.193850091671168, 40.795705686355554], [14.193850150277376, 40.79570549662766], [14.19385022740894, 40.79570531364657], [14.19385032230551, 40.79570513921607], [14.193850434031608, 40.79570497505566], [14.193850561485858, 40.79570482278363], [14.193850703411837, 40.79570468390103], [14.19385085841046, 40.79570455977695], [14.193851024953776, 40.795704451635], [14.19385120140003, 40.7957043605412], [14.19385138600984, 40.79570428739356], [14.19385157696335, 40.79570423291315], [14.193851772378178, 40.79570419763703], [14.193966464062164, 40.79568932771675], [14.19404570930512, 40.79567905388778], [14.194045753317337, 40.795679045990404], [14.194045726299816, 40.79567901036041], [14.193995578135855, 40.79561915712217], [14.193995544825825, 40.79561912119888], [14.193995495999289, 40.795619125199735], [14.193313226494094, 40.79570973150148], [14.193313028202411, 40.79570974785126], [14.193312829267446, 40.79570974441805], [14.193312631658005, 40.795709721235816], [14.193312437329775, 40.795709678533996], [14.193312248205967, 40.79570961673519], [14.19331206615829, 40.795709536451], [14.193242157707052, 40.795674454218805], [14.193242111586333, 40.795674433953764], [14.19324206144744, 40.79567443884013], [14.193205272948772, 40.79567993358813], [14.193148173830773, 40.79568841612301], [14.193147982904566, 40.79568843518162], [14.193147791030672, 40.79568843585661], [14.193147599975099, 40.79568841814178], [14.193147411496327, 40.79568838220017], [14.193147227329113, 40.79568832836259], [14.193147049168541, 40.79568825712455], [14.193146878654396, 40.79568816914175], [14.193146717356097, 40.79568806522396], [14.193146566758232, 40.79568794632767], [14.193146428246909, 40.79568781354717], [14.193146303096984, 40.79568766810459], [14.193129689389709, 40.79566637424971], [14.19312959218999, 40.795666238319384], [14.193129506677117, 40.79566609474924], [14.193129433448068, 40.79566594454156], [14.193106019400721, 40.79561234110826], [14.193105996426219, 40.79561229519385], [14.193105953639012, 40.7956122668175], [14.193007700956736, 40.79555423976439], [14.193007658959433, 40.79555421761887], [14.193007611687744, 40.79555422204452], [14.192820574537546, 40.79558087854913], [14.192820378080661, 40.79558089671845], [14.192820180789493, 40.79558089544293], [14.192819984583954, 40.795580874735], [14.19281979137339, 40.795580834796176], [14.1926732284943, 40.79554291361855], [14.19267302146477, 40.79554284786789], [14.192672822786939, 40.79554276005278], [14.19267263480443, 40.79554265120908], [14.1926724597347, 40.79554252262073], [14.192621069119893, 40.79550029460221], [14.192620925011868, 40.795500163944055], [14.192620794278337, 40.7955000199044], [14.192620678155993, 40.79549986384583], [14.192620577743318, 40.795499697244594], [14.19262049399018, 40.795499521676696], [14.192620427688858, 40.795499338802934], [14.192602237456995, 40.795440360066245], [14.19260218861516, 40.79544016857738], [14.192594916722323, 40.795404352903404], [14.192594887625013, 40.795404163416634], [14.192594876803552, 40.79540397201448], [14.192594884357367, 40.79540378045554], [14.192594910217055, 40.795403590499845], [14.192594954145013, 40.795403403892706], [14.192595015737638, 40.795403222348675], [14.192595094429015, 40.79540304753576], [14.19259518949613, 40.795402881060134], [14.192595300065511, 40.795402724451385], [14.192595425121247, 40.795402579148416], [14.192595563514333, 40.79540244648628], [14.192595713973212, 40.79540232768387], [14.192595875115478, 40.795402223832724], [14.192596045460554, 40.79540213588704], [14.19259622344332, 40.79540206465486], [14.192596407428471, 40.79540201079065], [14.192596595725561, 40.79540197478933], [14.192596786604517, 40.795401956981664], [14.192651775019527, 40.79539947651245], [14.192651998169945, 40.795399478909495], [14.19265221966415, 40.79539950615233], [14.192764688047141, 40.79541976299038], [14.192764759764096, 40.79541977324013], [14.192880515539558, 40.79543205619815], [14.192880663089879, 40.795432077441646], [14.192880808648031, 40.79543210961628], [14.192923125624331, 40.79544313252499], [14.192923140014251, 40.79544313615952], [14.193025297351586, 40.79546813355248], [14.193025346843678, 40.7954681430265], [14.19302539689631, 40.79546813719827], [14.193059218728688, 40.79546244410214], [14.193134916359787, 40.7954497031488], [14.193134961128099, 40.79544969330549], [14.193134934022039, 40.79544965634122], [14.19308912084112, 40.79539328135419], [14.193089090040093, 40.795393246904716], [14.193089044004097, 40.79539324288466], [14.192922859252382, 40.7953865971385], [14.192825603654146, 40.795382707017865], [14.192825392190647, 40.79538268727387], [14.192825184013136, 40.795382645217224], [14.192824981469164, 40.79538258132219], [14.192686317056163, 40.795330592972874], [14.192686136231423, 40.795330514816754], [14.192685963972552, 40.795330419250824], [14.192685801950722, 40.795330307202214], [14.192685651737781, 40.795330179757954], [14.192685514791025, 40.795330038154454], [14.192653328775037, 40.795293297450144], [14.192653296900163, 40.79529326429717], [14.192653257151077, 40.79529324116436], [14.192579578689232, 40.79525481542119], [14.19257941615923, 40.7952547206773], [14.19257926325043, 40.79525461108121], [14.19257912131578, 40.79525448760263], [14.192578991611137, 40.7952543513341], [14.192578875284138, 40.795254203481356], [14.192578773364056, 40.7952540453526], [14.192578686752693, 40.79525387834698], [14.192578616216393, 40.79525370394218], [14.192578562379268, 40.795253523681346], [14.192578525717675, 40.79525333915944], [14.192578506555998, 40.79525315200914], [14.192578505063784, 40.79525296388636], [14.192582411709287, 40.795153145494965], [14.192582411161911, 40.79515309636612], [14.192582375397876, 40.7951530626781], [14.192550814898187, 40.79512619474808], [14.19255077870145, 40.79512616672391], [14.192550733160225, 40.79512616208126], [14.192505645848657, 40.79512367266206], [14.192448851572818, 40.79512053651477], [14.19244880606929, 40.795120536092675], [14.192448763541254, 40.79512055201361], [14.192343329644663, 40.79516559066294], [14.192343143321159, 40.795165659528465], [14.192342951085296, 40.79516570957126], [14.192342754833424, 40.795165740297655], [14.192342556501517, 40.795165751404554], [14.192342358046066, 40.79516574278239], [14.192342161424776, 40.7951657145162], [14.192269732996403, 40.79515160006267], [14.191960628330865, 40.795091356480285], [14.191960447163769, 40.79509131231477], [14.191960270897477, 40.79509125146821], [14.191918527470154, 40.79507462581078], [14.191918325780186, 40.79507453217529], [14.19182921180156, 40.79502696953938], [14.191829167482084, 40.79502694727912], [14.19175103952015, 40.794990103493205], [14.191750872099412, 40.794990014609276], [14.191750713845215, 40.794989910274886], [14.191750566179078, 40.79498979142722], [14.191688781771253, 40.79493504327198], [14.191688635709772, 40.79493489984721], [14.191688505074104, 40.79493474224347], [14.191688391232809, 40.79493457211182], [14.191688295378503, 40.79493439123459], [14.191688218515374, 40.79493420150669], [14.19168816144865, 40.794934004915724], [14.19168812477617, 40.79493380352122], [14.191688108882122, 40.79493359943301], [14.191688113933015, 40.794933394789155], [14.191688139875934, 40.794933191733534], [14.191707535580344, 40.79482554905316], [14.191707574063798, 40.79482537854965], [14.191707627287416, 40.794825212057404], [14.191739492894948, 40.79473875458359], [14.191739575807349, 40.79473856153652], [14.19173967851378, 40.79473837825251], [14.191739799880834, 40.79473820675418], [14.191876768215582, 40.79456475833868], [14.191876795010735, 40.79456472074581], [14.191876752857521, 40.7945647019225], [14.191767593619494, 40.79452226152093], [14.191767548312917, 40.79452224642057], [14.191767510590545, 40.794522275707465], [14.191603160572633, 40.794663329599736], [14.191603009094173, 40.79466344746992], [14.19160284701457, 40.79466355027706], [14.191602675826537, 40.79466363707431], [14.191602497106679, 40.79466370706229], [14.191602312500967, 40.794663759596425], [14.191602123709576, 40.79466379419289], [14.191601932471233, 40.794663810533066], [14.1916017405472, 40.79466380846645], [14.191601549705057, 40.79466378801209], [14.191601361702414, 40.79466374935835], [14.191601178270735, 40.79466369286123], [14.191601001099386, 40.79466361904106], [14.191600831820073, 40.7946635285777], [14.191600671991823, 40.7946634223043], [14.191600523086615, 40.79466330119962], [14.191571901660256, 40.794637646078336], [14.191531774237934, 40.79460167655359], [14.191506184114694, 40.79457873893014], [14.191506047238095, 40.794578603822856], [14.19150592397164, 40.794578456193044], [14.191505815455212, 40.79457829740587], [14.191505722692295, 40.79457812892969], [14.19150564654069, 40.79457795232246], [14.1915055877046, 40.79457776921731], [14.191505546728097, 40.79457758130747], [14.191505523990102, 40.79457739033061], [14.19150551970088, 40.79457719805272], [14.191505533900097, 40.79457700625188], [14.191505566456446, 40.79457681670171], [14.19150561706887, 40.79457663115505], [14.19150568526934, 40.7945764513277], [14.191505770427186, 40.79457627888257], [14.191505871754932, 40.79457611541432], [14.191505988315566, 40.794575962434585], [14.191506119031219, 40.79457582135801], [14.191506262693123, 40.79457569348918], [14.191563104403446, 40.79452980290554], [14.191599367612904, 40.79450054486127], [14.19159938369628, 40.79450053202087], [14.191651925566266, 40.794459025260046], [14.191652104322365, 40.7944588992837], [14.191652295763927, 40.79445879357698], [14.191652497602085, 40.7944587094037], [14.191652707423675, 40.79445864777024], [14.191817729394032, 40.79441983364677], [14.191817936423492, 40.79441979631781], [14.191818146228675, 40.794419780941396], [14.191818356488364, 40.79441978768763], [14.192198706339642, 40.79445207694335], [14.19219890270318, 40.79445210346416], [14.192199095478736, 40.794452149285284], [14.192547247911193, 40.79455336286993], [14.192547397475593, 40.79455341282433], [14.192547542639629, 40.79455347440643], [14.192704172050824, 40.79462733596382], [14.192704217437697, 40.79462735467373], [14.192704266528857, 40.79462735437411], [14.192785912439241, 40.79462279853904], [14.192786095672657, 40.79462279672214], [14.192786278303293, 40.7946228116833], [14.192786458798066, 40.79462284329694], [14.192786635641825, 40.79462289129768], [14.192825483868365, 40.79463537277414], [14.192825528203542, 40.79463538469434], [14.192825541353862, 40.794635340708375], [14.192841268981313, 40.79457170384868], [14.192841277967553, 40.794571658018164], [14.192841234980177, 40.79457163976243], [14.192617269033784, 40.794489142708], [14.192492922025147, 40.79444333907484], [14.192492871347154, 40.79444332193276], [14.192162150133985, 40.794341229453956], [14.192162108064716, 40.79434121845097], [14.192162065197342, 40.794341211153764], [14.191951305265762, 40.79431472606879], [14.191951189813155, 40.79431471831353], [14.191785325187691, 40.79431320319112], [14.191785282279492, 40.794313204646755], [14.191785240413761, 40.794313213413375], [14.19161327496391, 40.79435696605899], [14.191613229972281, 40.794356979806736], [14.191613190647173, 40.79435700562866], [14.191558746863913, 40.794396570704016], [14.191558687176023, 40.794396612440714], [14.19147167054858, 40.79445512889855], [14.191471642476966, 40.79445514743507], [14.1914144484427, 40.794492227417834], [14.191414415755458, 40.79449224816303], [14.191356502263536, 40.794528221855394], [14.191356332647905, 40.79452831613151], [14.191356154694068, 40.79452839352583], [14.191355970077346, 40.79452845330973], [14.191355780535789, 40.794528494920385], [14.191355587853806, 40.79452851796606], [14.191355393845381, 40.79452852222978], [14.191355200336975, 40.79452850767143], [14.191355009150348, 40.79452847442805], [14.191263000637468, 40.794507832784056], [14.191262915909709, 40.79450781757473], [14.191113592914729, 40.79448760524066], [14.191113399622346, 40.79448756932556], [14.191113210790052, 40.79448751460623], [14.191113028242526, 40.79448744161143], [14.190934808926727, 40.79440580094089], [14.190934645973105, 40.794405717056506], [14.190934491382665, 40.794405618607186], [14.190934346453593, 40.79440550641967], [14.190934212402952, 40.79440538143608], [14.190934090356446, 40.79440524470596], [14.190877907195437, 40.794336175926816], [14.190877869850754, 40.79433613492584], [14.190877824346511, 40.794336103223245], [14.190607636600957, 40.79416947320232], [14.190607473820583, 40.7941693613553], [14.190607322865462, 40.794169233998495], [14.190607185207682, 40.794169092373856], [14.190607062189654, 40.794168937862466], [14.190606955011027, 40.794168771971094], [14.190606864716983, 40.79416859631749], [14.190606792188051, 40.79416841261458], [14.190606738131523, 40.7941682226538], [14.190606703074543, 40.79416802828762], [14.190602099002954, 40.79413255029616], [14.190602090195977, 40.794132501667825], [14.190602059109462, 40.79413246325031], [14.190497487536566, 40.79401571268023], [14.190497457438628, 40.794015681864494], [14.190497422613644, 40.79401565678649], [14.190260246667957, 40.793859848153], [14.190260210761842, 40.79385982666474], [14.190260171903759, 40.79385981153996], [14.190187020509024, 40.79383479327039], [14.19018701645183, 40.79383479187795], [14.190147143151968, 40.79382105934962], [14.19009792304621, 40.793804318176186], [14.190097730391566, 40.79380424128665], [14.190097546737036, 40.79380414485623], [14.190097374058182, 40.79380402992223], [14.190097214212502, 40.79380389772098], [14.19009706891945, 40.79380374967456], [14.190017064737964, 40.793713288482195], [14.190016977286046, 40.79371320114049], [14.189924823431301, 40.793631906848795], [14.1899247848082, 40.79363187604194], [14.18992474332528, 40.79363184920984], [14.189830972735619, 40.79357759032828], [14.189830940177549, 40.793577571075836], [14.189740828085657, 40.793523128825484], [14.189740805499355, 40.793523115580236], [14.189645556716856, 40.79346892224278], [14.189645515901402, 40.79346890144108], [14.189645472152028, 40.79346888852104], [14.189568310397465, 40.79344987486647], [14.189568264396286, 40.793449865913324], [14.189568255865824, 40.793449911994706], [14.189564940383228, 40.79347456740794], [14.189564904079118, 40.79347476308443], [14.189564848507507, 40.79347495418407], [14.189564774218654, 40.79347513881463], [14.189564681948157, 40.79347531514793], [14.189564572609662, 40.793475481437945], [14.189564447285816, 40.79347563603811], [14.189564307217555, 40.7934757774176], [14.189564153791808, 40.79347590417649], [14.189563988527773, 40.79347601505965], [14.18956381306186, 40.79347610896913], [14.189563629131502, 40.793476184975056], [14.189563438557945, 40.79347624232483], [14.189563243228214, 40.793476280450584], [14.18956304507643, 40.7934762989748], [14.189562846064652, 40.793476297714065], [14.189562648163463, 40.793476276680856], [14.189562453332442, 40.79347623608344], [14.189562263500772, 40.79347617632381], [14.189467486564812, 40.793441068291244], [14.189467309695837, 40.793440992919514], [14.189467140881149, 40.793440900913346], [14.189466981680747, 40.793440793122976], [14.189466833565778, 40.79344067054448], [14.189420127482249, 40.793398073134405], [14.189420089399425, 40.79339804177076], [14.18942004041117, 40.79339804761294], [14.189385064052123, 40.793404021796434], [14.189384878068626, 40.79340404465833], [14.189384690761804, 40.793404050013905], [14.189384503775862, 40.79340403781615], [14.189384318752188, 40.793404008172146], [14.189384137314944, 40.793403961342094], [14.189383961056807, 40.793403897737086], [14.189383791524998, 40.793403817915454], [14.189383630207688, 40.79340372257788], [14.189347813220236, 40.79338022394056], [14.189243090105075, 40.793311520011066], [14.189243044539039, 40.79331149346467], [14.189242994400889, 40.79331147712], [14.189070678226225, 40.793265262249335], [14.189070628144078, 40.79326525157226], [14.189070579374215, 40.79326526718388], [14.188949147997185, 40.793311222028414], [14.188949095963753, 40.79331124520352], [14.188949046917307, 40.7933112741695], [14.188892993648947, 40.793348861238854], [14.188892865287386, 40.79334894046413], [14.188858302150846, 40.793368512777384], [14.18885826008366, 40.79336853951106], [14.188858245704521, 40.79336858723504], [14.188830001106354, 40.793483117718914], [14.188829991685509, 40.79348316632961], [14.18883001155321, 40.79348321168408], [14.18889798276802, 40.79361929483164], [14.188898064576735, 40.79361948195263], [14.188898126876689, 40.79361967644079], [14.1888981690183, 40.79361987626825], [14.188898190562165, 40.79362007935146], [14.188898191283654, 40.793620283572935], [14.188898171175245, 40.7936204868033], [14.188898130446601, 40.79362068692353], [14.18889806952239, 40.793620881847026], [14.188856759849557, 40.79373265582181], [14.188856685590949, 40.793732830712905], [14.188856595071261, 40.79373299776804], [14.188856489107462, 40.79373315547951], [14.188856368655909, 40.79373330242391], [14.188856234803712, 40.79373343727503], [14.18885608875893, 40.79373355881579], [14.188855931839663, 40.79373366594924], [14.188807099274364, 40.793763707822364], [14.188806919801312, 40.793763805953475], [14.188806731243734, 40.793763885239855], [14.188806535573951, 40.79376394485216], [14.188743608816482, 40.793779648878086], [14.18874350849933, 40.79377967958933], [14.188645605370295, 40.79381537247083], [14.188645417726894, 40.79381543061188], [14.188645225284795, 40.79381547006395], [14.188645029900604, 40.79381549044642], [14.188644833459312, 40.79381549156266], [14.188644637856106, 40.79381547340189], [14.18864444497809, 40.79381543613933], [14.188644256686075, 40.793815380134475], [14.188532768607372, 40.79377616408742], [14.188532585907796, 40.793776089502416], [14.1885324114478, 40.793775997275695], [14.188532246925845, 40.79377588830513], [14.188532093943635, 40.7937757636516], [14.188531953990532, 40.79377562452868], [14.188531828429051, 40.7937754722908], [14.188531718481597, 40.79377530842007], [14.188531625218564, 40.79377513451186], [14.18853154954792, 40.793774952259255], [14.188531492206351, 40.79377476343658], [14.188531453752113, 40.79377456988212], [14.188531434559573, 40.793774373480225], [14.188528600071512, 40.79371543717983], [14.18852674912607, 40.79367694946637], [14.188526744347953, 40.79367690067687], [14.188526721096771, 40.793676857518655], [14.188450129974214, 40.793550157320595], [14.188450039548814, 40.79354999030358], [14.188449965373586, 40.79354981546231], [14.188391109496779, 40.79339042751673], [14.18839110291018, 40.79339041017618], [14.18836521557488, 40.793324115563145], [14.188365178424299, 40.793324012121786], [14.188336074939818, 40.793235394426695], [14.188336057725047, 40.793235349488626], [14.18833602833744, 40.79323531138166], [14.188273327279358, 40.79316168646216], [14.188273296783589, 40.79316165375794], [14.188273258665351, 40.79316163037966], [14.1881905477689, 40.79311589394938], [14.188190503050654, 40.79311587209187], [14.1881904533393, 40.79311587459029], [14.188029678234342, 40.793132119812924], [14.188029631870904, 40.7931321267811], [14.18802961990064, 40.79313217211149], [14.188021816275201, 40.79316883884822], [14.188016241930885, 40.79319502804045], [14.188016189466948, 40.79319522475192], [14.188016117276781, 40.79319541511065], [14.188016026108416, 40.79319559714416], [14.188015916906537, 40.79319576896621], [14.18801579080269, 40.79319592879639], [14.188015649103557, 40.79319607497855], [14.188015493277423, 40.79319620599795], [14.187964629390898, 40.79323472970193], [14.187964460646779, 40.793234844447575], [14.18796428108865, 40.79323494140127], [14.187964092585766, 40.793235019553705], [14.187963897100492, 40.79323507809129], [14.187963696667888, 40.79323511640463], [14.187963493374513, 40.79323513409487], [14.187963289336711, 40.793235130977855], [14.18796308667857, 40.793235107086026], [14.187962887509823, 40.79323506266812], [14.187962693903872, 40.79323499818652], [14.187962507876211, 40.79323491431251], [14.187962331363439, 40.793234811919234], [14.18787729307785, 40.79317949911722], [14.187877245953436, 40.79317947202528], [14.187877192597368, 40.79317946164232], [14.18780380031453, 40.7931693234718], [14.18780375506156, 40.79316931931089], [14.187803709617642, 40.793169319286626], [14.187670145646766, 40.79317533963924], [14.187669961527966, 40.793175339454784], [14.187669778206327, 40.79317532233921], [14.18766959723549, 40.79317528843755], [14.187669420149168, 40.79317523803714], [14.187669248448163, 40.79317517156511], [14.187669083587627, 40.79317508958481], [14.187668926964745, 40.79317499279101], [14.187586810493757, 40.793118862132395], [14.187586650750768, 40.79311874075114], [14.187586503972373, 40.79311860397638], [14.18758637163557, 40.79311845318447], [14.187586255072041, 40.79311828989278], [14.18758615545474, 40.7931181157445], [14.1875860737861, 40.79311793249203], [14.187586010887934, 40.79311774197943], [14.187585967393176, 40.793117546123774], [14.187585943739505, 40.793117346895926], [14.187585940164944, 40.79311714630068], [14.18758595670546, 40.79311694635658], [14.187585993194611, 40.79311674907563], [14.187586049265215, 40.79311655644303], [14.187586124353045, 40.7931163703972], [14.187586217702503, 40.793116192810295], [14.187586328374232, 40.793116025469324], [14.187586455254564, 40.793115870058216], [14.187605974602384, 40.79309427043001], [14.187605990393218, 40.793094252531375], [14.187646800649668, 40.79304686663589], [14.187646838310942, 40.79304682016432], [14.187670774064026, 40.793015408631824], [14.187670871131873, 40.79301529085513], [14.187670976898207, 40.79301518082332], [14.187717135622476, 40.7929706903537], [14.18771717185311, 40.7929706514856], [14.187717199001604, 40.79297060580906], [14.187736482209472, 40.792933814345425], [14.187736503378236, 40.792933768395415], [14.187736509706484, 40.7929337182011], [14.187747268288986, 40.79278931046691], [14.187747268641804, 40.79278916696632], [14.187741667482284, 40.792708642667826], [14.187741661631295, 40.79270859385391], [14.187741633155134, 40.792708553777246], [14.187669609024967, 40.79261719630741], [14.187669586984542, 40.79261716933082], [14.187650526491387, 40.792594652264185], [14.187650408194934, 40.79259449787719], [14.187650305454072, 40.79259433272965], [14.187650219240458, 40.79259415838342], [14.187650150369443, 40.79259397648736], [14.187650099492364, 40.792593788761714], [14.187650067090386, 40.792593596981874], [14.187650053469943, 40.79259340296157], [14.18765005875985, 40.79259320853572], [14.187650082910077, 40.792593015543076], [14.187650125692226, 40.79259282580883], [14.187650186701696, 40.79259264112738], [14.187650265361494, 40.79259246324531], [14.187650360927709, 40.79259229384492], [14.18765047249654, 40.79259213452828], [14.187650599012837, 40.79259198680211], [14.187650739280095, 40.79259185206351], [14.187650891971757, 40.79259173158674], [14.187651055643762, 40.792591626511204], [14.18765122874821, 40.792591537830624], [14.187728198221546, 40.79255672206064], [14.187728290055356, 40.792556674656076], [14.1877875432238, 40.792522096017514], [14.187787734659452, 40.79252199770607], [14.187787935550052, 40.79252192053277], [14.187788143569648, 40.792521865391166], [14.187788356309754, 40.79252183291968], [14.187788571307223, 40.792521823494276], [14.187894374915734, 40.79252288320012], [14.187894572703975, 40.79252289499645], [14.187894768354358, 40.79252292630569], [14.187894959946611, 40.79252297682054], [14.187895145600285, 40.79252304604521], [14.18789532349322, 40.79252313330027], [14.187895491879429, 40.79252323772932], [14.187895649106224, 40.79252335830741], [14.187895793630453, 40.792523493851085], [14.187895924033635, 40.792523643030016], [14.187896039035882, 40.79252380438002], [14.187896137508467, 40.79252397631748], [14.187925744778939, 40.79258218059439], [14.187925767346242, 40.79258222033941], [14.187925793457586, 40.792582257851336], [14.187963091907697, 40.79263092313978], [14.18796311926837, 40.79263095542115], [14.187963118468694, 40.7926309131121], [14.187956516577716, 40.79253404299349], [14.187956515651667, 40.79253403055038], [14.187953125670457, 40.79249202283154], [14.187953119867208, 40.79249197729787], [14.187953101814017, 40.79249193509506], [14.187911715136416, 40.79240635828107], [14.187911714098988, 40.79240635613267], [14.187865696314017, 40.7923109130904], [14.187823590002505, 40.792224176208336], [14.187823536118376, 40.79222407929766], [14.187764961147577, 40.79213126346071], [14.18776493489854, 40.792131225923086], [14.187764889785234, 40.792131233852], [14.187639815957674, 40.79215936712712], [14.18763976316883, 40.792159378255285], [14.187343065714604, 40.79221775565321], [14.187343018140208, 40.79221776748292], [14.187342976101297, 40.792217792702075], [14.187286205362275, 40.79225578619017], [14.187286097284355, 40.792255853638345], [14.187177822916476, 40.79231872393588], [14.18717777268319, 40.79231875214468], [14.187117364116496, 40.79235153956772], [14.187117310318126, 40.79235156771869], [14.18698359700157, 40.79241897023768], [14.186983413268468, 40.79241905155207], [14.186983222303892, 40.79241911402137], [14.186983026035143, 40.79241915701511], [14.186982826443058, 40.792419180099365], [14.186982625542017, 40.79241918304117], [14.186982425359604, 40.79241916581083], [14.186982227916156, 40.79241912858224], [14.186775929794189, 40.792369383087916], [14.18677587743355, 40.79236937338943], [14.186775824336962, 40.79236936933491], [14.186643156354162, 40.79236635122639], [14.18664311699761, 40.79236635188386], [14.186643077815193, 40.79236635564122], [14.186495023919969, 40.792386472921436], [14.186494820801123, 40.79238649003782], [14.186494616995006, 40.79238648639046], [14.186494414618668, 40.79238646201724], [14.186494215774303, 40.79238641717134], [14.18649402252742, 40.7923863523186], [14.186493836885381, 40.792386268132674], [14.18631013193413, 40.79229139152336], [14.186309917998225, 40.79229126354728], [14.186076236740876, 40.79213089326305], [14.186076026356071, 40.79213072708704], [14.185986469568803, 40.79204967239093], [14.185986334323465, 40.79204953770038], [14.185986212533857, 40.792049390730526], [14.18598610530927, 40.79204923282], [14.185986013626326, 40.792049065407085], [14.185985938320092, 40.79204889001661], [14.1859646061965, 40.79199184013777], [14.185964588297791, 40.791991798267695], [14.185964551096227, 40.79199177211905], [14.185825954547644, 40.79190353869747], [14.185825916458034, 40.79190351675653], [14.185825873203425, 40.791903509426895], [14.185719803961119, 40.791890298923434], [14.185719755890643, 40.79189029537271], [14.18571973981928, 40.791890340816046], [14.185705992446943, 40.791936450802915], [14.185689844746392, 40.791990614665394], [14.185689830959902, 40.79199067392823], [14.185689824508572, 40.79199073443056], [14.185684133780658, 40.79211694601272], [14.185684132793885, 40.79211699853123], [14.185684603766745, 40.79217992332643], [14.185684609260734, 40.7921800207601], [14.185695949523604, 40.792287450767006], [14.185695956238886, 40.79228749505621], [14.185695981663345, 40.79228753193744], [14.185731267276866, 40.79233405820198], [14.185731378616069, 40.79233422111914], [14.185731473358844, 40.792334394215146], [14.185731550582911, 40.79233457580497], [14.185731609536523, 40.79233476412091], [14.185731649645788, 40.79233495732978], [14.18573167052026, 40.792335153550766], [14.185731671956736, 40.79233535087374], [14.185731653941229, 40.79233554737784], [14.185731616649113, 40.792335741150175], [14.185731560443415, 40.79233593030445], [14.185731485871273, 40.79233611299932], [14.185731393658617, 40.79233628745633], [14.185731284703104, 40.7923364519772], [14.185731160065368, 40.79233660496038], [14.18571181397797, 40.792358092554366], [14.185711668481208, 40.792358238309546], [14.185711508766865, 40.79235836832958], [14.18571133652847, 40.79235848123581], [14.185711153592347, 40.79235857583103], [14.185710961898254, 40.79235865111221], [14.185710763478813, 40.7923587062811], [14.18571056043796, 40.792358740752725], [14.185710354928633, 40.79235875416156], [14.18571014912994, 40.79235874636544], [14.185661742325827, 40.7923544085219], [14.185510640828241, 40.792340869002395], [14.18551058456364, 40.79234086716587], [14.185510529328596, 40.792340878036335], [14.185446756089947, 40.79235723390316], [14.18544670957793, 40.792357248298835], [14.1854466692489, 40.792357275578354], [14.185393666647078, 40.7923970541847], [14.185393625340355, 40.79239708884527], [14.185393592475172, 40.79239713159431], [14.185327773041568, 40.79249311075631], [14.185327748364308, 40.79249315074978], [14.185327767198803, 40.79249319380457], [14.185376941287071, 40.79259228769057], [14.185412906570797, 40.792664764570226], [14.185412997522105, 40.792664978165966], [14.185452481537759, 40.79277502520329], [14.18545254014064, 40.792775218834514], [14.185452578882488, 40.79277541739538], [14.185452597366904, 40.79277561885426], [14.185452595404758, 40.79277582114983], [14.185452573016125, 40.79277602221225], [14.185452530430085, 40.79277621998429], [14.18540753287752, 40.79294355793651], [14.185407475959558, 40.79294373597056], [14.185407402670059, 40.792943907913646], [14.185407313649124, 40.792944072264035], [14.18540720967426, 40.7929442275863], [14.185407091653577, 40.79294437252385], [14.18540696061786, 40.79294450581083], [14.18540681771157, 40.7929446262831], [14.185353317719326, 40.79298560879674], [14.185270409696477, 40.79304931656675], [14.18527036619558, 40.79304935418185], [14.185270327322081, 40.793049396562054], [14.185182622234098, 40.79315686416843], [14.185182589216527, 40.79315690965952], [14.185182567263526, 40.79315696140575], [14.185149765763038, 40.793248356769496], [14.185149730096931, 40.79324848084026], [14.1851221592528, 40.79337457923739], [14.185122109623551, 40.79337476357045], [14.18512204264609, 40.79337494233219], [14.185121958930607, 40.793375113894015], [14.185121859239791, 40.79337527669291], [14.185121744481869, 40.79337542924572], [14.185121615702332, 40.793375570162624], [14.18512147407442, 40.79337569815979], [14.185121320888424, 40.79337581207112], [14.185121157539935, 40.793375910858835], [14.18512098551713, 40.793375993622924], [14.185120806387213, 40.793376059609386], [14.185074733460448, 40.79339057480951], [14.184905179562294, 40.79344398283651], [14.184905127376194, 40.79344400256137], [14.184905080902531, 40.793444033426596], [14.184851287813661, 40.79348429204592], [14.18485125223813, 40.79348431806398], [14.184791641905909, 40.79352691376622], [14.184791604754642, 40.79352694308704], [14.184791577392255, 40.79352698170351], [14.184712666530894, 40.79365043242111], [14.184712560466371, 40.7936505826535], [14.184712441050918, 40.79365072250843], [14.184712309294175, 40.79365085080346], [14.18471216631013, 40.79365096645386], [14.184659863056352, 40.793689432018425], [14.18461436917435, 40.79372311751733], [14.184614203438008, 40.79372322790027], [14.184614027546482, 40.79372332125497], [14.184613843243428, 40.793723396655984], [14.184613652355882, 40.79372345335584], [14.18461345677616, 40.793723490792466], [14.184613258443088, 40.79372350859474], [14.184525138821327, 40.79372701022894], [14.184468385294133, 40.793729264894225], [14.184468340248182, 40.79372926875252], [14.184468301536114, 40.79372929210631], [14.184415429510636, 40.79376458250325], [14.184415392637357, 40.793764609666034], [14.184415371796893, 40.793764650447656], [14.184383297545535, 40.79383531590841], [14.18438320816195, 40.793835489728764], [14.184383102238407, 40.793835653994236], [14.184382980786548, 40.79383580713596], [14.184382844966333, 40.79383594769133], [14.184382696074943, 40.79383607431792], [14.184382535534398, 40.79383618580638], [14.184382364877981, 40.793836281091885], [14.184382185735585, 40.79383635926441], [14.184381999818152, 40.79383641957734], [14.18438180890133, 40.793836461454646], [14.184381614808515, 40.79383648449637], [14.184381419393437, 40.79383648848244], [14.184381224522454, 40.79383647337479], [14.184348509009906, 40.79383232078792], [14.18425187559999, 40.79382005424943], [14.184251824887752, 40.793820050456745], [14.184251778910065, 40.79382007218603], [14.184200390864051, 40.79384768735935], [14.184200350763016, 40.79384771152971], [14.184200375234429, 40.79384775144768], [14.184228271291952, 40.7938885903317], [14.184228299221786, 40.79388862732465], [14.184228345458992, 40.793888630592306], [14.18428911033661, 40.79389003664011], [14.184289302393855, 40.79389005035515], [14.184289492242197, 40.79389008247516], [14.18428967812202, 40.79389013270243], [14.184289858310496, 40.793890200571425], [14.184290031137543, 40.79389028545311], [14.18429019500131, 40.79389038656074], [14.184290348383021, 40.79389050295721], [14.184290489861056, 40.7938906335637], [14.18429061812412, 40.793890777169665], [14.184290731983408, 40.7938909324441], [14.184290830383608, 40.79389109794784], [14.184290912412699, 40.79389127214691], [14.184290977310392, 40.79389145342674], [14.18429102447518, 40.79389164010714], [14.184291053469916, 40.793891830457845], [14.184291064025862, 40.7938920227146], [14.184291056045181, 40.79389221509547], [14.18429102960184, 40.79389240581735], [14.184290984940928, 40.793892593112545], [14.184290922476391, 40.793892775245105], [14.184290842787178, 40.79389295052693], [14.184290746611893, 40.79389311733341], [14.184290634841938, 40.7938932741185], [14.184290508513255, 40.79389341942904], [14.184290368796725, 40.7938935519182], [14.184254520069386, 40.793924408467525], [14.184254368643991, 40.79392452663636], [14.184254206581263, 40.793924629734356], [14.184254035375972, 40.7939247168106], [14.184253856607207, 40.793924787061954], [14.18425367192382, 40.793924839840464], [14.184253483029218, 40.79392487465934], [14.184253291665648, 40.79392489119742], [14.184253099598127, 40.793924889302176], [14.184166056456432, 40.79391984343131], [14.184166010341864, 40.793919842984465], [14.184166004179522, 40.79391988868765], [14.184162916001274, 40.79395578875265], [14.184162888329368, 40.79395599003018], [14.184162840379777, 40.79395618746173], [14.18416277264732, 40.79395637900988], [14.184162685830968, 40.79395656269793], [14.184162580826632, 40.7939567366303], [14.184162458717912, 40.79395689901207], [14.184162320764925, 40.793957048167535], [14.184162168391286, 40.79395718255746], [14.184162003169428, 40.793957300795014], [14.184161826804377, 40.793957401660016], [14.184161641116148, 40.79395748411158], [14.18416144802097, 40.79395754729885], [14.184161249511503, 40.793957590569754], [14.184161047636286, 40.79395761347775], [14.184108285200633, 40.79396089838116], [14.18410810258806, 40.79396090139507], [14.184107920461962, 40.79396088773785], [14.184107740341107, 40.7939608575234], [14.184107563727542, 40.793960811003686], [14.184107392094068, 40.79396074856663], [14.184107226871955, 40.79396067073291], [14.184107069439008, 40.79396057815158], [14.184050415752404, 40.79392368067994], [14.184050374926844, 40.793923656807586], [14.184050328130366, 40.79392366364102], [14.183990622051464, 40.79393534153042], [14.183990577607291, 40.793935352416725], [14.183990564294625, 40.793935396195366], [14.183982444612457, 40.793967443641336], [14.18398238407632, 40.79396763970945], [14.18398230376864, 40.793967828542726], [14.183982204534804, 40.79396800815335], [14.183960204472228, 40.79400340645449], [14.183960098410614, 40.794003560536765], [14.183959978417557, 40.79400370403617], [14.183959845542708, 40.79400383569744], [14.183959700948401, 40.79400395436883], [14.183959545899492, 40.794004059012266], [14.183959381752288, 40.794004148712375], [14.183959209942683, 40.794004222684485], [14.183959031973599, 40.79400428028151], [14.183958849401838, 40.79400432099964], [14.183958663824466, 40.794004344482666], [14.18392398157842, 40.794007093234775], [14.183828005019379, 40.79401469672114], [14.18382795745904, 40.79401470288849], [14.183827950552653, 40.7940147503471], [14.183824408252997, 40.794052078592266], [14.183820261101316, 40.794095792108344], [14.183820234537965, 40.79409597838593], [14.183820190586388, 40.79409616134279], [14.18382012963561, 40.79409633935952], [14.183793253259278, 40.79416423240867], [14.183793168187144, 40.79416441879896], [14.183793064492018, 40.79416459550755], [14.18379294326215, 40.79416476067996], [14.1837928057698, 40.79416491258276], [14.183792653457903, 40.79416504962178], [14.183792487924924, 40.794165170358845], [14.183740221506497, 40.794199333903464], [14.18374021379774, 40.794199338916975], [14.183677058245033, 40.79424020685709], [14.183677020184213, 40.79424023421343], [14.183677039327195, 40.794240276998316], [14.18374486376401, 40.794373938400305], [14.183744968280024, 40.79437418362886], [14.18376035117939, 40.79441820280576], [14.18378207657835, 40.794480368086276], [14.183782117712434, 40.79448046806217], [14.183838742013505, 40.79459936991997], [14.183838761330954, 40.79459940649561], [14.183838786345108, 40.79459943925989], [14.183899643753588, 40.7946726915037], [14.183899764620056, 40.79467285289196], [14.183899868622579, 40.79467302562977], [14.183899954704106, 40.79467320796146], [14.183900021989729, 40.79467339803387], [14.183900069795573, 40.79467359391515], [14.183900097635759, 40.79467379361442], [14.18390626849114, 40.79474366502448], [14.183906276064947, 40.79474386786651], [14.18390626303949, 40.794744070431534], [14.183906229548938, 40.79474427063302], [14.183906175938265, 40.79474446640878], [14.183906102759689, 40.794744655742214], [14.183906010766991, 40.79474483668307], [14.183905900907748, 40.794745007367574], [14.18390577431357, 40.794745166037565], [14.183905632288452, 40.79474531105866], [14.18390547629533, 40.79474544093706], [14.183905307941021, 40.79474555433494], [14.18385200780244, 40.79477764886175], [14.183851969905326, 40.79477767413101], [14.183851947200546, 40.794777713618124], [14.183813369707526, 40.79485259109335], [14.183813328061508, 40.79485268306104], [14.183791741988971, 40.79490757437741], [14.183791724297318, 40.79490762816041], [14.183791712825059, 40.79490768360402], [14.183782995615255, 40.79496649196548], [14.183782990914308, 40.79496653919827], [14.183783004235602, 40.79496658475681], [14.183805479190536, 40.79503168424914], [14.183805532611938, 40.795031866663464], [14.183805568475389, 40.79503205332531], [14.18380558645696, 40.79503224254871], [14.183805586394241, 40.79503243262455], [14.183805568287797, 40.79503262183604], [14.18380553230117, 40.795032808474176], [14.183805478759398, 40.79503299085321], [14.183805408146082, 40.79503316732584], [14.183805321099014, 40.79503333629815], [14.183805218404425, 40.795033496243924], [14.18380510098987, 40.79503364571852], [14.183804969915863, 40.795033783371835], [14.183804826366293, 40.795033907960566], [14.183753409975477, 40.79507441449208], [14.183703284400535, 40.79511400136339], [14.183703247263075, 40.795114033867065], [14.18370324509712, 40.795114083172145], [14.18370380596689, 40.79519913094614], [14.183703805990863, 40.79519913529978], [14.183704185913461, 40.79528513267795], [14.183704189839226, 40.795285192905645], [14.18370420102649, 40.795285252215315], [14.183751341807413, 40.795472124630386], [14.183762913592691, 40.79551645116584], [14.183762950759341, 40.79551662471147], [14.183762972394307, 40.79551680086871], [14.183767675340482, 40.79557711289641], [14.183771350601189, 40.795624233606645], [14.183771356468071, 40.79562428006166], [14.18377139286034, 40.795624309524975], [14.183834755600683, 40.79567077876555], [14.183834890478835, 40.795670886951704], [14.183835015508684, 40.79567100638326], [14.183835129755748, 40.79567113616757], [14.18387208125946, 40.79571696423325], [14.183872197959053, 40.795717124638834], [14.183872298194782, 40.79571729581577], [14.183872380980608, 40.79571747608016], [14.183872445502155, 40.79571766365872], [14.18387249112471, 40.7957178567062], [14.183872517399475, 40.79571805332355], [14.183872524067981, 40.79571825157661], [14.18387251106463, 40.79571844951513], [14.183872478517337, 40.795718645191954], [14.183872426746275, 40.79571883668217], [14.183872356260727, 40.79571902210205], [14.183872267754072, 40.79571919962759], [14.183872162096968, 40.79571936751244], [14.18387204032878, 40.795719524105074], [14.183871903647368, 40.79571966786507], [14.18387175339729, 40.79571979737823], [14.183871591056585, 40.79571991137052], [14.18381338150489, 40.79575661500267], [14.183813342160525, 40.79575664261918], [14.183813343599834, 40.79575669066681], [14.18382231793471, 40.79586950349099], [14.183822336277869, 40.79586963036034], [14.183840877859923, 40.79595757358627], [14.183840908933472, 40.7959577678904], [14.18384092076286, 40.79595796430762], [14.183840913233574, 40.79595816093663], [14.183840886418501, 40.795958355874085], [14.183840840577208, 40.795958547233], [14.183840776153433, 40.79595873316104], [14.183840693770795, 40.795958911858435], [14.183840594226751, 40.79595908159541], [14.183840478484877, 40.79595924072893], [14.183840347665544, 40.7959593877186], [14.183840203035075, 40.795959521141555], [14.183788125502682, 40.79600302167935], [14.183787890763151, 40.79600319052251], [14.183715518486569, 40.79604768152715], [14.18371538646205, 40.79604775594894], [14.183715249181121, 40.796047820159714], [14.183650363272813, 40.796075223216036], [14.183650315234996, 40.79607524661417], [14.183650269979438, 40.79607527502246], [14.183603911749609, 40.79610796718513], [14.18360385228625, 40.79610801254237], [14.183493447281164, 40.796198956375115], [14.18349342489065, 40.796198974549476], [14.18344133429966, 40.79624063705251], [14.183441309517006, 40.79624065655551], [14.183352856977617, 40.796309142987695], [14.183352704995054, 40.79630924975614], [14.183352543763155, 40.796309341965014], [14.183352374672472, 40.79630941881905], [14.18335219918134, 40.79630947965541], [14.183352018803287, 40.796309523949425], [14.183234314423045, 40.79633269181286], [14.18323423784664, 40.7963327100443], [14.183100378464854, 40.79637020591637], [14.183100225924344, 40.79637024226108], [14.183100071005272, 40.796370266543285], [14.182974866477325, 40.79638488921508], [14.182974650363256, 40.79638490265396], [14.182853456562093, 40.79638586554416], [14.182853355420463, 40.79638587148365], [14.182645123814426, 40.79640873689704], [14.182644913749941, 40.796408748829826], [14.18264470359428, 40.79640873862805], [14.182461253385643, 40.79639012264367], [14.182461067087946, 40.796390094822975], [14.182460884233794, 40.79639004959928], [14.182460706445143, 40.79638998737374], [14.182460535299011, 40.7963899086983], [14.182460372313503, 40.79638981427083], [14.182460218934333, 40.79638970492892], [14.182460076522005, 40.79638958164246], [14.182383830324866, 40.79631701935863], [14.182383760540462, 40.796316949585105], [14.182297539105422, 40.796226379043986], [14.182297501544511, 40.79622634352277], [14.18229745123875, 40.796226331610235], [14.182198405712452, 40.79620830609971], [14.182198360659124, 40.79620830001563], [14.18219831564484, 40.79620830638314], [14.182104247039021, 40.796226038458464], [14.182104213392035, 40.796226045401575], [14.182056192329858, 40.79623681789554], [14.182055997975542, 40.79623685152687], [14.182055801253656, 40.79623686585048], [14.182055604077549, 40.79623686072706], [14.18205540836499, 40.79623683620645], [14.182055216019512, 40.796236792527125], [14.182055028911897, 40.79623673011393], [14.182054848861988, 40.796236649573906], [14.182054677620977, 40.796236551690384], [14.182054516854386, 40.796236437415416], [14.182054368125854, 40.79623630786044], [14.182054232881942, 40.796236164285546], [14.182054112438056, 40.796236008087156], [14.18205400796565, 40.79623584078449], [14.182053920480842, 40.796235664004755], [14.182053850834524, 40.79623547946734], [14.182053799704086, 40.79623528896709], [14.182053767586833, 40.796235094356845], [14.182044795140811, 40.79615688825418], [14.182044782401398, 40.79615669462072], [14.182044788487316, 40.796156500664104], [14.182050161579722, 40.796089395692505], [14.182054897950527, 40.79603023758457], [14.182054901138203, 40.79603015660798], [14.182054813408572, 40.795957189996635], [14.182054739240153, 40.79589517569064], [14.18205473869536, 40.795895143861664], [14.182049971892765, 40.795750892660934], [14.18204656997249, 40.795647981359295], [14.182046564999496, 40.795647909489986], [14.182038994367744, 40.79557615941932], [14.182028789755863, 40.79547943705448], [14.18202388974695, 40.79543299649164], [14.182023878721916, 40.79543279451356], [14.18202352467037, 40.795342932316764], [14.182023521901275, 40.79534288218894], [14.182023486858402, 40.79534284623814], [14.181977455839702, 40.79530022611648], [14.181926678984993, 40.79525320774394], [14.181926544745217, 40.795253070922335], [14.181926424219728, 40.79525292187846], [14.181926318515572, 40.7952527619813], [14.181926228603649, 40.79525259269953], [14.18192615530981, 40.79525241558804], [14.181926099307272, 40.79525223227359], [14.18192606111042, 40.79525204443997], [14.181909666069824, 40.79514549932401], [14.181909642375311, 40.79514538798011], [14.18187443117177, 40.795016493834424], [14.18187442637675, 40.795016476871346], [14.181838087433285, 40.794892120581146], [14.181838074201083, 40.794892081407454], [14.181838054741814, 40.7948920450855], [14.181757904460044, 40.79475618501607], [14.181757854536457, 40.79475610859588], [14.18164167434884, 40.794594860646626], [14.181641646225613, 40.79459482513354], [14.181641614996005, 40.79459479231896], [14.181523868636104, 40.794481820200524], [14.181439990554193, 40.79440134294939], [14.18128504199878, 40.79425534249066], [14.181284889779016, 40.794255182286314], [14.181200224303995, 40.794155591449936], [14.1812001544744, 40.79415550451089], [14.181104496415628, 40.794029360917925], [14.181104459988525, 40.79402931814391], [14.181104414886352, 40.794029284642505], [14.181008510484993, 40.79396614266568], [14.18100846874904, 40.793966118110085], [14.181008434305053, 40.793966152146574], [14.180957728059187, 40.79402158275468], [14.180957696132879, 40.79402162144753], [14.180957692256236, 40.794021671461444], [14.180951980029523, 40.79423870395513], [14.180951980788917, 40.79423874755801], [14.180951985353886, 40.794238790927956], [14.180992134398426, 40.79450698424456], [14.180992142996757, 40.79450702806397], [14.180992169856735, 40.794507063737534], [14.181087984379229, 40.794623027493664], [14.181149908866571, 40.79469797412642], [14.181149937449977, 40.79469800721946], [14.181278770735362, 40.794840734543065], [14.181456083269106, 40.79503531245043], [14.181456100230989, 40.795035330605664], [14.181541368707858, 40.795124354836965], [14.181617214915839, 40.795203540516], [14.181617359970177, 40.79520370993541], [14.181723581932893, 40.79534277690881], [14.18172372578236, 40.79534299299082], [14.181774064643864, 40.795430423713434], [14.181774172633752, 40.795430640710784], [14.181774253580652, 40.795430869177984], [14.181818877883757, 40.79558613010334], [14.18181890090538, 40.795586217612566], [14.181852673247269, 40.795727509029014], [14.181852709687824, 40.79572770363897], [14.181852726707797, 40.79572790089836], [14.181852724140388, 40.795728098874015], [14.181852702010756, 40.7957282956257], [14.18185266053578, 40.795728489225226], [14.18185260012192, 40.79572867777526], [14.181852521361249, 40.79572885942796], [14.18185242502564, 40.7957290324031], [14.181852312059204, 40.79572919500548], [14.181852183569042, 40.795729345641554], [14.181852040814382, 40.79572948283505], [14.181826002724035, 40.795752137181], [14.181793950030011, 40.795780024774125], [14.181793918331852, 40.795780053568826], [14.181737473051895, 40.79583357912401], [14.181737463969982, 40.79583358784539], [14.181691931931589, 40.79587786674987], [14.181691897917942, 40.79587790332737], [14.181691871892776, 40.795877945959866], [14.181650903036966, 40.795953330025156], [14.181650799542032, 40.7959534997667], [14.181650679706532, 40.79595365839472], [14.181650544714545, 40.79595380434183], [14.1816503958999, 40.795953936165944], [14.181650234733018, 40.79595405256453], [14.181650062806362, 40.79595415238747], [14.181614825353611, 40.79597233292885], [14.18161464857234, 40.795972413519436], [14.181614464805667, 40.79597247657711], [14.181614275787728, 40.795972521506826], [14.181614083302213, 40.795972547884595], [14.181613889165531, 40.795972555461496], [14.181613695209677, 40.795972544166034], [14.181577415129103, 40.795968656055244], [14.181383670809547, 40.79594789619282], [14.18138351923752, 40.7959478740521], [14.181247101828426, 40.79592257745754], [14.181246868472728, 40.79592251948483], [14.181246643760618, 40.795922433926755], [14.181047380487954, 40.7958325035046], [14.181047337496336, 40.79583248650656], [14.18104729862683, 40.795832511533995], [14.180992434093817, 40.795871637798406], [14.18099235837536, 40.79587168922399], [14.180953280809767, 40.795896942471195], [14.180953117997616, 40.79589703712859], [14.180952947003808, 40.7958971160522], [14.180952769344536, 40.79589717854222], [14.180952586595096, 40.79589722404454], [14.180952400375919, 40.7958972521557], [14.180952212338202, 40.79589726262643], [14.180952024149269, 40.79589725536391], [14.18095183747778, 40.795897230432516], [14.180951653978944, 40.79589718805332], [14.180951475279837, 40.79589712860209], [14.180822307419032, 40.79584728602231], [14.180822117344434, 40.79584720106192], [14.180821937132048, 40.79584709680207], [14.180821768734772, 40.79584697437259], [14.180821613977471, 40.7958468351002], [14.18070552207312, 40.795730869132164], [14.18070548729633, 40.795730837557876], [14.180705440961793, 40.79573082984548], [14.180539615724411, 40.79571129689638], [14.180539573797864, 40.79571129285109], [14.180389899874124, 40.79570002770291], [14.180273056556821, 40.795691788778626], [14.180273010197702, 40.795691787735706], [14.180272990294924, 40.795691829618306], [14.18025046251863, 40.79574575640063], [14.180250417210889, 40.7957458910831], [14.180228142298517, 40.795831936919384], [14.180228084046655, 40.79583212373921], [14.180228007816057, 40.7958323039719], [14.180227914336532, 40.79583247589195], [14.18022780450303, 40.79583263785345], [14.180227679367066, 40.79583278830582], [14.18022754012666, 40.79583292580868], [14.18022738811486, 40.795833049045605], [14.180227224786988, 40.79583315683675], [14.1802270517067, 40.79583324815017], [14.18022687053102, 40.79583332211164], [14.180226682994476, 40.79583337801308], [14.180226490892494, 40.7958334153193], [14.180226296064204, 40.795833433673145], [14.180175972967076, 40.79583569902499], [14.180175795235181, 40.795835699120644], [14.180175618196582, 40.7958356834372], [14.180175443249382, 40.79583565209851], [14.180175271775168, 40.795835605352075], [14.180175105128098, 40.795835543567044], [14.180040681703607, 40.79577879099028], [14.180040634236907, 40.795778773765846], [14.180040585552435, 40.79577878716717], [14.179899672928642, 40.79582548553057], [14.179899473223706, 40.79582554041554], [14.17989926891357, 40.79582557435356], [14.17989906218917, 40.795825586980676], [14.179898855267341, 40.7958255781615], [14.179898650367031, 40.79582554799059], [14.179697594980366, 40.79578521117915], [14.17956520469024, 40.79575981308158], [14.179565025015224, 40.79575976992008], [14.17956485009068, 40.79575971035978], [14.179564681409849, 40.79575963490911], [14.179564520412677, 40.79575954421216], [14.179564368473521, 40.79575943904316], [14.179564226889408, 40.79575932029989], [14.17956409686897, 40.795759188995994], [14.179521627061504, 40.795712138530256], [14.179521594546733, 40.79571210576033], [14.179521548467878, 40.795712108555335], [14.179450517829935, 40.795719795372236], [14.179450236209197, 40.79571980587768], [14.179292457255643, 40.79571456153294], [14.179220442253266, 40.795712168037724], [14.179220254870419, 40.79571215297013], [14.179220069730015, 40.79571212037574], [14.179089008733126, 40.79568263628743], [14.179088819951408, 40.795682583984934], [14.179088637191931, 40.795682513464996], [14.179088462208004, 40.795682425404145], [14.179088296678335, 40.7956823206472], [14.179088142190942, 40.79568220019915], [14.179088000227898, 40.795682065215516], [14.179087872151133, 40.795681916991256], [14.17908775918935, 40.795681756948376], [14.179087662426255, 40.795681586622244], [14.179087582790144, 40.79568140764689], [14.179087521045007, 40.795681221739315], [14.1790874777832, 40.79568103068303], [14.179087453419754, 40.795680836310936], [14.179087448188401, 40.79568064048775], [14.179087462139329, 40.7956804450921], [14.179087495138697, 40.795680251998526], [14.179087546869926, 40.795680063059464], [14.179113756243344, 40.79559996682472], [14.179113770289142, 40.79559991434619], [14.179113772604184, 40.79559986006988], [14.179112141175812, 40.795464991647286], [14.17911213840949, 40.79546494507598], [14.179112114757395, 40.79546490486258], [14.179055004912707, 40.795377528223476], [14.179054976841694, 40.795377489550724], [14.179054929145533, 40.79537748661213], [14.178898647048745, 40.79537552256781], [14.17889860144364, 40.795375524191705], [14.17889860609988, 40.795375569587534], [14.17890497453612, 40.79541760122448], [14.178910785169833, 40.795455946273144], [14.178910796062976, 40.79545599877919], [14.178910823152828, 40.79545604505755], [14.178982567661206, 40.79556465687931], [14.17898267240275, 40.79556483477498], [14.17898275824835, 40.795565022519995], [14.178982824283379, 40.79556521811406], [14.178982869804267, 40.795565419473206], [14.178982894326017, 40.795565624452095], [14.178982897587366, 40.795565830866785], [14.178982879553566, 40.795566036518046], [14.178975489094862, 40.795618823761664], [14.178975452165274, 40.795619017440686], [14.178975396344665, 40.79561920654229], [14.178975322175548, 40.795619389228634], [14.17897523037876, 40.79561956372421], [14.178975121846461, 40.795619728333136], [14.178974997633459, 40.79561988145559], [14.178974858946956, 40.79562002160341], [14.178974707134829, 40.795620147414525], [14.178921542980467, 40.79565995424886], [14.178891918089445, 40.79568230795411], [14.178891882857133, 40.79568233732166], [14.178891914829606, 40.795682370208844], [14.178951224631923, 40.795737739692164], [14.17895126045353, 40.79573777008523], [14.17895130498762, 40.7957377850392], [14.179114478031511, 40.79578408884858], [14.179114672256812, 40.795784154901156], [14.179114858693916, 40.79578424050266], [14.179115035381203, 40.79578434475243], [14.179115200459643, 40.79578446655358], [14.179115352192344, 40.795784604624565], [14.179115488982834, 40.79578475751267], [14.17911560939186, 40.79578492360926], [14.179115712152527, 40.795785101166736], [14.179115796183623, 40.79578528831691], [14.17911586060101, 40.79578548309065], [14.179142112785128, 40.79588104688104], [14.179142155827924, 40.7958812408078], [14.17914217942078, 40.79588143804787], [14.17914218333095, 40.79588163665548], [14.179142167519862, 40.795881834671334], [14.179142132143491, 40.795882030142], [14.17914207755083, 40.79588222113915], [14.17914200428044, 40.795882405778585], [14.179141913055133, 40.79588258223881], [14.179141804774858, 40.79588274877906], [14.179141680507804, 40.79588290375637], [14.179141541479877, 40.79588304564191], [14.179099172271526, 40.79592219249372], [14.179099135377383, 40.795922228385784], [14.179057394943095, 40.79596498082753], [14.17905736090888, 40.79596501747764], [14.179009702447873, 40.796018985435396], [14.179009673028276, 40.796019022132974], [14.179009663708744, 40.79601906823473], [14.17900070613171, 40.796077610300244], [14.179000701136918, 40.79607765982181], [14.179000740908284, 40.79607768974795], [14.179030718402057, 40.79609792490876], [14.179030876485305, 40.796098043388554], [14.179031022108523, 40.796098176886325], [14.179031153850872, 40.79609832409954], [14.17903127042695, 40.796098483591834], [14.179031370699331, 40.79609865380707], [14.179031453689662, 40.79609883308446], [14.179031518588213, 40.79609901967479], [14.17903156476177, 40.796099211757536], [14.179031591759822, 40.796099407458534], [14.179031599318948, 40.796099604868346], [14.1790315873654, 40.796099802060866], [14.1790315560158, 40.79609999711209], [14.179031505576031, 40.796100188118906], [14.178995888073587, 40.796212309094166], [14.178995813987378, 40.796212505821835], [14.178995719661382, 40.79621269368655], [14.17899560613768, 40.79621287061284], [14.178995474670439, 40.79621303464609], [14.17899532671206, 40.796213183974125], [14.178995163897136, 40.79621331694722], [14.178932292593357, 40.796259376393415], [14.178932247688872, 40.79625941129565], [14.178871875171861, 40.79630915407712], [14.178871813709195, 40.79630920913098], [14.178816760974403, 40.79636277783275], [14.17881672854071, 40.79636281258457], [14.178816715889146, 40.79636285840564], [14.178806004070966, 40.79641048198486], [14.17880599569839, 40.796410530577056], [14.178806028963976, 40.79641056697363], [14.1788562694076, 40.79646023769397], [14.178895521534926, 40.796499045001724], [14.1788956543752, 40.79649918992387], [14.178895772345554, 40.79649934718786], [14.178895874306127, 40.79649951527417], [14.178895959271753, 40.79649969255871], [14.178896026421475, 40.79649987732852], [14.178896075106474, 40.796500067798306], [14.178896104856346, 40.796500262127694], [14.178896115383639, 40.796500458439034], [14.178896106586636, 40.79650065483552], [14.178896078550336, 40.796500849419516], [14.178896031545634, 40.796501040310915], [14.178895966026698, 40.79650122566527], [14.17889588262659, 40.796501403691636], [14.17889578215114, 40.79650157266989], [14.178895665571167, 40.79650173096732], [14.178895534013094, 40.796501877054425], [14.178895388748069, 40.79650200951966], [14.178895231179677, 40.79650212708313], [14.178895062830382, 40.796502228608894], [14.178832491812484, 40.79653588530881], [14.178832437191364, 40.796535916952195], [14.178768483197203, 40.79657571542508], [14.178768445590435, 40.796575741468025], [14.178768481361336, 40.796575769980386], [14.178864621285042, 40.7966449777653], [14.178864773759065, 40.7966450992323], [14.178864913683318, 40.79664523496646], [14.178865039728432, 40.79664538367823], [14.178865150696897, 40.79664554395474], [14.17886524553444, 40.79664571427327], [14.178865323340048, 40.79664589301567], [14.178865383374514, 40.79664607848379], [14.178865425067475, 40.79664626891556], [14.178865448022819, 40.79664646250175], [14.178865452022457, 40.796646657403166], [14.178865437028389, 40.796646851768124], [14.178865403183067, 40.79664704375004], [14.178865350808046, 40.79664723152495], [14.17886528040092, 40.79664741330888], [14.178865192630603, 40.796647587374764], [14.17886508833097, 40.796647752068864], [14.178864968492933, 40.79664790582648], [14.17886483425503, 40.79664804718682], [14.178813105842414, 40.796697457386756], [14.178812989384348, 40.79669756027695], [14.178812865289338, 40.79669765381465], [14.1787465149644, 40.79674373585559], [14.178746320119636, 40.79674385528334], [14.178746112922584, 40.79674395170351], [14.17866872939078, 40.79677471485461], [14.178668674311547, 40.79677474075627], [14.178668622806164, 40.796774773188076], [14.17863726277609, 40.796797310697976], [14.178637229861156, 40.796797336512476], [14.17863720182615, 40.79679736735942], [14.178597117884864, 40.79684534089618], [14.178534979872607, 40.79691970731281], [14.17853485062868, 40.796919847784764], [14.178534708581813, 40.796919975295744], [14.178534555025923, 40.796920088684246], [14.178534391359765, 40.7969201869174], [14.178534219074187, 40.79692026910038], [14.178534039738558, 40.79692033448459], [14.17853385498646, 40.79692038247443], [14.178533666500815, 40.796920412632765], [14.17853347599856, 40.79692042468487], [14.178533285214993, 40.79692041852096], [14.178405897633164, 40.79691020109819], [14.1784058576502, 40.79691019950082], [14.178405817668052, 40.79691020111226], [14.178279903306976, 40.79692034501852], [14.17827970701246, 40.79692035115884], [14.17827951106209, 40.79692033801761], [14.178279317345277, 40.79692030572154], [14.1782791277299, 40.79692025458204], [14.178278944044287, 40.796920185092226], [14.178278768059592, 40.79692009792212], [14.17807050783931, 40.796803873499954], [14.178070305810255, 40.79680374428765], [14.178070120699275, 40.796803591822965], [14.177941019259636, 40.796683567163875], [14.17794098224875, 40.79668353597118], [14.177940939901799, 40.796683512529675], [14.17769769912289, 40.79656394018117], [14.177697685694934, 40.79656393370409], [14.177524007020713, 40.796481748675546], [14.177523952215594, 40.796481726619874], [14.177523895183342, 40.796481711212124], [14.177345644540589, 40.79644474472941], [14.17734559301292, 40.79644473684387], [14.17734554158409, 40.79644474535032], [14.177268708203387, 40.79646164847513], [14.177268522894327, 40.79646168019489], [14.17726833542557, 40.79646169437431], [14.177268147453665, 40.7964616908881], [14.177146418401582, 40.79645369854877], [14.177146378181583, 40.79645369753352], [14.177146338010624, 40.79645369976185], [14.177058241997408, 40.796462159933654], [14.17705813577531, 40.79646217593487], [14.17697443316912, 40.79647943019088], [14.176974387158234, 40.796479442028094], [14.176974362622897, 40.79647948271147], [14.176955961972448, 40.796513637278814], [14.176927186569088, 40.7965670480821], [14.176927165548403, 40.7965670922195], [14.176927172945751, 40.796567140544], [14.176946295890913, 40.79666071028725], [14.176946309032518, 40.796660760812294], [14.176946341753817, 40.79666080149144], [14.177015961435146, 40.79673855366057], [14.177016122702808, 40.79673875937263], [14.177049471292008, 40.79678755904721], [14.177078266521876, 40.796829692937564], [14.17707836744812, 40.796829857063784], [14.177078452112895, 40.796830030140065], [14.177078519730436, 40.7968302105601], [14.177078569673192, 40.79683039664945], [14.177078601477653, 40.79683058668102], [14.177078614848645, 40.79683077889116], [14.17707860966207, 40.796830971496], [14.177078585966068, 40.79683116270798], [14.17705852401906, 40.79694700388307], [14.177058481051796, 40.796947195491775], [14.177058419501485, 40.796947381963335], [14.177058339961473, 40.796947561500154], [14.177058243198525, 40.79694773237149], [14.17705813014544, 40.796947892930156], [14.17705800189205, 40.79694804162834], [14.177057859674722, 40.796948177032604], [14.177057704864435, 40.796948297837645], [14.17705753895356, 40.7969484028789], [14.177057363541484, 40.79694849114376], [14.177057180319181, 40.79694856178136], [14.177056991052922, 40.79694861411076], [14.177010372085816, 40.796959070118675], [14.176907793160959, 40.79698207717068], [14.176907525346925, 40.7969821184251], [14.176684110440338, 40.797001164642495], [14.176684002395756, 40.797001179831554], [14.176595133335407, 40.79701866654958], [14.176595089310704, 40.79701867732023], [14.176595049840488, 40.797018699597416], [14.176541587257745, 40.79705217961137], [14.176541374600747, 40.79705229548398], [14.17649042042093, 40.79707617940434], [14.176490235622573, 40.79707625501791], [14.17649004420571, 40.79707631182839], [14.176489848078187, 40.79707634926954], [14.176489649194796, 40.79707636696818], [14.1764894495378, 40.797076364747916], [14.176489251097177, 40.797076342630874], [14.176489055850771, 40.797076300837496], [14.176488865744599, 40.79707623978433], [14.176488682673442, 40.797076160079904], [14.176488508461961, 40.79707606251861], [14.176488344846517, 40.79707594807286], [14.176488193457857, 40.79707581788331], [14.176488055804866, 40.79707567324756], [14.176429923492462, 40.797008140109334], [14.176429888416855, 40.797008103352645], [14.176429843857987, 40.797008078942135], [14.17632757216698, 40.79695868844861], [14.176180903774092, 40.79688924547522], [14.17618073430009, 40.7968891550271], [14.176180574285342, 40.79688904873703], [14.176180425206072, 40.796888927585584], [14.176180288437626, 40.796888792690474], [14.176180165241771, 40.79688864529617], [14.176180056755058, 40.79688848676247], [14.176179963978338, 40.79688831855195], [14.176179887767534, 40.79688814221644], [14.176179828825731, 40.79688795938273], [14.176179787696702, 40.79688777173758], [14.17617008944582, 40.79683049421152], [14.176158032077462, 40.796759289393364], [14.176158022283227, 40.796759244511534], [14.176157980220593, 40.7967592260444], [14.176116105775103, 40.79674314858064], [14.1761159841579, 40.796743110589986], [14.176069295054806, 40.79673173644452], [14.17606920685194, 40.79673171911726], [14.175953927482334, 40.79671441476957], [14.175953879800362, 40.796714410037936], [14.17595386714473, 40.79671445625251], [14.175947869489407, 40.79674163339128], [14.1759478607399, 40.7967416867275], [14.17594786962093, 40.79674174004194], [14.17595351583783, 40.796767028140664], [14.175953548654318, 40.79676721748403], [14.17595356314764, 40.79676740910286], [14.175953559183993, 40.79676760122813], [14.17595353679997, 40.796767792086165], [14.175953496202217, 40.796767979914954], [14.175953437765534, 40.79676816298048], [14.175953362029402, 40.79676833959268], [14.175953269693018, 40.79676850812109], [14.175953161608824, 40.79676866700986], [14.17595303877465, 40.796768814792124], [14.175952902324498, 40.79676895010357], [14.175902139539712, 40.79681466721189], [14.175901987686105, 40.796814791053585], [14.175901824442521, 40.79681489944092], [14.175901651375947, 40.796814991333484], [14.175901470147663, 40.79681506584919], [14.175901282497287, 40.79681512227276], [14.175698401510951, 40.79686543293731], [14.175698349486863, 40.7968654489105], [14.175698302183207, 40.79686547581792], [14.175641108869016, 40.796902296535556], [14.175640960748071, 40.796902383141465], [14.175600061730117, 40.7969239980636], [14.17560001847025, 40.796924023834826], [14.175599993336318, 40.79692406746808], [14.175553128084719, 40.797015983179165], [14.17555310873197, 40.79701602620165], [14.17555314083815, 40.797016060765564], [14.17564885264221, 40.797109510990985], [14.17571173050322, 40.79717090229157], [14.175711776201618, 40.79717094178715], [14.175711826347976, 40.79717097545612], [14.175904145045662, 40.797283804010526], [14.175904192390446, 40.7972838284724], [14.175904243859259, 40.79728384228759], [14.175970998755407, 40.797297970966554], [14.176079568639473, 40.797320949133145], [14.176079635891654, 40.79732096098269], [14.176321175467807, 40.79735505950742], [14.176321414974096, 40.7973551084056], [14.176321646726109, 40.79735518615711], [14.17644144152307, 40.79740370791206], [14.176441464072907, 40.797403717206116], [14.176498353951814, 40.79742757156301], [14.17649853537164, 40.79742765861017], [14.176498707126429, 40.79742776344649], [14.176498867477575, 40.79742788501076], [14.176499014801909, 40.79742802207243], [14.176499147608126, 40.797428173244086], [14.176499264551886, 40.79742833699548], [14.176499364449413, 40.79742851166902], [14.176499446289487, 40.797428695496556], [14.176499509243671, 40.79742888661728], [14.17649955267471, 40.79742908309656], [14.176499576142966, 40.79742928294551], [14.176499579410882, 40.79742948414114], [14.176496275167414, 40.797526385779456], [14.176496259833893, 40.79752657395864], [14.17649622682411, 40.79752675985344], [14.176496176432236, 40.797526941807234], [14.176496109107344, 40.79752711819851], [14.17649602544941, 40.79752728745533], [14.176495926203962, 40.79752744806935], [14.176495812255439, 40.79752759860924], [14.17649568461931, 40.79752773773343], [14.176495544433017, 40.79752786420211], [14.176444527795825, 40.79756969479396], [14.176387989103267, 40.797616698195476], [14.176387915126792, 40.79761676627175], [14.176333455475737, 40.797672193890534], [14.176333406821016, 40.797672247121625], [14.176288293642777, 40.79772532793198], [14.176288171028174, 40.79772545969592], [14.176288037064076, 40.7977255799028], [14.176287892835457, 40.79772568757909], [14.176287739510432, 40.79772578185269], [14.17628757833078, 40.79772586196009], [14.176129489319491, 40.79779574799136], [14.176129279631, 40.7977958269646], [14.176129062424705, 40.79779588198698], [14.176128840426871, 40.79779591236787], [14.176001834810306, 40.79780608959213], [14.176001643996173, 40.797806095741294], [14.176001453465078, 40.79780608366873], [14.17600126495313, 40.79780605348445], [14.176001080178045, 40.79780600546349], [14.176000900823485, 40.79780594004341], [14.176000728523722, 40.79780585782032], [14.176000564848742, 40.79780575954344], [14.175931642281697, 40.79775976273834], [14.175931619589813, 40.79775974736871], [14.175888643205377, 40.79773020710543], [14.175888604154622, 40.79773018290623], [14.175888565812505, 40.79773020821359], [14.175837303116971, 40.7977676494341], [14.175795539072968, 40.79779827330474], [14.175795528385638, 40.79779828108714], [14.17574521500174, 40.7978346648899], [14.175745195525407, 40.797834678797386], [14.175714617808014, 40.79785623839556], [14.175714591542851, 40.7978562575613], [14.175660693971585, 40.79789694591201], [14.175660664043475, 40.797896969412534], [14.175616172231614, 40.79793329543297], [14.175590045119465, 40.79795462804681], [14.175590009176354, 40.79795466046667], [14.175589997359527, 40.797954707406106], [14.175568105389802, 40.79806414627217], [14.175568097517836, 40.798064201622005], [14.175568095899061, 40.798064257505395], [14.175571273344412, 40.798181051137846], [14.175571276733562, 40.79818109696617], [14.175571303927638, 40.79818113400949], [14.175619995030019, 40.79824136112855], [14.175620108884358, 40.798241516741335], [14.175620207224677, 40.79824168259468], [14.175620289136951, 40.798241857147055], [14.175620353859841, 40.79824203877607], [14.175620400791782, 40.79824222579356], [14.17562042949656, 40.7982424164613], [14.175620439707377, 40.79824260900711], [14.17562081969033, 40.79832246732649], [14.17562080855342, 40.798322687825426], [14.175620773180595, 40.79832290575333], [14.175620714002909, 40.798323118454555], [14.175620631741495, 40.79832332333713], [14.175600466367165, 40.798366489880515], [14.175565201508705, 40.79844198033346], [14.175565102709875, 40.798442165755134], [14.175564985004447, 40.798442339789155], [14.175564849691376, 40.79844250051495], [14.175564698263923, 40.79844264615881], [14.175564532393178, 40.79844277511347], [14.175511632066716, 40.79847961316441], [14.175450170078447, 40.798522495645905], [14.175450149397955, 40.79852250988268], [14.175390850911652, 40.798562785636435], [14.175390839971081, 40.79856279301468], [14.175330898648204, 40.798602930013345], [14.17533086580343, 40.79860295297281], [14.175275144763418, 40.79864358979137], [14.175275105919969, 40.79864361960346], [14.17497336446239, 40.79888717334457], [14.174973259135085, 40.79888725276966], [14.1749174925675, 40.798926488722735], [14.174917400890257, 40.79892654952533], [14.17479108491255, 40.79900541115771], [14.174790919814226, 40.79900550367587], [14.174790746710158, 40.79900558017456], [14.174790567150367, 40.79900563996878], [14.17479038274268, 40.79900568252312], [14.174670945502774, 40.79902734997168], [14.174670900744436, 40.799027360296655], [14.174670886974571, 40.799027404117965], [14.17466238311527, 40.799059734708784], [14.174662324026842, 40.79905992159755], [14.174662246928401, 40.79906010180487], [14.174662152560458, 40.79906027359993], [14.17466204182939, 40.79906043533268], [14.174661915798733, 40.799060585449716], [14.174661775678981, 40.79906072250921], [14.174661622815941, 40.79906084519475], [14.174661458677818, 40.79906095232797], [14.174661284841113, 40.79906104287989], [14.174661102975477, 40.79906111598079], [14.174660914827678, 40.79906117092855], [14.174618281363184, 40.79907138388812], [14.174618243208213, 40.79907139382762], [14.174547096153757, 40.799091433828174], [14.17454705249811, 40.79909144834155], [14.174547017167658, 40.79909147765328], [14.17450024323345, 40.79913406267431], [14.174500194556154, 40.799134110117336], [14.174476681153298, 40.799158640404144], [14.174476535281425, 40.7991587780519], [14.174476376356862, 40.79915890039768], [14.174476205977818, 40.79915900621114], [14.174476025857688, 40.79915909442818], [14.174475837807826, 40.799159164161644], [14.174475643719337, 40.799159214710286], [14.174475445544042, 40.799159245565754], [14.174475245274872, 40.79915925641776], [14.174475044925805, 40.79915924715717], [14.174305339975566, 40.79914284509856], [14.174305110377306, 40.79914280934649], [14.174098134246378, 40.799098131222884], [14.17409810531635, 40.79909812475325], [14.173772394504256, 40.79902274703674], [14.173772362080229, 40.799022739247654], [14.173569224305771, 40.79897214547146], [14.17347658840814, 40.798949072934995], [14.17332842153253, 40.79891216986625], [14.173328352487285, 40.79891215135302], [14.173215081591083, 40.79887959922604], [14.173049774958256, 40.798832092135996], [14.173049765193719, 40.7988320893029], [14.172866254467543, 40.79877833914546], [14.172866243687235, 40.798778336053445], [14.172746134583429, 40.798744614075936], [14.172746104341398, 40.79874460609325], [14.172588076430788, 40.79870552629065], [14.172588074016566, 40.79870552569203], [14.172531001658333, 40.798691336535406], [14.172327484582429, 40.798640736609016], [14.172148063688793, 40.798596127884096], [14.172147847329388, 40.79859606087565], [14.172071392927585, 40.79856754522004], [14.172031944390904, 40.798552832542136], [14.17199444069741, 40.79853884451306], [14.171803377192633, 40.798467584375466], [14.171803162720124, 40.79846748972057], [14.171721001967349, 40.79842531266978], [14.171625930593411, 40.79837650879674], [14.17162582859519, 40.798376463445635], [14.171564109447724, 40.79835305651486], [14.171509457615011, 40.798332329074455], [14.17150925807729, 40.79833224066139], [14.171509069361232, 40.798332131032815], [14.17150889371408, 40.79833200149421], [14.171297134582854, 40.79815721558052], [14.17129705062291, 40.79815714225186], [14.17122824115769, 40.798093579630454], [14.171167691016446, 40.79803767093281], [14.171083326754479, 40.79795975332415], [14.17108328632259, 40.79795971975432], [14.17108324257997, 40.79795969062968], [14.170807777499785, 40.797796563633405], [14.170807737071582, 40.797796542135416], [14.170807694842054, 40.797796524436286], [14.170748403138697, 40.79777481730991], [14.170634838999538, 40.79773341884527], [14.170599504175941, 40.79772070125358], [14.170599460504285, 40.79772068778452], [14.170599416366299, 40.79772069938873], [14.170516628387722, 40.79774658202823], [14.170516497758344, 40.79774661805823], [14.170401813500733, 40.79777410574242], [14.170401616760097, 40.79777414259751], [14.170401417320878, 40.79777415960261], [14.170401217180716, 40.797774156587394], [14.170401018344277, 40.79777413358205], [14.170400822803161, 40.797774090817015], [14.17040063251597, 40.79777402872064], [14.170400449388671, 40.79777394791489], [14.170400275255526, 40.79777384920915], [14.170215644241221, 40.79765661259027], [14.170215608543927, 40.79765659194212], [14.170215571263395, 40.797656574312526], [14.170173206620225, 40.797638643526184], [14.16980220482522, 40.79748161706178], [14.1698021216415, 40.79748158613266], [14.16939767177563, 40.79735133062438], [14.16939747834083, 40.797351257079534], [14.169397293541175, 40.79735116394009], [14.16939711935522, 40.79735105220326], [14.16936387465451, 40.797327211866815], [14.169131610763511, 40.797160656866794], [14.169131478725452, 40.79716055353505], [14.169035709606186, 40.79707890709171], [14.16893094866648, 40.79698959204026], [14.168930910181007, 40.796989562380865], [14.168930861692218, 40.796989559273214], [14.168855719986889, 40.79698846065068], [14.168855514807362, 40.79698844707898], [14.168855312105796, 40.79698841251159], [14.168855114024892, 40.7969883573139], [14.168854922658502, 40.79698828206941], [14.168775856429036, 40.796952397308615], [14.168653278590188, 40.796896762380925], [14.168593615727117, 40.79686968368494], [14.168593539587706, 40.79686965283547], [14.168513099556725, 40.79684084918605], [14.16841726011476, 40.796806532731885], [14.168358668205714, 40.796785552520795], [14.168258487861445, 40.79674968193664], [14.168258431905743, 40.79674966374024], [14.168182557095616, 40.79672743628573], [14.1679375314552, 40.79665562788123], [14.167937433009575, 40.79665559624475], [14.167653998888536, 40.79655635765293], [14.167598634477889, 40.796537545139614], [14.16759863004009, 40.796537543625874], [14.167565189110249, 40.79652609306516], [14.167565176375584, 40.79652608865668], [14.167491700313793, 40.7965003751819], [14.167491513124236, 40.796500298849374], [14.167491334596539, 40.796500204010314], [14.167323349118538, 40.796399764644576], [14.16732321371779, 40.79639967606205], [14.16732308592074, 40.79639957682425], [14.167250446152881, 40.796338303125474], [14.167250438117312, 40.796338296310935], [14.16719775473767, 40.79629337924872], [14.167197625340986, 40.79629325864802], [14.167197507106122, 40.79629312708606], [14.16719740095791, 40.79629298559193], [14.167197307726644, 40.796292835272396], [14.167182175109012, 40.7962658400543], [14.167168402714072, 40.7962412717448], [14.167168313085783, 40.79624109106043], [14.167168242111465, 40.796240902267634], [14.167168190512927, 40.79624070728645], [14.167168158814926, 40.796240508099835], [14.167168147339831, 40.796240306733516], [14.167168156204346, 40.7962401052354], [14.167168185318317, 40.796239905654716], [14.167168234385656, 40.79623971002121], [14.167168302907346, 40.79623952032448], [14.16716839018652, 40.79623933849374], [14.167168495335547, 40.796239166378214], [14.16716861728506, 40.796239005728324], [14.167199802215237, 40.79620196251334], [14.167199956044762, 40.79620179931109], [14.167200127179271, 40.796201654357745], [14.167248338730698, 40.79616525714278], [14.167248487181931, 40.796165155226646], [14.16724864419812, 40.79616506707573], [14.167248808506464, 40.796164993404595], [14.167248978775055, 40.79616493481044], [14.167249153623665, 40.79616489176824], [14.167249331634942, 40.796164864626896], [14.167347921363143, 40.79615434766017], [14.167392469971832, 40.79614959602126], [14.167392504040754, 40.79614959268203], [14.16770159011145, 40.79612196634371], [14.16770185505475, 40.796121960290776], [14.167907269990193, 40.79613089314624], [14.167996228121606, 40.796134762394416], [14.168114862194864, 40.7961399209119], [14.168114874172256, 40.79613992136081], [14.168274753709046, 40.79614495443316], [14.168274889449387, 40.796144949466], [14.168336751056275, 40.796138453559564], [14.168336798328323, 40.79613844619137], [14.16833679910186, 40.79613839835486], [14.168332238968793, 40.796003658580986], [14.16833223491412, 40.796003610561954], [14.16833218686008, 40.79600360694464], [14.168235978929578, 40.79600122757718], [14.167815203821519, 40.79599081753557], [14.16781514600302, 40.795990817777515], [14.167433469495533, 40.79600345744399], [14.167433258321617, 40.7960034532782], [14.167317804119516, 40.79599506205161], [14.167317592079888, 40.795995035189826], [14.167317384117611, 40.79599498585373], [14.167317182607736, 40.79599491460677], [14.167316989851624, 40.795994822262635], [14.167150436311575, 40.795903785011625], [14.16715026502144, 40.79590367987689], [14.167150105147915, 40.79590355808166], [14.167149958305469, 40.795903420855865], [14.167063978944807, 40.79581456943592], [14.167038122679836, 40.795787847447926], [14.167037991928131, 40.79578769815932], [14.167037876615149, 40.79578753664768], [14.16703777787624, 40.79578736450319], [14.167037696683561, 40.79578718342077], [14.16703763383652, 40.7957869951833], [14.167037589953893, 40.795786801644134], [14.167037565467739, 40.7957866047088], [14.167037560619143, 40.795786406316296], [14.167037575455842, 40.79578620841994], [14.167055560784055, 40.7956424547346], [14.167055564171616, 40.79564241449762], [14.167055564294595, 40.79564237411853], [14.167050514952027, 40.795507527675284], [14.167050511030734, 40.79550748164099], [14.167050469225131, 40.79550746197319], [14.166966223634528, 40.795472616823496], [14.16693312713841, 40.795458927458846], [14.166932963417876, 40.795458850903536], [14.166932807276885, 40.79545875988091], [14.166932659990522, 40.795458655134276], [14.166932522761572, 40.79545853751904], [14.166932396710685, 40.795458407995675], [14.166895517202072, 40.795416916087824], [14.166847227268052, 40.79536258656504], [14.166813668364886, 40.79532482920107], [14.16681355618207, 40.79532469106681], [14.166813456721602, 40.79532454350776], [14.166813370770864, 40.79532438769207], [14.166813299010284, 40.79532422485326], [14.166753284678345, 40.79516975919822], [14.166753262877647, 40.79516971091127], [14.166753226953473, 40.79516967197084], [14.166660982780254, 40.79507983859998], [14.166616329532454, 40.79503635269084], [14.166616285304762, 40.79503631441544], [14.166616236893066, 40.7950362815914], [14.16648978507247, 40.79496099005501], [14.166489743982837, 40.79496096812671], [14.166489699528682, 40.7949609542328], [14.16643019863833, 40.79494537380293], [14.166313654148254, 40.79491485571204], [14.16631363971841, 40.794914852048024], [14.166159249129466, 40.79487687039245], [14.166159080895193, 40.794876821092714], [14.166158917624408, 40.79487675725005], [14.166158760571573, 40.794876679354985], [14.16615861094337, 40.794876588006005], [14.16597079800141, 40.79475030559303], [14.165970635428852, 40.79475018385496], [14.16597048604117, 40.79475004625658], [14.165687449906299, 40.79446144190682], [14.1656874015607, 40.79446139084463], [14.165668194751532, 40.794440376852606], [14.165668180984435, 40.794440361634095], [14.165508880517033, 40.79426244038676], [14.165508851747823, 40.794262410812195], [14.165508820633464, 40.79426238371585], [14.165450138457643, 40.794215401215105], [14.165450015665737, 40.7942152944236], [14.165381818695767, 40.794150927755844], [14.165381667842828, 40.79415076887481], [14.165381535273385, 40.79415059444678], [14.165340575505777, 40.79409008782691], [14.165340468642773, 40.79408991091626], [14.165340380608, 40.79408972392172], [14.165340312341607, 40.79408952884025], [14.16534026457263, 40.79408932775519], [14.165322320374669, 40.7939915714627], [14.16532231098459, 40.79399153023337], [14.165322294817642, 40.79399149132535], [14.165291045509942, 40.79392440089456], [14.165229911941767, 40.79379314975626], [14.165229891630744, 40.79379311074252], [14.165229867961655, 40.793793073669754], [14.165095069540522, 40.793601155710114], [14.165094978145369, 40.793601043776775], [14.1650405879115, 40.793543489485224], [14.164956313465995, 40.79345431598366], [14.164956271068077, 40.79345427607788], [14.164956224301035, 40.79345424139487], [14.164776131845295, 40.79333635261504], [14.16477602817843, 40.7933362799664], [14.164549656030822, 40.79316671055384], [14.164549506297758, 40.793166586589514], [14.164549369306368, 40.793166448674675], [14.164549246350777, 40.79316629811217], [14.164503960722406, 40.7931049884773], [14.164503907994991, 40.793104923038705], [14.16443221818207, 40.79302323274924], [14.164432172085862, 40.79302318366106], [14.16427190545296, 40.792863640525205], [14.164271868023151, 40.792863606869886], [14.164271822220286, 40.79286358599481], [14.164159929300999, 40.792819303129136], [14.164159850740644, 40.79281927576113], [14.164030482087535, 40.79278016336597], [14.164030324844374, 40.79278010858473], [14.164030172703113, 40.79278004091322], [14.164030026718331, 40.79277996082053], [14.163932716257175, 40.7927211745386], [14.163836040843236, 40.79266276778986], [14.163836023538629, 40.7926627572151], [14.163712266556836, 40.792586265501946], [14.163659529700823, 40.792553670616854], [14.163659488589618, 40.79255364784917], [14.163659442225047, 40.79255365551943], [14.163500784098009, 40.79258776849602], [14.163500739811187, 40.79258778017889], [14.163500700403691, 40.79258780352111], [14.163444066121103, 40.7926249813583], [14.163443929650706, 40.79262506336416], [14.163325667919818, 40.79268986539215], [14.163325584547328, 40.792689916533995], [14.163270023945167, 40.792727860532075], [14.163269944535495, 40.7927279207831], [14.163213882037025, 40.7927750420811], [14.16321371254254, 40.79277516983161], [14.16321353046429, 40.79277527890078], [14.163213337852868, 40.79277536806026], [14.163213136877491, 40.79277543630593], [14.16305783708277, 40.79281913130783], [14.163057649893098, 40.79281917439311], [14.163057459433528, 40.79281919932233], [14.163057267460871, 40.792819205865555], [14.163057075745902, 40.79281919396242], [14.162912619461986, 40.792803232413384], [14.162912550717543, 40.79280322720914], [14.16280790364844, 40.79279892669009], [14.162807857939693, 40.79279892690828], [14.162807813229147, 40.79279893543955], [14.162751369801919, 40.79281238982739], [14.162691787719266, 40.79282659328989], [14.162691549047395, 40.792826635096326], [14.162691307071471, 40.79282664773328], [14.16260711516441, 40.79282593739547], [14.162607068247551, 40.792825936449084], [14.16254861608971, 40.79282407115352], [14.162548457186006, 40.79282405973424], [14.162548299695342, 40.792824035703475], [14.16232065374658, 40.79277995822949], [14.162208764725227, 40.79275829288458], [14.16220862729853, 40.79275827604888], [14.161885367603599, 40.79274127851446], [14.161885310187781, 40.792741278810475], [14.161885253187661, 40.792741285714335], [14.161652424815083, 40.79278322577892], [14.161652351027504, 40.79278324197084], [14.161421640019364, 40.792843089359955], [14.161421597085608, 40.79284310259886], [14.161421561715446, 40.7928431301546], [14.161373917635915, 40.792883814598234], [14.161373907230262, 40.79288382342268], [14.161339420047144, 40.79291286840282], [14.161339299551829, 40.79291296225876], [14.16133917224555, 40.792913046645786], [14.161281329762163, 40.79294828563597], [14.161281152512773, 40.79294838172065], [14.161182946412131, 40.79299537601295], [14.161182921649221, 40.792995388286094], [14.16112143566534, 40.79302692819905], [14.161121395307765, 40.79302695008551], [14.161027915280561, 40.793080458663866], [14.161027873866963, 40.793080485163074], [14.161027835265415, 40.79308051561304], [14.160978860439412, 40.7931232301989], [14.160978830490055, 40.79312325858412], [14.160978802988646, 40.79312328934714], [14.160961049543406, 40.79314488277696], [14.160942339162004, 40.79316763924348], [14.160942319497284, 40.79316766394554], [14.160909116208174, 40.79321075150854], [14.16090904553618, 40.79321083810207], [14.160883852923764, 40.793240003122406], [14.16088369171936, 40.79324016925209], [14.160844461457494, 40.793276173120745], [14.16084433310519, 40.793276281352], [14.16084419612747, 40.793276378436616], [14.16079155259928, 40.79331046369206], [14.16079138305902, 40.79331056202428], [14.16079120470821, 40.793310643289985], [14.160791019259602, 40.79331070670874], [14.160790828494108, 40.793310751671534], [14.160790634243707, 40.79331077774656], [14.160790438373837, 40.79331078468343], [14.160790242765495, 40.79331077241551], [14.160790049297159, 40.793310741060615], [14.160789859826764, 40.79331069091987], [14.160789676173843, 40.79331062247478], [14.16069898482741, 40.793271661597295], [14.160698940135854, 40.79327164490626], [14.160698892806593, 40.79327165089487], [14.16059600003815, 40.793289757415295], [14.160595955419167, 40.79328976750967], [14.160595968668575, 40.793289811295445], [14.16061075244753, 40.79333132230956], [14.160610771635348, 40.79333136856206], [14.160610816458801, 40.79333139088519], [14.160822520905011, 40.7934236456745], [14.160822558870693, 40.79342366129945], [14.16097637796741, 40.7934833036771], [14.161019908820274, 40.79350018156972], [14.161020075442222, 40.79350025506531], [14.161020234688184, 40.79350034341235], [14.161020385237835, 40.79350044587833], [14.161020525842947, 40.79350056161371], [14.161080969923267, 40.79355511584242], [14.161167505683926, 40.79363321932605], [14.161167548823233, 40.79363325410898], [14.161167595559439, 40.79363328388423], [14.161229512695945, 40.79366804695516], [14.161281274331719, 40.793697106978136], [14.161330840388574, 40.79372493644292], [14.161330890769708, 40.7937249610958], [14.161330945395436, 40.793724973826336], [14.161598016105994, 40.79377148836222], [14.161598147882643, 40.79377151591241], [14.161908625845244, 40.793847416598524], [14.161908837634696, 40.79384748098423], [14.161909041011638, 40.79384756838052], [14.161909233484687, 40.793847677716776], [14.161996815620666, 40.793904059017834], [14.162091586439304, 40.79396503142757], [14.16209174277076, 40.79396514296977], [14.162091887683312, 40.79396526899174], [14.162092019840818, 40.79396540833154], [14.162092138024752, 40.793965559704404], [14.16209224114542, 40.79396572171463], [14.16209232825202, 40.793965892868435], [14.162092398541402, 40.79396607158774], [14.162117072548734, 40.79403889428966], [14.162150434440944, 40.79413761263739], [14.16215049194553, 40.79413781845383], [14.1621505271619, 40.79413802923094], [14.162150539687996, 40.794138242562326], [14.162151054757553, 40.79423731034168], [14.162151057574942, 40.7942373603315], [14.162151092491177, 40.794237396217085], [14.162197093408095, 40.79428007793353], [14.162197243185393, 40.794280232725626], [14.162197375447771, 40.79428040272709], [14.162197488661192, 40.79428058596615], [14.162231350693446, 40.794342634315015], [14.162261442680188, 40.794397775772005], [14.162261527514588, 40.79439795100659], [14.162261594909083, 40.79439813365931], [14.162261644225046, 40.794398321999346], [14.162261674995156, 40.79439851424199], [14.162261686927838, 40.79439870856555], [14.162261679910015, 40.79439890312861], [14.16226165400819, 40.794399096087496], [14.162261609467807, 40.794399285613714], [14.162261546710933, 40.794399469911326], [14.162261466332252, 40.79439964723392], [14.162261369093432, 40.79439981590118], [14.162261255915912, 40.79439997431483], [14.162192106811716, 40.79448742718544], [14.162191952107182, 40.79448760101399], [14.162191778258997, 40.794487755696466], [14.16213914832464, 40.794529359404756], [14.162104885986592, 40.79455690965185], [14.162067266224074, 40.794587159669916], [14.162067232197607, 40.79458718970383], [14.162067215007335, 40.79458723170783], [14.162024634086954, 40.79470664095745], [14.16202462007787, 40.794706687470345], [14.162024651643396, 40.794706724393535], [14.162213105454521, 40.79490606817974], [14.16221324190069, 40.79490622865761], [14.16221336071172, 40.79490640259622], [14.16221346056968, 40.794906588066134], [14.16221354036688, 40.79490678300999], [14.162241522088399, 40.79498694485812], [14.162241577838204, 40.79498713409163], [14.162241614674015, 40.794987327896905], [14.162241632237441, 40.794987524388354], [14.162241630357604, 40.79498772165423], [14.162241609052792, 40.79498791777529], [14.162241568530288, 40.794988110843384], [14.162241509184346, 40.794988298980094], [14.162241431592367, 40.794988480354974], [14.162241336509268, 40.79498865320336], [14.162241224860145, 40.79498881584357], [14.16224109773127, 40.7949889666932], [14.162240956359524, 40.794989104284596], [14.16224080212036, 40.794989227279075], [14.162240636514424, 40.79498933447999], [14.162240461152951, 40.794989424844346], [14.162240277742095, 40.79498949749295], [14.162240088066321, 40.79498955171899], [14.16223989397105, 40.79498958699487], [14.162239697344699, 40.79498960297739], [14.162168065947144, 40.79499187923446], [14.162168020852768, 40.794991882737385], [14.16216798194499, 40.79499190580147], [14.162105368630014, 40.79503300484992], [14.162105347262997, 40.7950330192726], [14.162043640188324, 40.795075839487026], [14.162043478519209, 40.79507594060866], [14.162043307954473, 40.7950760258739], [14.162043130044658, 40.79507609450761], [14.162042946407075, 40.79507614588587], [14.16190259790013, 40.795108285183254], [14.161902545482896, 40.79510830025942], [14.161902497613221, 40.79510832640061], [14.161838812676683, 40.79514779215605], [14.161838662319285, 40.795147876587286], [14.161770835183543, 40.79518220545379], [14.161577222932817, 40.79528082089048], [14.161577073176153, 40.7952808895534], [14.161576918276355, 40.79528094565784], [14.161576759284483, 40.7952809888231], [14.161407423691504, 40.79531955045797], [14.161407236959965, 40.79531958375643], [14.161248348080187, 40.795340199832864], [14.16124818077483, 40.79534021443084], [14.16090823149159, 40.79535553456455], [14.160908048919588, 40.795355534450735], [14.160907867118663, 40.79535551768849], [14.160824884360911, 40.79534402664463], [14.160760522694968, 40.79533518174103], [14.160760335156478, 40.795335146784886], [14.160760151801586, 40.79533509411989], [14.160759974298484, 40.79533502422521], [14.160759804262122, 40.795334937736754], [14.160759643239519, 40.79533483544141], [14.16075949269568, 40.795334718269864], [14.160655256355236, 40.79524528854739], [14.160655201194627, 40.795245244505686], [14.160567400476744, 40.795180081656056], [14.160454939211283, 40.795096731495946], [14.160454846180576, 40.7950966581809], [14.160317367217925, 40.79498155457477], [14.160317202209482, 40.794981399726375], [14.160317055749244, 40.79498122722939], [14.160316929712119, 40.794981039292026], [14.16019781119758, 40.794779653632794], [14.160197786599591, 40.79477961603801], [14.160197752821466, 40.79477958641594], [14.16013390257171, 40.79472851112579], [14.160133787762232, 40.79472841191611], [14.1600748013218, 40.79467339639638], [14.160074658850187, 40.79467324916631], [14.16007453218838, 40.79467308813327], [14.160074422665533, 40.794672914987096], [14.160074331430947, 40.79467273154472], [14.16007425944201, 40.79467253973115], [14.160074207454155, 40.79467234155922], [14.160074176012929, 40.79467213910848], [14.160074165448265, 40.7946719345034], [14.160074175871026, 40.794671729891036], [14.160074207171839, 40.79467152741854], [14.160092827258847, 40.79458180287719], [14.160092835105603, 40.794581751960514], [14.160092837653625, 40.794581700505795], [14.160092701202595, 40.794520634699445], [14.160092596660988, 40.7944741681287], [14.160092607972492, 40.794473951171526], [14.16009264274965, 40.794473736721265], [14.160092700582103, 40.79447352730834], [14.16009278078745, 40.79447332540374], [14.160141374921723, 40.79436805471467], [14.16014139538416, 40.79436800296975], [14.160141409946743, 40.794367949265144], [14.16015873134351, 40.79428624255062], [14.160158745830678, 40.79428615537615], [14.160172434476042, 40.79417306893787], [14.160172467503884, 40.79417287588716], [14.160172519255715, 40.79417268699259], [14.160172589235243, 40.79417250406561], [14.160172676771374, 40.794172328860476], [14.160172781024649, 40.79417216305737], [14.160172900995294, 40.79417200824633], [14.160173035532809, 40.79417186591197], [14.160173183346998, 40.79417173741925], [14.160200530186051, 40.7941502226714], [14.160232101385246, 40.794125385516914], [14.160232137028517, 40.79412535456469], [14.16023213165199, 40.794125307665], [14.160215283057559, 40.79402262431848], [14.1602152732218, 40.79402257837211], [14.160215229849644, 40.79402256029808], [14.160115537954828, 40.79398655551821], [14.160115485943006, 40.79398653990044], [14.160115431675194, 40.79398654193874], [14.160021444331367, 40.79399525281927], [14.160021393412961, 40.79399526022885], [14.160021349850568, 40.79399528761316], [14.15996567645309, 40.794034471830194], [14.15996560427789, 40.79403452031748], [14.159910239482487, 40.79406999247501], [14.15991017585945, 40.79407003681052], [14.159851217269596, 40.79411461639361], [14.159851182754927, 40.794114645041084], [14.159851164287511, 40.794114685917684], [14.159820007387557, 40.794192926929135], [14.15981993213302, 40.79419309336272], [14.1598198420081, 40.79419325223652], [14.15981973776451, 40.794193402225375], [14.159819620271731, 40.79419354207827], [14.159819490509754, 40.7941936706287], [14.15977142700803, 40.79423712067241], [14.159771372672425, 40.7942371736776], [14.159730521853653, 40.79428017000597], [14.159730409547214, 40.794280279297546], [14.159681955780233, 40.79432386943044], [14.159681839510508, 40.79432396632613], [14.159654760008712, 40.794344849226064], [14.159654725552562, 40.794344878405106], [14.159654711420872, 40.79434492122302], [14.159616463212132, 40.79448130419948], [14.15961640491285, 40.79448148024073], [14.159616330558867, 40.794481650125434], [14.15961624078943, 40.79448181239304], [14.159556580931113, 40.79457875241], [14.159556560487996, 40.794578788984616], [14.15955654318602, 40.794578827145635], [14.159510912650486, 40.79469186592215], [14.159510905946995, 40.79469188231888], [14.159499153008209, 40.79472027043528], [14.159499146143755, 40.79472028745599], [14.159480919995497, 40.79476670342181], [14.159480903707998, 40.79476675214589], [14.159480892523407, 40.79476680228799], [14.159471446808597, 40.79482253183712], [14.159471446297383, 40.7948225348394], [14.159454668236972, 40.79492061834827], [14.15945462653269, 40.794920806872476], [14.159454566843666, 40.794920990496664], [14.159454489726205, 40.79492116750943], [14.159454395899058, 40.79492133626099], [14.159365502073491, 40.795064477612215], [14.159365480176639, 40.79506451672203], [14.159365477621074, 40.79506456147149], [14.159363958036392, 40.79519431057576], [14.159363052050791, 40.795271629849516], [14.159363058798276, 40.79527175805108], [14.159368847242888, 40.79532105548047], [14.159391441385987, 40.7955134589249], [14.159391448337251, 40.79551350186031], [14.159391459002347, 40.795513544026974], [14.159434435752733, 40.795656858672764], [14.159451380183722, 40.7957133597861], [14.159451395468889, 40.79571340654194], [14.159483446021202, 40.795803849818306], [14.15950162213388, 40.79585513916231], [14.159501637888402, 40.79585517828194], [14.159501659934458, 40.795855214056765], [14.159602000343186, 40.79600370468138], [14.159602036276482, 40.796003754488666], [14.159651813631383, 40.796068465098024], [14.159705772238212, 40.79613861080656], [14.159705793966864, 40.79613863805738], [14.15977113916602, 40.79621772241093], [14.159899368873418, 40.79637291439217], [14.159899531729328, 40.79637314228441], [14.159993051688245, 40.79652554489832], [14.159993146552912, 40.796525718139854], [14.159993223866994, 40.796525899893716], [14.15999328287645, 40.79652608838727], [14.159993323005759, 40.79652628178213], [14.159993343863542, 40.79652647819213], [14.159993345246376, 40.79652667570167], [14.15999332714077, 40.79652687238447], [14.15999328972331, 40.796527066322255], [14.159993233358929, 40.79652725562358], [14.159942544990212, 40.79667110319332], [14.159942468265344, 40.79667129019584], [14.159942373057026, 40.796671468499014], [14.159942260337733, 40.79667163628164], [14.159942131258797, 40.79667179182994], [14.159941987138652, 40.79667193355513], [14.159941829449362, 40.79667206000961], [14.159941659801595, 40.79667216990175], [14.159941479928156, 40.796672262109084], [14.159941291666305, 40.796672335689806], [14.159941096938978, 40.79667238989234], [14.15994089773515, 40.796672424163056], [14.159940696089524, 40.796672438151916], [14.159940494061738, 40.79667243171602], [14.159940293715339, 40.79667240492111], [14.1598985773261, 40.79666466252496], [14.159898369131907, 40.79666461222025], [14.159898167511127, 40.796664539939904], [14.159897974776117, 40.796664446512914], [14.159897793137326, 40.79666433301077], [14.159897624677942, 40.796664200735215], [14.15983076801524, 40.796605654189754], [14.159830728481815, 40.79660562300881], [14.159830678199013, 40.79660562561476], [14.159753075372231, 40.79661366122137], [14.159753027463083, 40.796613668575105], [14.159752988688268, 40.796613697659105], [14.159699570861854, 40.79665802592761], [14.159699532872594, 40.79665806097644], [14.159699517560439, 40.796658110343756], [14.15967568189688, 40.796752136193035], [14.159675657131077, 40.79675222520347], [14.159657598821559, 40.79681176688571], [14.1596438516943, 40.796857093222755], [14.159643839427059, 40.79685714270143], [14.159643842770823, 40.796857193568336], [14.159651199651709, 40.79691973920637], [14.159651212718146, 40.79691992276457], [14.159653461954049, 40.79700972117786], [14.159653467460773, 40.79700980385859], [14.159674337055884, 40.79720235063197], [14.159674343202092, 40.797202391473654], [14.159674355964379, 40.7972024306051], [14.159743553506116, 40.79738830872148], [14.159743583381502, 40.797388394938764], [14.15977944224128, 40.797500050570434], [14.159779460938243, 40.79750011217707], [14.15979928212016, 40.79756941825539], [14.159799298408359, 40.797569465803534], [14.159799344358563, 40.79756948616794], [14.159853706311813, 40.79759030250701], [14.159853868594753, 40.797590373030125], [14.159854024009352, 40.79759045762069], [14.159929520888982, 40.7976359901232], [14.159929546000408, 40.797636004774446], [14.160022021265096, 40.79768817243777], [14.16002205640962, 40.79768819046879], [14.16002209287008, 40.79768820566358], [14.160199051260932, 40.79775385979346], [14.160199176194077, 40.79775391100683], [14.160359104108064, 40.7978258674458], [14.160359202585024, 40.7978259150329], [14.160535854273101, 40.79791731874003], [14.160535892218117, 40.797917336397134], [14.160535932440734, 40.797917347416906], [14.160738400534973, 40.79796384685969], [14.16073860276102, 40.797963904650224], [14.160738797799993, 40.79796398335803], [14.160991208447914, 40.79808163353662], [14.160991251340592, 40.79808165113509], [14.160991297698036, 40.79808165182034], [14.161213212704078, 40.79807453924285], [14.161213255453323, 40.79807453602263], [14.161213295953589, 40.798074521966214], [14.161375808008444, 40.79801013814486], [14.161375996198174, 40.79801007421063], [14.161473186329237, 40.79798235915471], [14.161473450636485, 40.797982302771246], [14.161618084770108, 40.79796154290691], [14.161618312645103, 40.79796152340998], [14.161618541256063, 40.79796153005627], [14.161618767613488, 40.797961562758864], [14.161799619228765, 40.79799835285857], [14.161799852690997, 40.79799841524941], [14.162049612927335, 40.7980816240464], [14.162049809604303, 40.798081701337445], [14.1620499970283, 40.79808179894883], [14.16211553333658, 40.79812046299661], [14.16225540560282, 40.798202981949366], [14.162255454498956, 40.79820300726272], [14.162255505890151, 40.79820302702452], [14.16242703915094, 40.798258315536835], [14.162427141675034, 40.79825834266959], [14.162604645216252, 40.79829536553091], [14.162604778754853, 40.7982953840891], [14.162758225219948, 40.79830622753898], [14.16283808951099, 40.798311871906876], [14.162838288050718, 40.79831189596269], [14.162838483195355, 40.79831193972655], [14.162838672993617, 40.79831200276087], [14.162838855547676, 40.79831208443536], [14.162926797589188, 40.7983568342984], [14.162926974781852, 40.798356936182884], [14.162927140650394, 40.79835705562038], [14.162927293462417, 40.79835719136342], [14.162927431621883, 40.79835734199426], [14.1629275536858, 40.79835750593964], [14.162927658379278, 40.79835768148725], [14.162927744608856, 40.7983578668036], [14.162927811473915, 40.79835805995316], [14.16292785827609, 40.7983582589186], [14.162927884526557, 40.79835846162183], [14.162927889951145, 40.79835866594574], [14.162924617396248, 40.798491786133155], [14.162924620332449, 40.79849189107319], [14.162935893943185, 40.798631592320866], [14.162935899826174, 40.79863163785217], [14.162935945735857, 40.798631637996145], [14.16299192518811, 40.79862912641307], [14.162991975348037, 40.79862912159915], [14.162992021746208, 40.79862910194221], [14.163054234756396, 40.79859892865898], [14.163083624820786, 40.79858467448931], [14.163083826193123, 40.798584590071016], [14.16308403556803, 40.79858452810799], [14.1630842504499, 40.7985844893388], [14.163084468277486, 40.79858447422554], [14.163163117045595, 40.798583321484635], [14.163381955208633, 40.79858011320802], [14.163382213199936, 40.798580126109016], [14.16342115102221, 40.79858460752105], [14.163549502842026, 40.79859937886726], [14.163549692344274, 40.79859940995635], [14.163549877991311, 40.79859945907673], [14.16355005807158, 40.79859952577554], [14.163550230924848, 40.79859960943785], [14.16355039495751, 40.79859970929235], [14.16355054865728, 40.79859982441843], [14.16355069060714, 40.7985999537547], [14.163550819498393, 40.798600096108764], [14.16355093414274, 40.79860025016819], [14.16355103348323, 40.798600414512656], [14.163551116603998, 40.798600587626986], [14.163551182738722, 40.798600767915175], [14.163551231277678, 40.79860095371508], [14.163560303288081, 40.79864404392634], [14.163560333653725, 40.79864423236604], [14.163579450597707, 40.798814154179226], [14.16357946268958, 40.79881433552065], [14.163579458269677, 40.79881451721102], [14.163570069508278, 40.798948859435505], [14.163570046162858, 40.798949054742316], [14.163570003745436, 40.79894924681137], [14.16356994266629, 40.79894943378489], [14.163569863516207, 40.79894961385439], [14.163569767060759, 40.79894978527815], [14.163569654232907, 40.79894994639809], [14.16356952612397, 40.79895009565578], [14.163569383973075, 40.79895023160755], [14.163569229155167, 40.7989503529384], [14.163515262875935, 40.798988516825865], [14.163515241832181, 40.79898853212208], [14.163469675893044, 40.79902256756628], [14.163469514691169, 40.79902267618561], [14.163469343706328, 40.79902276864309], [14.163469164553653, 40.79902284406538], [14.16346897892543, 40.799022901740024], [14.16341547391912, 40.79903671377184], [14.163305052433802, 40.79906521786329], [14.16330500610561, 40.799065232260354], [14.163304961396307, 40.79906525109232], [14.163180850929152, 40.799124795498436], [14.163180798913128, 40.79912482439915], [14.163180750717602, 40.79912485930055], [14.163132420672115, 40.79916446975904], [14.163132385627911, 40.79916450139066], [14.163132364881866, 40.799164543796536], [14.163101439080933, 40.799236227095925], [14.163101345031038, 40.799236416800774], [14.163101231452435, 40.79923659549944], [14.162995312380085, 40.799385231877274], [14.162995172909026, 40.79938540613607], [14.162995014889502, 40.79938556376897], [14.162946443983111, 40.799428886113674], [14.162946392245612, 40.7994289357025], [14.162799136649246, 40.799580570120284], [14.162799105999525, 40.799580604818566], [14.162799107484641, 40.79958065109134], [14.162809181816863, 40.79970741056017], [14.162809187871822, 40.799707599455296], [14.162809176069834, 40.79970778807859], [14.162809146516283, 40.79970797474573], [14.162809099475071, 40.799708157789865], [14.16280903536625, 40.79970833557652], [14.162808954762282, 40.79970850651812], [14.16280885838292, 40.79970866908827], [14.162808747088784, 40.799708821835274], [14.162808621873676, 40.79970896339519], [14.162808483855706, 40.79970909250395], [14.162808334267305, 40.79970920800869], [14.162808174444226, 40.79970930887799], [14.162754681017079, 40.7997396346381], [14.162754540883045, 40.799739706935455], [14.162754395488893, 40.7997397679682], [14.162645298912489, 40.799780583911435], [14.162645253966515, 40.79978060337336], [14.162645251599766, 40.79978065229468], [14.162645474335248, 40.79987803218589], [14.162645476930482, 40.7998780812282], [14.162645519880387, 40.79987810504407], [14.162796961232907, 40.79995232948965], [14.162797028338167, 40.79995236396389], [14.162931127721134, 40.800024483931736], [14.162982529226097, 40.80005200203245], [14.162982569966161, 40.80005202152338], [14.162982613377261, 40.80005203328972], [14.163117548916588, 40.80008217418866], [14.16311759359477, 40.800082182036114], [14.16311763712612, 40.80008216927902], [14.163248150190752, 40.80003732414336], [14.163248198943236, 40.800037304449766], [14.163248242467583, 40.800037274949304], [14.16330690693185, 40.79999280697133], [14.163306944853359, 40.799992775085734], [14.163306952945215, 40.7999927262058], [14.16331417935778, 40.799929339679856], [14.163314182418738, 40.79992929461996], [14.163314165287314, 40.79992925283159], [14.163289546336033, 40.79987623832126], [14.163289525475124, 40.79987619829151], [14.16328948910118, 40.79987617156131], [14.163163044573931, 40.79979186009552], [14.163162992276781, 40.79979182750689], [14.163085697603002, 40.79974690801124], [14.163085530184853, 40.79974679918801], [14.163085374452361, 40.799746674213125], [14.163085231957842, 40.7997465343323], [14.16308510412166, 40.79974638093986], [14.16308499221806, 40.79974621556478], [14.163084897362483, 40.799746039855506], [14.163084820500432, 40.799745855563465], [14.163084762398054, 40.79974566452565], [14.163084723634505, 40.79974546864631], [14.163084704596173, 40.79974526987791], [14.163084705472828, 40.799745070201766], [14.163084726255734, 40.799744871608205], [14.163084766737729, 40.79974467607678], [14.163084826515297, 40.79974448555651], [14.16308490499258, 40.79974430194647], [14.163085001387335, 40.79974412707685], [14.163325264484687, 40.799355511408365], [14.163344007995782, 40.799325192074484], [14.163344125210232, 40.799325022648894], [14.163344259232165, 40.79932486618044], [14.163344408639466, 40.79932472432941], [14.163344571846766, 40.799324598601], [14.163344747122261, 40.79932449032931], [14.163344932606092, 40.79932440066323], [14.163345126330077, 40.799324330554214], [14.163502481359858, 40.79927639358338], [14.163502506782251, 40.79927638546638], [14.163621609901723, 40.799236598560036], [14.163709402481318, 40.79920727188483], [14.163749593708948, 40.799193845587666], [14.163749639752014, 40.79919382757895], [14.163749663104337, 40.799193784002064], [14.163869168318776, 40.79894093334441], [14.16386918930407, 40.798940881592536], [14.1638691982083, 40.7989408264622], [14.163887573379029, 40.798764527929485], [14.16388757602692, 40.79876448022438], [14.163887556170595, 40.798764436767314], [14.163849111994724, 40.798690047735484], [14.163849032997287, 40.79868987528421], [14.163848970692369, 40.79868969612469], [14.163848925640401, 40.79868951186846], [14.163848898246629, 40.79868932417291], [14.163829820301686, 40.79849424493424], [14.163825083057253, 40.798447891889836], [14.163825072792944, 40.7984477084759], [14.163825079400812, 40.79844752489386], [14.163825102825111, 40.79844734269251], [14.163825142868221, 40.798447163408994], [14.163846169540221, 40.79836989318461], [14.16384622727795, 40.79836971455953], [14.163846301509038, 40.79836954213473], [14.163846391579497, 40.7983693774293], [14.163846496695793, 40.79836922189432], [14.163846615931838, 40.79836907690007], [14.163846748237146, 40.79836894372398], [14.163846892446088, 40.79836882353934], [14.163847047288161, 40.798368717405], [14.163847211399187, 40.798368626256014], [14.163847383333323, 40.798368550895425], [14.164013804840417, 40.79830473959505], [14.164273849751703, 40.79820469423141], [14.164273893689062, 40.79820467791609], [14.164706955002101, 40.79804961797868], [14.16505544935382, 40.79792483535416], [14.165055631713644, 40.79792477971084], [14.165055818543292, 40.79792474168497], [14.165056008144893, 40.79792472162213], [14.165056198795378, 40.79792471970464], [14.165056388762151, 40.79792473594993], [14.165056576318829, 40.79792477021036], [14.165056759760928, 40.797924822174586], [14.165056937421362, 40.79792489137036], [14.165057107685582, 40.79792497716884], [14.165057269006258, 40.797925078790314], [14.165057419917337, 40.79792519531126], [14.165057559047366, 40.79792532567276], [14.165057685131956, 40.797925468690096], [14.165057797025273, 40.79792562306357], [14.16505789371045, 40.79792578739026], [14.16508936863722, 40.79798563847864], [14.165089393077956, 40.79798567992816], [14.165089431414767, 40.797985709009176], [14.165169631252143, 40.79804061536599], [14.165169792132948, 40.79804073789885], [14.16516993981725, 40.798040876051964], [14.165240624070238, 40.7981140414668], [14.1652406587457, 40.79811407401523], [14.165240705118077, 40.79811406346157], [14.165307416467714, 40.79809541003503], [14.16545159974748, 40.79805510383079], [14.165451681046205, 40.798055077305406], [14.1656975819658, 40.79796303245483], [14.16569764720851, 40.79796300931261], [14.16580018423019, 40.79792862436224], [14.166131251888162, 40.79781759891359], [14.166348503815257, 40.79774474277397], [14.166348533244022, 40.797744733157685], [14.166534324762242, 40.79768561063398], [14.166826128157494, 40.797592751227846], [14.167248719047523, 40.79745744754814], [14.167248755036965, 40.79745743448308], [14.167248789919169, 40.797457418697405], [14.167314099638917, 40.797424789453295], [14.167314143130696, 40.79742476636918], [14.167371041507339, 40.797392746423355], [14.167371081331282, 40.79739272138715], [14.167371073926569, 40.79739267493363], [14.167362050630347, 40.79734964905231], [14.167362030862305, 40.79734953976991], [14.16735148032294, 40.79728028752261], [14.167351460266174, 40.797280091281294], [14.167351459639047, 40.797279894018686], [14.167351478447664, 40.79727969765381], [14.167351516509047, 40.79727950409695], [14.167351573452931, 40.79727931523106], [14.167351648725347, 40.79727913289348], [14.167351741594032, 40.79727895885804], [14.167351851155535, 40.79727879481778], [14.167351976344019, 40.79727864236853], [14.167352115941618, 40.79727850299336], [14.167352268590296, 40.797278378048134], [14.167352432805052, 40.79727826874835], [14.167352606988365, 40.7972781761573], [14.16735278944574, 40.797278101175735], [14.167352978402189, 40.79727804453309], [14.167353172019501, 40.7972780067804], [14.167353368414119, 40.79727798828493], [14.167353565675475, 40.797277989226615], [14.167353761884561, 40.79727800959628], [14.16735395513261, 40.797278049195775], [14.167354143539661, 40.79727810763987], [14.167354325272848, 40.797278184359996], [14.167419008336632, 40.797309333922286], [14.167419198835136, 40.797309438781696], [14.16741937682361, 40.79730956370279], [14.167419540197999, 40.79730970720883], [14.167419687027007, 40.7973098676034], [14.167479906472824, 40.79738329634689], [14.167479938018625, 40.79738333122038], [14.167479983798344, 40.79738332047267], [14.167815244169365, 40.79728725923992], [14.167815324724463, 40.79728723240739], [14.168135898871059, 40.79716509325933], [14.16813607581936, 40.7971650351226], [14.168136257408586, 40.79716499369877], [14.168136442063874, 40.79716496934709], [14.16813662818378, 40.79716496227875], [14.168136814154149, 40.79716497255505], [14.168136998362126, 40.797165000086885], [14.168137179210142, 40.79716504463546], [14.168137355129764, 40.797165105814436], [14.168137524595304, 40.79716518309323], [14.168386573193992, 40.79729308078172], [14.168386611354036, 40.79729309838872], [14.168386650860503, 40.79729311272151], [14.168698583271626, 40.79739162375488], [14.168698595327141, 40.797391627604114], [14.168908671048907, 40.79745943617823], [14.168908812524434, 40.797459487802065], [14.168908949714353, 40.7974595499251], [14.168985305090203, 40.79749765243791], [14.168985388853686, 40.7974976895446], [14.169080951018787, 40.79753488269254], [14.169081134145907, 40.79753496477003], [14.169081308125898, 40.79753506478613], [14.169081471207116, 40.79753518173387], [14.169081621747647, 40.79753531443581], [14.169081758231844, 40.79753546155591], [14.169081879285569, 40.79753562161294], [14.16908198369005, 40.79753579299544], [14.169082070394136, 40.79753597397792], [14.169082138524882, 40.79753616273824], [14.169082187396345, 40.79753635737595], [14.169082216516484, 40.79753655593142], [14.169082225592115, 40.797536756405584], [14.169082214531864, 40.79753695678005], [14.169082183447085, 40.797537155037446], [14.169082132650745, 40.797537349181695], [14.169082062654262, 40.797537537258144], [14.169081974162365, 40.79753771737322], [14.169081868065998, 40.797537887713524], [14.169081745433346, 40.79753804656405], [14.16908160749908, 40.79753819232548], [14.169037069119867, 40.79758076105821], [14.169036994522877, 40.7975808405856], [14.168307027642184, 40.79844954413434], [14.168307015077666, 40.79844955894033], [14.168266118669537, 40.79849727956667], [14.168266105589385, 40.79849729467601], [14.167766269160357, 40.79906887738929], [14.167766240067682, 40.79906891411834], [14.167766266315962, 40.799068952931115], [14.167793582538323, 40.79910539258662], [14.167793610496098, 40.79910542663794], [14.167793643884073, 40.79910545512077], [14.16853681675871, 40.79968515794852], [14.168702005632168, 40.79981250333928], [14.16870204561127, 40.79981253106073], [14.168702085628293, 40.79981250339379], [14.16874783972967, 40.79977733067222], [14.168747874169473, 40.799777301472034], [14.168747840077893, 40.799777271866034], [14.168584465971657, 40.799648573997516], [14.168584456054566, 40.79964856628579], [14.167834584831876, 40.79907297347113], [14.167834435112471, 40.79907284639429], [14.167834298577317, 40.79907270524695], [14.167834176542758, 40.799072551389905], [14.167834070185346, 40.79907238630653], [14.167833980530483, 40.79907221158839], [14.16783390844254, 40.79907202891997], [14.167833854616527, 40.7990718400624], [14.167833819571383, 40.799071646836474], [14.167833803644985, 40.7990714511051], [14.16783380699088, 40.79907125475534], [14.167833829576807, 40.79907105968023], [14.167833871185017, 40.79907086776051], [14.167833931414359, 40.7990706808465], [14.167834009684155, 40.79907050074025], [14.167834105239798, 40.79907032917819], [14.167834217160028, 40.799070167814364], [14.167834344365808, 40.7990700182045], [14.168053476380765, 40.798836559303034], [14.168053551365237, 40.79883646939377], [14.16808241424668, 40.79879741988564], [14.168082536055653, 40.79879727068928], [14.168082671651156, 40.79879713390171], [14.168082819775641, 40.79879701079153], [14.168082979055368, 40.7987969025005], [14.168083148013139, 40.79879681003293], [14.168083325081994, 40.79879673424639], [14.168083508619755, 40.79879667584374], [14.16808369692425, 40.79879663536663], [14.168083888249093, 40.79879661319044], [14.168084080819895, 40.79879660952084], [14.168084272850704, 40.79879662439188], [14.16808446256058, 40.798796657665626], [14.168084648190108, 40.798796709033496], [14.168084828017713, 40.79879677801908], [14.168085000375632, 40.79879686398261], [14.168085163665374, 40.798796966126815], [14.169039093541466, 40.79945965741091], [14.169039133439384, 40.79945968234152], [14.169039172019609, 40.79945965541656], [14.169082261394346, 40.79942635342418], [14.169082296608767, 40.79942632331802], [14.16908225990797, 40.79942629504292], [14.168112116363616, 40.7987524795005], [14.168111961865925, 40.79875236062699], [14.168111819674763, 40.79875222727737], [14.168111691140965, 40.79875208071847], [14.168111577485613, 40.798751922342625], [14.168111479788447, 40.79875175365442], [14.168111398977603, 40.79875157625641], [14.16811133582079, 40.79875139183389], [14.168111290918006, 40.7987512021389], [14.168111264695831, 40.798751008973575], [14.168111257403382, 40.79875081417299], [14.168111269109936, 40.79875061958778], [14.168111299704279, 40.79875042706652], [14.168111348895762, 40.798750238438195], [14.168111416217059, 40.798750055494786], [14.168111501028614, 40.79874987997428], [14.168111602524704, 40.79874971354414], [14.168111719741104, 40.79874955778547], [14.168317417211522, 40.798502292405956], [14.168317482538933, 40.79850221772548], [14.168356890222451, 40.798459361416526], [14.168357030500442, 40.79845922318778], [14.168357183693177, 40.79845909942556], [14.168357348315256, 40.7984589913299], [14.16835752277046, 40.798458899948926], [14.168357705367223, 40.798458826168684], [14.168357894335035, 40.798458770704585], [14.168358087841613, 40.79845873409441], [14.168358284010665, 40.79845871669315], [14.168358480940082, 40.798458718669515], [14.168358676720379, 40.798458740004364], [14.16835886945322, 40.79845878049082], [14.168359057269813, 40.79845883973631], [14.168359238349037, 40.798458917166386], [14.168359410935096, 40.79845901203025], [14.169384230199435, 40.799089928409394], [14.169384271061048, 40.79908995092456], [14.169384308098456, 40.799089922554984], [14.1694335217796, 40.7990483134043], [14.169433555835653, 40.7990482815745], [14.169433517328326, 40.79904825530407], [14.168402891470471, 40.798417882920745], [14.168402731798516, 40.79841777433187], [14.168402583342667, 40.79841765085094], [14.16840244748678, 40.79841751362902], [14.168402325497262, 40.798417363945234], [14.168402218511254, 40.798417203194894], [14.168402127526047, 40.79841703287646], [14.168402053389775, 40.798416854577574], [14.168401996793511, 40.7984166699603], [14.168401958264829, 40.79841648074555], [14.168401938162877, 40.79841628869715], [14.16840193667504, 40.79841609560529], [14.16840195381519, 40.79841590326993], [14.168401989423549, 40.798415713483934], [14.168402043168188, 40.79841552801644], [14.168402114548119, 40.79841534859631], [14.168402202897958, 40.798415176896036], [14.168402307394143, 40.79841501451616], [14.168402427062588, 40.79841486297032], [14.168703006283199, 40.79806985844845], [14.168703090913752, 40.79806974625897], [14.168726653645699, 40.79803345586975], [14.16872676609788, 40.79803329968006], [14.168726893042095, 40.79803315502225], [14.168727033302817, 40.798033023235895], [14.168727185581211, 40.798032905541355], [14.168727348467149, 40.798032803028505], [14.16872752045228, 40.798032716646624], [14.168727699943988, 40.79803264719563], [14.16872788528015, 40.79803259531865], [14.16872807474452, 40.79803256149608], [14.168728266582622, 40.798032546041114], [14.168728459018004, 40.79803254909687], [14.16872865026868, 40.79803257063505], [14.16872883856363, 40.79803261045622], [14.168729022159214, 40.7980326681916], [14.168729199355303, 40.798032743306585], [14.168729368511029, 40.79803283510557], [14.169745260385593, 40.79864919767245], [14.169745301825607, 40.79864922012813], [14.169745338665464, 40.7986491907283], [14.169785483313143, 40.79861381724251], [14.169785516389187, 40.7986137850775], [14.169785478347297, 40.79861375897316], [14.168766349056467, 40.7979857353178], [14.168766189052954, 40.797985625669455], [14.168766040423602, 40.7979855010372], [14.168765904566413, 40.79798536259332], [14.168765782759259, 40.79798521164002], [14.168765676147851, 40.797985049597145], [14.168765585734976, 40.79798487798888], [14.168765512371051, 40.797984698429374], [14.168765456746138, 40.79798451260754], [14.168765419383444, 40.797984322271226], [14.168765400634399, 40.797984129210725], [14.168765400675357, 40.79798393524196], [14.168765419505931, 40.797983742189395], [14.168765456949004, 40.797983551868874], [14.168765512652387, 40.797983366070554], [14.168765586092134, 40.79798318654204], [14.168765676577474, 40.797983014971976], [14.168765783257305, 40.797982852974144], [14.1687659051282, 40.7979827020723], [14.16905690141786, 40.79765614570388], [14.16905703243811, 40.797656011855686], [14.169104008832752, 40.79761231613776], [14.16910415280658, 40.797612194359345], [14.169104307609553, 40.79761208668166], [14.16910447186553, 40.79761199406191], [14.169104644114341, 40.79761191732345], [14.16910482282476, 40.79761185714845], [14.169105006408124, 40.79761181407185], [14.169105193232443, 40.79761178847659], [14.169105381636925, 40.79761178059018], [14.169105569946728, 40.79761179048274], [14.169105756487848, 40.797611818066336], [14.16910593960201, 40.797611863095746], [14.169106117661398, 40.79761192517069], [14.169263643535496, 40.79767531916475], [14.169263675790162, 40.79767533150236], [14.169542820538167, 40.797776615942766], [14.169949133755477, 40.797924038808624], [14.169980937843249, 40.79793557851465], [14.169981045108251, 40.79793562097376], [14.17022243829145, 40.79803932174659], [14.170222484207471, 40.79803933877488], [14.17022251975383, 40.79803930508949], [14.170261616614713, 40.79799830583418], [14.170261737228888, 40.79799818952194], [14.170309945930319, 40.79795544955022], [14.170310106545015, 40.79795532127206], [14.17031027947803, 40.79795521015708], [14.170310462902657, 40.79795511737898], [14.170310654881364, 40.79795504391781], [14.170310853386264, 40.797954990549535], [14.170311056320529, 40.79795495783789], [14.170311261540546, 40.797954946128414], [14.170311466878559, 40.79795495554479], [14.170311670165562, 40.797954985987545], [14.170311869254217, 40.79795503713513], [14.170447694333479, 40.79799748193994], [14.170447849941427, 40.79799753772402], [14.170573530607353, 40.7980485478554], [14.1705737645481, 40.79804866102684], [14.170651115547637, 40.79809249717839], [14.170715503194266, 40.79812898630236], [14.170715660679244, 40.798129085505416], [14.170715808260137, 40.79812919891902], [14.170835205173772, 40.79823012832017], [14.170835341886537, 40.798230255282256], [14.170835466173433, 40.798230394431535], [14.170835576952857, 40.79823054455705], [14.1709055863596, 40.79833531858207], [14.17090564808502, 40.79833541703458], [14.170969821535323, 40.798444705329594], [14.170969844782883, 40.79844474127883], [14.170969876448114, 40.79844477009035], [14.17106598780563, 40.79852493168564], [14.171066131291088, 40.79852506373864], [14.171066261234486, 40.798525209137345], [14.171066376400512, 40.79852536649953], [14.171066475694337, 40.79852553432923], [14.171066558172026, 40.79852571103096], [14.171066623049498, 40.79852589492491], [14.17106666971, 40.79852608426288], [14.171066697709948, 40.79852627724494], [14.171066706783163, 40.798526472036485], [14.17106669684339, 40.79852666678574], [14.171066667985121, 40.79852685964131], [14.171066620482698, 40.79852704876981], [14.171066554787703, 40.798527232373296], [14.171066471524668, 40.79852740870633], [14.171066371485134, 40.798527576092596], [14.171066255620127, 40.79852773294083], [14.171066125031123, 40.79852787775997], [14.171065980959565, 40.79852800917328], [14.171065824775074, 40.79852812593147], [14.171065657962421, 40.79852822692459], [14.171006608099374, 40.79856015185189], [14.17100654320365, 40.79856018542021], [14.17087807858111, 40.79862368873448], [14.170878036997093, 40.79862371191822], [14.17087804760688, 40.798623758330976], [14.170893315868472, 40.79867803196758], [14.170893325746793, 40.798678064899114], [14.171050247022178, 40.799170283381045], [14.171050296841596, 40.799170470517375], [14.171050328328846, 40.799170661594665], [14.171050341188721, 40.79917085482148], [14.17105033530065, 40.79917104838622], [14.171050310719838, 40.79917124047413], [14.171050267676744, 40.79917142928427], [14.171050206574916, 40.79917161304647], [14.171050127987217, 40.79917179003786], [14.171050032650442, 40.79917195859906], [14.17104992145842, 40.79917211714973], [14.171049795453635, 40.79917226420337], [14.171049655817441, 40.79917239838128], [14.171002936141452, 40.79921313018302], [14.170801990072235, 40.79939131605637], [14.170801841458585, 40.79939143567656], [14.170801682123765, 40.799391540592815], [14.170801513517521, 40.79939162985053], [14.170801337173957, 40.79939170263758], [14.170801154697585, 40.799391758291684], [14.170800967748708, 40.79939179630646], [14.170800778028328, 40.799391816336026], [14.170800587262663, 40.79939181819813], [14.170800397187444, 40.79939180187584], [14.170800209532118, 40.79939176751766], [14.170800026004114, 40.79939171543621], [14.170799848273306, 40.79939164610536], [14.170799677956825, 40.79939156015595], [14.170799516604339, 40.79939145836999], [14.170019202416999, 40.798845510039975], [14.170019162011748, 40.79884548464739], [14.170019123309606, 40.79884551256715], [14.169975412830977, 40.79888045383869], [14.169975378409795, 40.79888048422417], [14.169975414680284, 40.79888051237633], [14.170757447259616, 40.79942848688413], [14.17075760562862, 40.799428610148674], [14.170757750847175, 40.79942874866387], [14.17075788145312, 40.79942890103505], [14.170757996131417, 40.799429065728035], [14.170758093727406, 40.79942924108456], [14.170758173258413, 40.79942942533903], [14.170758233923669, 40.79942961663622], [14.17075827511235, 40.79942981305002], [14.170758296409737, 40.7994300126028], [14.170758297601395, 40.799430213285305], [14.170758278675326, 40.79943041307693], [14.170758239822087, 40.79943060996602], [14.170758181432886, 40.79943080197016], [14.170758104095624, 40.799430987156114], [14.170758008588988, 40.79943116365929], [14.17075789587461, 40.799431329702536], [14.17075776708738, 40.79943148361399], [14.17075762352402, 40.79943162384399], [14.170713630958998, 40.7994704784643], [14.170713616575783, 40.79947049104588], [14.170358624156286, 40.799778036080504], [14.170358474365953, 40.79977815384166], [14.170358314049116, 40.79977825681421], [14.170358144660844, 40.79977834406355], [14.170357967738541, 40.799778414797785], [14.170357784887988, 40.799778468374925], [14.170357597768778, 40.79977850430868], [14.170357408079242, 40.799778522272916], [14.170357217541042, 40.79977852210459], [14.170357027883544, 40.799778503805214], [14.170356840828116, 40.7997784675409], [14.170356658072514, 40.799778413640766], [14.170356481275466, 40.79977834259404], [14.17035631204162, 40.799778255045545], [14.170356151906972, 40.799778151789894], [14.16959083895629, 40.79923136354711], [14.16959079913721, 40.799231337946686], [14.169590760182075, 40.79923136484363], [14.169545059375778, 40.7992663439638], [14.169545024102804, 40.79926637382582], [14.169545060424669, 40.79926640240272], [14.170316777600572, 40.7998142983843], [14.170316929928031, 40.79981441803589], [14.170317069966336, 40.79981455186201], [14.170317196401923, 40.79981469860738], [14.170317308048823, 40.799814856895495], [14.17031740385978, 40.79981502524162], [14.170317482936087, 40.79981520206667], [14.170317544536003, 40.799815385712], [14.17031758808172, 40.799815574455025], [14.170317613164775, 40.79981576652533], [14.170317619549891, 40.799815960121265], [14.170317607177173, 40.79981615342692], [14.17031757616268, 40.79981634462906], [14.170317526797325, 40.79981653193421], [14.17031745954416, 40.79981671358545], [14.170317375034022, 40.79981688787886], [14.17031727405962, 40.79981705317959], [14.170317157568098, 40.79981720793709], [14.170317026652151, 40.79981735069973], [14.17028146916276, 40.79985254140207], [14.170281414373232, 40.799852593611774], [14.169984110993228, 40.80012535342062], [14.169983957752518, 40.80012548055951], [14.169983792629274, 40.80012559183092], [14.16998361726016, 40.80012568613196], [14.169983433383388, 40.80012576252795], [14.169983242821502, 40.80012582026165], [14.169983047463303, 40.80012585876083], [14.169982849245134, 40.8001258776439], [14.169982650131683, 40.80012587672368], [14.169982452096514, 40.800125856009316], [14.169982257102506, 40.800125815706096], [14.169982067082385, 40.80012575621352], [14.16998188391959, 40.80012567812124], [14.169981709429582, 40.80012558220331], [14.169981545341862, 40.80012546941043], [14.169267444459924, 40.799580333157344], [14.169267405337083, 40.79958030623915], [14.169267368431164, 40.79958033612462], [14.169239627453049, 40.79960516357879], [14.16923959479262, 40.799605195790825], [14.169239629411772, 40.799605225888], [14.169945886251861, 40.800161529591634], [14.169946032908127, 40.800161657131056], [14.169946166492508, 40.80016179830321], [14.169946285743487, 40.800161951774925], [14.169946389534907, 40.800162116096885], [14.169946476886603, 40.800162289717285], [14.169946546973662, 40.80016247099654], [14.169946599134214, 40.80016265822272], [14.16994663287567, 40.80016284962773], [14.169946647879394, 40.80016304340403], [14.169946644003694, 40.800163237721655], [14.169946621285172, 40.80016343074558], [14.169946579938374, 40.80016362065294], [14.16994652035376, 40.800163805650335], [14.169946443094023, 40.800163983990736], [14.169946348888773, 40.800164153989954], [14.169946238627645, 40.8001643140426], [14.1699461133519, 40.800164462637184], [14.16990792524324, 40.80020553162088], [14.169907832061337, 40.800205625414826], [14.1696325719642, 40.8004649575171], [14.169632425846542, 40.800465082482425], [14.169632268404584, 40.800465192839724], [14.169632101093356, 40.800465287569104], [14.169631925459091, 40.80046536579511], [14.169631743124947, 40.80046542679481], [14.169631555775995, 40.80046547000445], [14.169631365143655, 40.80046549502471], [14.169631172989686, 40.80046550162435], [14.169630981089915, 40.8004654897424], [14.169630791217816, 40.80046545948865], [14.169630605128129, 40.800465411142696], [14.16963042454063, 40.800465345151345], [14.169630251124254, 40.80046526212447], [14.169630086481655, 40.80046516282936], [14.169629932134407, 40.80046504818369], [14.168977047609726, 40.799929540461356], [14.16897700900434, 40.79992951189895], [14.16897697113377, 40.799929541428774], [14.168936347263008, 40.799964617770534], [14.168936313921728, 40.799964649517364], [14.168936348343237, 40.79996468008951], [14.169531620019521, 40.800443675796025], [14.169531738173127, 40.80044375759924], [14.169606012204396, 40.80048763206122], [14.169643728999267, 40.80050983657741], [14.169643771187092, 40.80050985868938], [14.169643807592625, 40.800509827974786], [14.170352641756741, 40.79984930993457], [14.170352663040505, 40.799849290386945], [14.170401670837396, 40.799804928617824], [14.170401692130353, 40.799804909618096], [14.171063893922463, 40.79922245870754], [14.171063931165014, 40.799222426752], [14.171115101403112, 40.7991795994052], [14.17111513657997, 40.79917956687594], [14.171115124114609, 40.79917952061384], [14.170943971931864, 40.79865003256207], [14.170943920077278, 40.79864983973232], [14.170943887709281, 40.79864964269293], [14.17094387515052, 40.79864944340798], [14.170943882526181, 40.79864924386398], [14.170943909762745, 40.798649046049974], [14.170943956588712, 40.79864885193779], [14.170944022537322, 40.79864866346235], [14.170944106951193, 40.79864848250239], [14.170944208988887, 40.798648310861715], [14.170944327633283, 40.79864815025127], [14.17094446170173, 40.798648002272], [14.170944609857825, 40.798647868398994], [14.17094477062474, 40.7986477499667], [14.170944942399943, 40.798647648155644], [14.171048093904561, 40.798593276810344], [14.171048161272777, 40.79859323787723], [14.171105407521367, 40.79855711155758], [14.171105576686767, 40.7985570159637], [14.171105754330112, 40.79855693723656], [14.171105938774668, 40.79855687611924], [14.171106128279503, 40.79855683318862], [14.171106321055923, 40.7985568088499], [14.171106515284352, 40.798556803332815], [14.171106709131513, 40.79855681668945], [14.171106900767724, 40.798556848793716], [14.171107088384172, 40.79855689934259], [14.171107270209987, 40.79855696785897], [14.171107444528957, 40.798557053696136], [14.17110760969572, 40.79855715604388], [14.171107764151307, 40.798557273936176], [14.171107906437843, 40.79855740626026], [14.171108035212319, 40.798557551767146], [14.171108149259258, 40.79855770908344], [14.171108247502197, 40.79855787672427], [14.171126214907554, 40.798592263696534], [14.171126225827358, 40.79859228402069], [14.171240857102998, 40.79879985830791], [14.171240881648966, 40.79879989816774], [14.171240921682372, 40.798799922429744], [14.171295476157797, 40.79882954552836], [14.171295517895981, 40.79882956572799], [14.171295563593413, 40.798829573591874], [14.171366569864661, 40.79883840195266], [14.171366740345036, 40.79883843067856], [14.17136690770768, 40.79883847402], [14.171367070702033, 40.798838531653125], [14.171367228110165, 40.79883860314728], [14.171508347306727, 40.798910210966014], [14.171508507572058, 40.798910301802955], [14.171508658799508, 40.79891040700079], [14.17150879970605, 40.79891052566701], [14.171508929096223, 40.79891065679485], [14.17150904587227, 40.7989107992718], [14.171509149043453, 40.79891095188908], [14.17150923773446, 40.79891111335186], [14.171509311192827, 40.7989112822903], [14.171524326088717, 40.79895068315283], [14.171524385893719, 40.798950866095424], [14.171524427836717, 40.798951053939554], [14.17152445152927, 40.79895124494556], [14.17152445675196, 40.798951437344506], [14.171524443456416, 40.79895162935456], [14.171524411765773, 40.79895181919748], [14.171524361973521, 40.798952005115105], [14.171524294540795, 40.798952185385616], [14.171524210092098, 40.79895235833951], [14.171524109409527, 40.79895252237503], [14.171523993425515, 40.79895267597301], [14.171523863214208, 40.79895281771097], [14.171523719981517, 40.79895294627623], [14.171473349194015, 40.79899395903143], [14.171473313855076, 40.79899399076634], [14.171473306197354, 40.79899403764178], [14.171469032708208, 40.79903150600453], [14.171469029648014, 40.79903155373008], [14.171469072792341, 40.79903157436176], [14.171540117671384, 40.799061321074355], [14.171540164844632, 40.79906133809085], [14.171540213488923, 40.79906135028081], [14.1716279220894, 40.79907869257019], [14.171627959711834, 40.7990786985274], [14.171627997679249, 40.79907870159797], [14.171864132746643, 40.799088750057976], [14.171864363630515, 40.79908877335772], [14.171864590261366, 40.79908882324457], [14.172275464930191, 40.79920462460576], [14.17227549241665, 40.79920463256526], [14.172327569980638, 40.799220117787414], [14.17232761443327, 40.799220128763494], [14.172327649544895, 40.79922009937475], [14.172375137641378, 40.79917640183041], [14.17237518895194, 40.79917635621681], [14.172424104909114, 40.799134352038095], [14.172424258488997, 40.79913423262975], [14.172424422943351, 40.79913412870719], [14.172424596716224, 40.799134041253645], [14.172424778163505, 40.799133971096545], [14.172424965568466, 40.79913391889967], [14.172425157158019, 40.79913388515687], [14.172425351119479, 40.79913387018739], [14.172425545617724, 40.799133874132856], [14.172425738812548, 40.79913389695595], [14.17242592887608, 40.799133938440725], [14.17242611401008, 40.79913399819469], [14.172426292462935, 40.799134075652496], [14.172426462546259, 40.79913417008129], [14.17242662265084, 40.79913428058765], [14.172426771261888, 40.79913440612605], [14.17242690697335, 40.799134545508736], [14.17242702850122, 40.79913469741697], [14.172427134695688, 40.799134860413496], [14.17245974114626, 40.79919066606283], [14.172489458958239, 40.79924153159692], [14.172541172273318, 40.79933004164173], [14.172541243212507, 40.79933017426876], [14.172541303984124, 40.79933031185186], [14.172565472980454, 40.799391118375986], [14.172593319089604, 40.79946117725025], [14.172695919417981, 40.7997193051785], [14.172695953553555, 40.79971939763284], [14.172767814352744, 40.799929847939225], [14.172850264182726, 40.8001715345934], [14.172850293706535, 40.800171610791516], [14.172998157580485, 40.80051131619499], [14.172998237727091, 40.800511534089615], [14.17299829208236, 40.800511759804145], [14.173022204792778, 40.800644495999066], [14.173022206451494, 40.8006445053331], [14.173060420635094, 40.80086254527903], [14.173060442471133, 40.80086264159987], [14.173099577009955, 40.80100275470654], [14.173099612671729, 40.80100290438973], [14.1730996367204, 40.80100305637158], [14.173108878491716, 40.801080710353816], [14.173108896150945, 40.80108081289682], [14.173128279984248, 40.80116643903875], [14.173128294308054, 40.80116650791686], [14.173166690276458, 40.801368939035775], [14.17316672751881, 40.80136907901553], [14.173225915175443, 40.801540414036396], [14.173225965003839, 40.80154058170401], [14.1732259999919, 40.80154075308409], [14.1732544398572, 40.801719661098446], [14.173254449506885, 40.801719707471015], [14.173254463513445, 40.80171975271859], [14.173333551236842, 40.80193796012317], [14.173333629605139, 40.8019382371607], [14.173372199690855, 40.802125017299694], [14.173372220248108, 40.80212513429353], [14.173398696149489, 40.80230741947247], [14.173398715458061, 40.80230763055602], [14.173398712318484, 40.80230784249759], [14.173393366678775, 40.80238653286433], [14.173393344226582, 40.802386725141886], [14.173393303290444, 40.8023869143481], [14.173393244253877, 40.802387098710355], [14.173393167669978, 40.80238727650143], [14.173393074256238, 40.80238744605564], [14.173392964887821, 40.8023876057845], [14.173392840589363, 40.80238775419155], [14.173392702525382, 40.80238788988641], [14.173392551989355, 40.8023880115978], [14.173392390391607, 40.80238811818545], [14.173392219246095, 40.80238820865076], [14.173392040156232, 40.8023882821462], [14.173391854799853, 40.8023883379832], [14.173391664913506, 40.802388375638664], [14.173391472276174, 40.80238839475979], [14.173391278692621, 40.80238839516744], [14.17339108597647, 40.8023883768578], [14.173390895933213, 40.80238834000241], [14.173333755814841, 40.802374358755436], [14.173333701455869, 40.802374348624646], [14.173333646202098, 40.80237435075865], [14.173258646786774, 40.80238144552763], [14.173258598169118, 40.80238145258364], [14.173258558829703, 40.80238148200958], [14.173218211192898, 40.802414920317105], [14.173218176452957, 40.80241495200047], [14.173218151994346, 40.80241499215614], [14.172620122602336, 40.80351046820205], [14.172620121479389, 40.803510470256214], [14.172419127307048, 40.80387763079544], [14.172419106352583, 40.80387767411478], [14.172419145735045, 40.803877701767604], [14.172465781907654, 40.8039070604682], [14.17246582334294, 40.80390708385733], [14.172465869712493, 40.80390709452524], [14.172522498431931, 40.80391729208457], [14.172522546846144, 40.80391729833541], [14.172522587988242, 40.8039172720613], [14.172575462383996, 40.803879676057754], [14.172575499662814, 40.803879646723985], [14.172575501063948, 40.80387959930869], [14.172574312434456, 40.80381719674976], [14.172574318767715, 40.803816995140245], [14.172574345376121, 40.803816795194], [14.17257439198902, 40.80381659894481], [14.172574458132283, 40.80381640838885], [14.172574543133125, 40.803816225464374], [14.172686004617015, 40.80360494255822], [14.172686085406458, 40.80360480330341], [14.172686177134615, 40.803604670997764], [14.172710979806798, 40.803571805034096], [14.172711056274645, 40.803571709890406], [14.172753467201034, 40.803522119478345], [14.172753600645052, 40.803521977993675], [14.172753747200325, 40.803521850139184], [14.17275390548098, 40.80352173712391], [14.172754073990264, 40.80352164001655], [14.172754251134705, 40.80352155973539], [14.172754435239172, 40.80352149703958], [14.172754624562716, 40.80352145252201], [14.172754817315033, 40.80352142660364], [14.172755011673402, 40.80352141952956], [14.17275520579991, 40.80352143136666], [14.172755397858838, 40.803521462003026], [14.172755586034018, 40.80352151114893], [14.172755768546006, 40.80352157833965], [14.172755943668918, 40.80352166293979], [14.172756109746734, 40.80352176414936], [14.172756265208973, 40.80352188101129], [14.172756408585537, 40.803522012420494], [14.172810281913181, 40.80357643991225], [14.17281038745799, 40.80357655522715], [14.17290934567858, 40.80369354323585], [14.172909467901869, 40.80369370344645], [14.172909573383325, 40.803693875142784], [14.172909661052152, 40.803694056581875], [14.172957765973937, 40.80380792827178], [14.172957839006484, 40.8038081309736], [14.172957889810169, 40.80380834035547], [14.172957917795392, 40.80380855398741], [14.17295792263737, 40.80380876939014], [14.17295790427991, 40.80380898406381], [14.17294658691589, 40.80388976341607], [14.172946545648905, 40.80388997456433], [14.172946481940016, 40.80389018005818], [14.17292035601823, 40.80396077694779], [14.17292035408087, 40.8039607821606], [14.172905756067856, 40.80399989412364], [14.172905721324822, 40.80400000725345], [14.172878097475076, 40.804113524267244], [14.172878035114739, 40.80411373115974], [14.172834284454408, 40.804234787252575], [14.172797041640422, 40.80433783852801], [14.172797036609113, 40.80433785229174], [14.172769054359964, 40.804413539881125], [14.172746453683574, 40.8044746720149], [14.17274637126884, 40.80447486358244], [14.172746269354235, 40.804475045526736], [14.172746149047837, 40.80447521586957], [14.172746011657685, 40.804475372758894], [14.172745858677565, 40.80447551448891], [14.172684457285401, 40.80452671826799], [14.172684422554369, 40.80452675019722], [14.17268442454197, 40.80452679733296], [14.172689360501405, 40.80458121905424], [14.172689366826598, 40.80458126495787], [14.172689377385517, 40.8045813100762], [14.172710410213927, 40.80465546650384], [14.172710453193913, 40.80465565087825], [14.172710478548225, 40.804655838490525], [14.172710486049684, 40.80465602765958], [14.172710475631074, 40.80465621669042], [14.172710447385748, 40.80465640388926], [14.172710401566794, 40.80465658757875], [14.172710338584762, 40.80465676611297], [14.17271025900399, 40.804656937892204], [14.172710163537548, 40.80465710137726], [14.172710053040843, 40.80465725510326], [14.172709928503957, 40.80465739769277], [14.172709791042779, 40.80465752786815], [14.172709641889005, 40.80465764446299], [14.172664377331557, 40.80468969624496], [14.172664283247741, 40.8046897717937], [14.172625053192059, 40.80472537619132], [14.172624973567187, 40.804725457173454], [14.172604926493422, 40.80474831014321], [14.17260489581103, 40.80474834886106], [14.172604882612337, 40.80474839646644], [14.172555312167862, 40.80496955012784], [14.17255526228151, 40.804969732026784], [14.172555195481586, 40.804969908417384], [14.17255511236221, 40.80497007773082], [14.172555013662643, 40.804970238461244], [14.17250576004896, 40.80504256210647], [14.172463545671807, 40.80510454944863], [14.172463521522264, 40.80510458869184], [14.172463501098168, 40.805104629996656], [14.172433356515466, 40.80517342191219], [14.172433339181598, 40.80517346748841], [14.17243335036183, 40.80517351495056], [14.172457837651852, 40.80525838175903], [14.172457854193414, 40.805258429682894], [14.172457892177222, 40.80525846326182], [14.172521427448554, 40.805309055449534], [14.172521570877873, 40.805309181295705], [14.17252170166161, 40.805309320237576], [14.172521818609333, 40.805309471010446], [14.172521920656546, 40.80530963224194], [14.17255667458533, 40.80537081900937], [14.172556762275677, 40.80537099252739], [14.172556832704188, 40.80537117373978], [14.172556885205344, 40.805371360934146], [14.172556919283036, 40.805371552341605], [14.172556934615246, 40.80537174615343], [14.17255693105709, 40.805371940538215], [14.172556908642193, 40.8053721336591], [14.172556867582363, 40.80537232369119], [14.172556808265599, 40.80537250883876], [14.172556731252413, 40.80537268735227], [14.172556637270546, 40.80537285754484], [14.172556527208078, 40.805373017808236], [14.172556402105052, 40.805373166628044], [14.17255626314363, 40.80537330259799], [14.172556111636931, 40.80537342443322], [14.172555949016623, 40.80537353098245], [14.172555776819388, 40.80537362123884], [14.172555596672412, 40.805373694349505], [14.172555410277996, 40.80537374962359], [14.172555219397479, 40.80537378653879], [14.17255502583459, 40.805373804746246], [14.172554831418411, 40.80537380407394], [14.172554637986078, 40.80537378452819], [14.172554447365439, 40.805373746293725], [14.172466960945522, 40.805351726189755], [14.172466946843418, 40.80535172274893], [14.1713444881962, 40.805086466551806], [14.171344467995567, 40.805086461667095], [14.169901305481604, 40.80472954404109], [14.169776495083884, 40.80469867475799], [14.169776447450817, 40.804698665456435], [14.169776407422319, 40.80469869289999], [14.16971470210488, 40.804745661122844], [14.169714664606582, 40.80474569280872], [14.169714681627577, 40.80474573885655], [14.169735791129431, 40.80479497547005], [14.169735812030607, 40.804795018342965], [14.169735855243042, 40.804795038532696], [14.169963701236213, 40.8048882972581], [14.16996374373463, 40.80488831244648], [14.169963788093757, 40.804888319687876], [14.170268550585611, 40.804924118277526], [14.170268766541897, 40.80492415573725], [14.171363518958549, 40.80517653112883], [14.17136354155227, 40.805176536475706], [14.17239606432531, 40.80542722392414], [14.17239608048241, 40.80542722770526], [14.172457973026404, 40.80544117132508], [14.17256136177302, 40.805464463851024], [14.172561549107694, 40.805464515739224], [14.172561730520263, 40.80546458556862], [14.17256190429698, 40.80546467267957], [14.17256206879624, 40.80546477624916], [14.17256222246407, 40.805464895299], [14.17256236384882, 40.805465028704454], [14.17256249161488, 40.805465175205306], [14.172562604555281, 40.8054653334176], [14.172562701603118, 40.80546550184677], [14.17256278184161, 40.805465678901705], [14.17256284451277, 40.80546586290983], [14.172562889024565, 40.805466052132886], [14.17257415608499, 40.80552713054924], [14.172574186256462, 40.80552738363047], [14.172583047924919, 40.80568865087498], [14.172583049942299, 40.805688823699505], [14.172583037030918, 40.80568899605288], [14.1725830092872, 40.80568916664794], [14.172570938018087, 40.80574738720597], [14.172561263354348, 40.805794044848746], [14.17256122444388, 40.805794200720584], [14.172561173148251, 40.80579435296647], [14.172544266676685, 40.8058385760213], [14.172544180718752, 40.80583876948844], [14.172544074792265, 40.805838952785685], [14.172543950084084, 40.805839123859265], [14.17254380799151, 40.80583928079237], [14.172491719072639, 40.80589102067585], [14.172491686141365, 40.805891056779146], [14.17249166515873, 40.80589110091125], [14.17245993149134, 40.80596731599489], [14.172459836513681, 40.80596751299539], [14.172459720594027, 40.80596769844777], [14.172459585118489, 40.805967870134495], [14.172418779484268, 40.80601413764466], [14.172418742655092, 40.80601418484724], [14.172418711759867, 40.80601423613041], [14.172390430100869, 40.806068291274336], [14.172390296167931, 40.80606851144676], [14.172361403121702, 40.80610976502094], [14.172361310248151, 40.8061098873462], [14.172361208261592, 40.80611000218395], [14.172331208326382, 40.80614127647559], [14.17233113899507, 40.806141356901605], [14.172300151229043, 40.806181425147], [14.172300047234135, 40.80618154893454], [14.172299933580605, 40.80618166391788], [14.172256065666325, 40.80622259548296], [14.172255884965558, 40.80622274525368], [14.172197102348273, 40.806265908468454], [14.1721970664164, 40.80626593612834], [14.172150910353542, 40.80630316332556], [14.172116346935535, 40.80633125332594], [14.172116245817989, 40.80633134786659], [14.172080848546413, 40.80636937121169], [14.172080717016122, 40.80636950006114], [14.172080574193538, 40.80636961626832], [14.17203156381484, 40.80640587552919], [14.172031542457685, 40.80640589177774], [14.171975771818067, 40.80644951599103], [14.171975734046114, 40.80644954871765], [14.171975699741546, 40.80644958506228], [14.171956338019541, 40.806472276975555], [14.171956203947335, 40.80647241937452], [14.171956056607437, 40.80647254799713], [14.171905819203895, 40.80651224758378], [14.17190565788435, 40.80651236256039], [14.171845572703786, 40.806550847349655], [14.17184546456781, 40.80655092736847], [14.17178482381424, 40.806602467248354], [14.171784642264004, 40.806602604552154], [14.171784446288077, 40.806602720337544], [14.171784238424976, 40.806602813104746], [14.17171239049772, 40.806630089048404], [14.171712337796357, 40.806630110794345], [14.171626431522908, 40.806668459594434], [14.171626223420953, 40.8066685389129], [14.171626007790536, 40.806668594602804], [14.171531863017943, 40.8066873885028], [14.171531673022708, 40.80668741702116], [14.171411981463363, 40.80669953973362], [14.171411791612543, 40.80669954987947], [14.17141160165614, 40.80669954195249], [14.171411413310707, 40.80669951602432], [14.171266691782368, 40.806672530008626], [14.171266509485804, 40.80667248709654], [14.171266332002325, 40.80667242732113], [14.171266160888173, 40.806672351206544], [14.171121750181111, 40.806599834157204], [14.17112169808051, 40.80659981161529], [14.171121643753045, 40.80659979514972], [14.171011043772884, 40.80657305173046], [14.171010865435367, 40.806572999732246], [14.171010692691583, 40.8065729314119], [14.171010527031799, 40.80657284735882], [14.171010369885165, 40.80657274829813], [14.170925796519628, 40.806513775501706], [14.170925755174585, 40.80651374959025], [14.170925709569396, 40.806513732241356], [14.170823552148683, 40.80648050875282], [14.170823385200855, 40.8064804460992], [14.170823224497141, 40.806480368824566], [14.170712789995441, 40.80642106573824], [14.170712739265808, 40.806421040324004], [14.170457288507743, 40.8063020102863], [14.1704572601793, 40.806301996814966], [14.170116733160517, 40.806136775600606], [14.170116671636784, 40.80613674826919], [14.169477539530854, 40.805878220184645], [14.169477494940386, 40.805878204635704], [14.169477463317023, 40.8058782397076], [14.169438705324799, 40.80592569269418], [14.169438659448904, 40.805925753444136], [14.16935037093448, 40.806052423004054], [14.169350252788657, 40.80605257615323], [14.169350120401274, 40.80605271717338], [14.169349975010585, 40.80605284474552], [14.16934981797647, 40.80605295767643], [14.169349650767709, 40.80605305490983], [14.169349474948257, 40.806053135536274], [14.169349292162597, 40.80605319880164], [14.169349104120377, 40.80605324411419], [14.169348912580407, 40.806053271050104], [14.169348719334211, 40.806053279357435], [14.169348526189278, 40.80605326895849], [14.169348334952142, 40.80605323995053], [14.1693481474115, 40.80605319260488], [14.169347965321467, 40.80605312736437], [14.168665828825835, 40.80577080545224], [14.168076108552055, 40.80552672724152], [14.16780155455839, 40.80541308995874], [14.167801506687141, 40.80541306941065], [14.167488431982855, 40.80527383009714], [14.166897029156651, 40.80501074613263], [14.166307547049911, 40.80474853078108], [14.165857924822939, 40.804548522672455], [14.16585787959486, 40.80454850520937], [14.165857843569498, 40.804548537654846], [14.165812706860928, 40.80459347967284], [14.165812643317082, 40.80459354920655], [14.165744568132457, 40.804675482595435], [14.165744481372824, 40.80467558033512], [14.165700485435686, 40.80472199663122], [14.165700474930427, 40.80472200763033], [14.165661159443072, 40.804762859218656], [14.165661129739457, 40.80476289322173], [14.16566117027242, 40.80476291311089], [14.166844294816434, 40.80527424870982], [14.166886474813879, 40.80529226871746], [14.166886483383578, 40.805292272402234], [14.167489663440751, 40.8055532945806], [14.167898204460425, 40.8057297612022], [14.168072631483614, 40.805805145737885], [14.168662219779971, 40.806059952646805], [14.169163072206683, 40.806276406093794], [14.169163247897831, 40.806276492460405], [14.169163414303336, 40.80627659559032], [14.169163569828758, 40.806276714495375], [14.16916371298391, 40.80627684803628], [14.16916384239713, 40.80627699493349], [14.169163956828424, 40.80627715377948], [14.169164055181357, 40.80627732305226], [14.169164136513544, 40.8062775011299], [14.169164200045687, 40.80627768630613], [14.169164245169048, 40.80627787680666], [14.169164271451267, 40.80627807080619], [14.16916427864052, 40.80627826644587], [14.169164266667922, 40.806278461851164], [14.169164235648187, 40.80627865514976], [14.16916418587854, 40.80627884448954], [14.16916411783585, 40.80627902805632], [14.169164032172084, 40.80627920409123], [14.169163929708036, 40.80627937090757], [14.1691378193119, 40.80631755426546], [14.168474841137652, 40.80728705214194], [14.168474837879472, 40.8072870568918], [14.168444964749273, 40.80733047261224], [14.168444958124386, 40.8073304821807], [14.168301134874627, 40.80753692298967], [14.168301125226941, 40.807536936714655], [14.168046518090321, 40.80789593597231], [14.16798513224033, 40.80798247038358], [14.167666404740473, 40.80843176515739], [14.167427781524061, 40.808768406497954], [14.167427778360068, 40.808768410948716], [14.167406678742848, 40.80879800594652], [14.16736491179585, 40.80885678101822], [14.167364793771718, 40.80885693133939], [14.167364661938308, 40.808857069708836], [14.167364517499463, 40.80885719486303], [14.167364361774133, 40.80885730565912], [14.16736419618433, 40.808857401085355], [14.167364022242142, 40.80885748027037], [14.167363841535927, 40.80885754249107], [14.167363655715816, 40.80885758717928], [14.167363466478626, 40.808857613926946], [14.167363275552388, 40.8088576224898], [14.16736308468055, 40.808857612789666], [14.167362895606066, 40.80885758491512], [14.167362710055478, 40.80885753912068], [14.167362529723148, 40.80885747582454], [14.167362356255783, 40.80885739560469], [14.166852245299134, 40.80859120608734], [14.166283208347842, 40.80829414114643], [14.166282975802554, 40.8082939987798], [14.166225894339211, 40.80825345700244], [14.166225874047491, 40.8082534423987], [14.166143998086064, 40.80819373683505], [14.166143964237376, 40.808193714207874], [14.16614392865654, 40.80819369441579], [14.165771926955264, 40.808006214817986], [14.165771882128793, 40.808006194947666], [14.165771833106236, 40.80800619393649], [14.165732265856391, 40.80800733988091], [14.165669788035897, 40.80800914895493], [14.165669728303937, 40.808009154298915], [14.16566966964825, 40.80800916678809], [14.16563073634136, 40.80801994490432], [14.165630691939121, 40.80801995951598], [14.165630674092172, 40.808020002719516], [14.16561947153818, 40.808051283480175], [14.16561945513673, 40.80805133939045], [14.165619445379845, 40.80805139683405], [14.16561559029209, 40.80808639944731], [14.165615587383863, 40.80808644525423], [14.165615601239324, 40.80808648890979], [14.165638776308134, 40.80814934861736], [14.165638796012905, 40.80814939468353], [14.165638838599941, 40.808149421078774], [14.1660395865965, 40.808370367917476], [14.166039634245776, 40.80837039095908], [14.166039686729265, 40.80837039780423], [14.166093017299294, 40.80837447157718], [14.166093073704882, 40.80837447268089], [14.166093129873373, 40.808374467397684], [14.166184917979866, 40.80836055194969], [14.166185126986933, 40.808360531415765], [14.166185336994928, 40.80836053291191], [14.16618554568822, 40.80836055642163], [14.16618575076567, 40.808360601685706], [14.166185949966014, 40.808360668205026], [14.166186141092789, 40.80836075524612], [14.166262800378892, 40.80840065237926], [14.166297936728391, 40.808418980234734], [14.166845287172183, 40.80870417335209], [14.167200101540404, 40.80888919190632], [14.167306888639162, 40.80894492284057], [14.167354438458277, 40.808969795711704], [14.167354610930454, 40.80896989723069], [14.167354772393267, 40.80897001547839], [14.167354921229954, 40.80897014927075], [14.167355055950187, 40.8089702972681], [14.167355175204987, 40.80897045798851], [14.167355277800231, 40.808970629822646], [14.167355362708618, 40.80897081104992], [14.16735542907994, 40.808970999855646], [14.167355476249611, 40.8089711943493], [14.167355503745311, 40.80897139258336], [14.16735551129172, 40.808971592572874], [14.167355498813276, 40.808971792315326], [14.167355466434925, 40.80897198981064], [14.16735541448088, 40.80897218308126], [14.167355343471367, 40.80897237019194], [14.167355254117417, 40.80897254926909], [14.167355147313748, 40.8089727185196], [14.167105693158884, 40.809327374242756], [14.16683828183593, 40.809707553768355], [14.166821179145295, 40.809731867613706], [14.166478693655197, 40.81022367899234], [14.16626734156546, 40.810527177974876], [14.166267299983648, 40.81052723548267], [14.166234671970452, 40.81057071418843], [14.165820755028328, 40.81112223016797], [14.165716036160331, 40.81126177816434], [14.165676353692405, 40.81131470158967], [14.165676230924825, 40.81131484987686], [14.165676094468973, 40.81131498567365], [14.165675945589141, 40.81131510772185], [14.165675785664742, 40.81131521489067], [14.16567561617751, 40.81131530618714], [14.165675438697786, 40.81131538076539], [14.165675254869964, 40.81131543793444], [14.165675066397252, 40.8113154771646], [14.165674875025896, 40.811315498092384], [14.165674682528998, 40.8113155005239], [14.165674490690087, 40.81131548443662], [14.1656743012866, 40.81131544997959], [14.165674116073403, 40.811315397472065], [14.165673936766542, 40.81131532740055], [14.16567376502734, 40.81131524041426], [14.165632828152974, 40.81129196526231], [14.16546150733624, 40.811194548876934], [14.165461491029593, 40.811194539804944], [14.165044079166162, 40.81096739212652], [14.164810298612405, 40.810840171030414], [14.164491017307943, 40.810666421702265], [14.164490991558324, 40.81066640744303], [14.164463545843324, 40.81065094398254], [14.164463535211215, 40.81065093794931], [14.163955427000088, 40.81036055390115], [14.163859290730406, 40.810305883094706], [14.163682913525271, 40.81020576963375], [14.163627019085183, 40.810174001320625], [14.163626987160413, 40.81017398393581], [14.163277283973503, 40.809991713254114], [14.162808728316826, 40.80974754976811], [14.162688168745008, 40.809684705672474], [14.16209906251426, 40.80937768107826], [14.161932800539674, 40.80929104813843], [14.161509967747435, 40.809070656444774], [14.161352465182176, 40.808988573692424], [14.161352460725086, 40.80898857136247], [14.161042248735841, 40.80882591055672], [14.160921721221019, 40.80876268768273], [14.16079038814402, 40.808693831527854], [14.160333779541777, 40.80845439413788], [14.16018329726391, 40.808375469775775], [14.159976655762975, 40.80826711375968], [14.159976637184096, 40.808267104263315], [14.159742136012193, 40.808150311394556], [14.159362152724377, 40.80796117774973], [14.159362105508194, 40.80796115724329], [14.159362054032378, 40.80796115761148], [14.159322408040774, 40.8079635098952], [14.159322356547007, 40.80796351567244], [14.159322311876636, 40.807963541931436], [14.159266244104417, 40.80800058850691], [14.159266077775479, 40.80800068719978], [14.159265902691546, 40.808000769365556], [14.159265720489898, 40.80800083423588], [14.159265532874377, 40.80800088120411], [14.15926534159945, 40.808000909831044], [14.159265148453805, 40.808000919848965], [14.159264955243625, 40.8080009111642], [14.159264763775695, 40.808000883857964], [14.15926457584051, 40.808000838185606], [14.159264393195523, 40.808000774574225], [14.159264217548724, 40.80800069361867], [14.159096817902013, 40.80791349009494], [14.159096723016823, 40.80791344680297], [14.159004626167874, 40.80787710589728], [14.159004577410421, 40.807877089534955], [14.159004526201604, 40.807877094296295], [14.158931707328273, 40.807887710809204], [14.158931661051772, 40.807887719900094], [14.158931661093488, 40.80788776706107], [14.158935186760706, 40.80795809727674], [14.158935191409197, 40.80795814431833], [14.15893523039818, 40.80795817104621], [14.159071272240867, 40.80804205437384], [14.159071335169338, 40.808042090098674], [14.15923025571649, 40.80812485293564], [14.159260387787585, 40.80814042461806], [14.160312437577044, 40.808680578805486], [14.160721989941408, 40.80889085038533], [14.160722028931456, 40.80889087094959], [14.161353334623357, 40.80923278117819], [14.16234162703473, 40.8097680201261], [14.16234166444727, 40.80976803938115], [14.163371585982608, 40.81027098474439], [14.16337165722666, 40.81027102131959], [14.164612993290918, 40.81094003269225], [14.164613006626933, 40.8109400397503], [14.16521957857159, 40.81125523127537], [14.165572387279825, 40.811438556386314], [14.165572552755808, 40.811438652698264], [14.165572708263989, 40.811438764392044], [14.1655728523792, 40.811438890444016], [14.165572983780683, 40.811439029698974], [14.165573101264204, 40.811439180880704], [14.165573203753077, 40.81143934260369], [14.16557329030803, 40.811439513385814], [14.165573360135829, 40.811439691661924], [14.16557341259653, 40.8114398757982], [14.165573447209354, 40.81144006410712], [14.165573463657086, 40.81144025486289], [14.165573461788995, 40.811440446317334], [14.165573441622197, 40.811440636715844], [14.165573403341511, 40.81144082431351], [14.165573347297768, 40.81144100739107], [14.165573274004583, 40.81144118427069], [14.165573184133654, 40.81144135333136], [14.165438748262945, 40.81166742549894], [14.165423156519235, 40.81169358940746], [14.16542313416711, 40.811693631589776], [14.1654231747707, 40.81169365669579], [14.165848875412284, 40.81192823302611], [14.165849038562403, 40.811928333401475], [14.165849191361556, 40.81192844892461], [14.165849332408072, 40.811928578535785], [14.165849460408092, 40.81192872104604], [14.16584957418743, 40.81192887514808], [14.165849672702358, 40.81192903942828], [14.165849755049166, 40.81192921237966], [14.165849820472467, 40.81192939241568], [14.165849868372112, 40.81192957788481], [14.165849898308702, 40.8119297670857], [14.165849910007621, 40.81192995828275], [14.16584990336155, 40.81193014972205], [14.165849878431459, 40.811930339647475], [14.165849835446036, 40.81193052631678], [14.1658497747996, 40.81193070801759], [14.165849697048479, 40.81193088308312], [14.165849602905904, 40.811931049907436], [14.165849493235477, 40.81193120696021], [14.165849369043235, 40.81193135280075], [14.165829029403149, 40.811953041642916], [14.165828958039956, 40.811953113966986], [14.165800118002974, 40.811980894139424], [14.165800060092307, 40.811980954807474], [14.165747395457947, 40.81204097892744], [14.165747387922414, 40.812040987466844], [14.165708627264895, 40.81208466046326], [14.16570849927827, 40.81208479198604], [14.16570835977477, 40.81208491122357], [14.16566119613643, 40.8121216162898], [14.165661190158737, 40.81212162092381], [14.165630800670884, 40.8121450875274], [14.165630719650641, 40.81214514690382], [14.165604312924907, 40.8121634981431], [14.165604272454532, 40.81216352780087], [14.165575760157203, 40.81218554292506], [14.165575740095875, 40.812185558214004], [14.165547291907604, 40.81220695665433], [14.165547197751364, 40.812207037080626], [14.1654903544257, 40.81226203830022], [14.1654903162558, 40.812262079674795], [14.165490288373759, 40.81226212857653], [14.165452681958982, 40.81233775494159], [14.165452675294922, 40.81233776860241], [14.165435024911545, 40.81237465943613], [14.165434933830438, 40.81237482845135], [14.165434826962706, 40.81237498795433], [14.165434705293189, 40.81237513647517], [14.165434569943127, 40.812375272645184], [14.165382226285805, 40.81242310558875], [14.165382161120304, 40.81242317090785], [14.165355261968433, 40.81245274620955], [14.165355160915642, 40.81245284955347], [14.165333957363494, 40.81247302124396], [14.165310446721737, 40.81249553624288], [14.165310273244552, 40.81249568436219], [14.165310084029526, 40.812495811764464], [14.165258678629872, 40.812526314620136], [14.165258455106375, 40.81252642893143], [14.165198184036527, 40.8125526192599], [14.165198156147492, 40.81255263188988], [14.165124900039755, 40.81258716808731], [14.165124715623294, 40.812587244035356], [14.165124524559554, 40.81258730123836], [14.165124328748542, 40.81258733912746], [14.16512413013748, 40.81258735732589], [14.165123930701434, 40.81258735565267], [14.16512373242367, 40.81258733412443], [14.165123537275939, 40.81258729295527], [14.165123347198866, 40.812587232554584], [14.16512316408265, 40.81258715352302], [14.16512298974827, 40.8125870566465], [14.165029829089026, 40.81252902716349], [14.16502978375099, 40.8125290021122], [14.165029732894814, 40.81252899227611], [14.164941785306214, 40.81251670970435], [14.16494173818982, 40.812516705507086], [14.164941735237235, 40.8125167527178], [14.16494112599743, 40.81256530598103], [14.164939948347568, 40.812659247486316], [14.164939937958037, 40.812659427539245], [14.164939911390768, 40.81265960592417], [14.1649398688618, 40.812659781190504], [14.164924994993148, 40.81271089868845], [14.164924932456412, 40.812711080524466], [14.164924852746363, 40.81271125551444], [14.164924756599827, 40.812711422040785], [14.164924644905563, 40.812711578564176], [14.164924518696049, 40.81271172363775], [14.16492437913794, 40.812711855920455], [14.164867157329274, 40.8127610944772], [14.164867073601032, 40.812761175484695], [14.16480763491558, 40.812825805654505], [14.164755777455586, 40.8128833223792], [14.164755689521396, 40.81288341389602], [14.16470075563655, 40.81293706933504], [14.164700577107517, 40.81293722419072], [14.164647818543969, 40.81297778208746], [14.16464763387149, 40.81297790827803], [14.16458666446033, 40.81301474562076], [14.164586571210782, 40.81301480942545], [14.164536188275857, 40.813053641104666], [14.164536169409258, 40.813053655468266], [14.164477230567455, 40.81309797760269], [14.164477194938708, 40.813098007202754], [14.164477220171763, 40.81309804604683], [14.164504120846326, 40.81313536676563], [14.164504149725339, 40.813135402992515], [14.1645041890716, 40.81313537853337], [14.164552644872792, 40.81310189674402], [14.164552818955306, 40.81310178918181], [14.164553003117556, 40.81310169997073], [14.164553195431624, 40.813101630044706], [14.164553393884258, 40.81310158013575], [14.164553596397935, 40.813101550766355], [14.164553800852623, 40.81310154224396], [14.164554005107972, 40.8131015546578], [14.164554207025716, 40.81310158787791], [14.164554404492062, 40.81310164155652], [14.164554595439814, 40.813101715131694], [14.164554777870022, 40.813101807833206], [14.164617247766767, 40.81313768570246], [14.164617403682973, 40.813137785105795], [14.164617549752414, 40.81313789848394], [14.164617684726531, 40.813138024867776], [14.1646178074516, 40.81313816317701], [14.164617916878605, 40.813138312229405], [14.16461801207219, 40.81313847075091], [14.164636160725545, 40.81317212628608], [14.164636239266759, 40.81317228915731], [14.164636302776865, 40.81317245845653], [14.164636350736739, 40.8131726327999], [14.164636382754358, 40.813172810762346], [14.164636398568012, 40.813172990889214], [14.164636398048444, 40.81317317170816], [14.164633232309985, 40.81323894526955], [14.164633212476934, 40.81323914592213], [14.164633172541562, 40.813239343558095], [14.164633112909758, 40.81323953616873], [14.164633034187602, 40.8132397217964], [14.164632937175204, 40.81323989855443], [14.164632822858568, 40.813240064646315], [14.164632692399575, 40.813240218383946], [14.164632547124171, 40.81324035820478], [14.164583218073968, 40.81328326130878], [14.16458316970461, 40.81328330626777], [14.164533297887658, 40.81333283101571], [14.164533139328997, 40.81333297255491], [14.164532966645401, 40.813333096468476], [14.16453278178708, 40.813333201356976], [14.164532586841744, 40.81333328603585], [14.164532384011014, 40.81333334954876], [14.16453217558557, 40.81333339117844], [14.164435991653967, 40.81334733616984], [14.164435786520501, 40.813347355189315], [14.16437199931442, 40.81334996727238], [14.164371779987878, 40.81334996421534], [14.164371562315177, 40.81334993715848], [14.164279576146352, 40.81333333805842], [14.164279385834082, 40.81333329402261], [14.164279200725407, 40.81333323163118], [14.164279022586168, 40.81333315147929], [14.164278853115722, 40.813333054331565], [14.164278693930727, 40.81333294111474], [14.164278546549726, 40.81333281290884], [14.164278412378655, 40.81333267093688], [14.164278292697437, 40.8133325165532], [14.16427818864777, 40.81333235123056], [14.164278101222232, 40.81333217654601], [14.164278031254817, 40.81333199416599], [14.164277979412978, 40.81333180583029], [14.164277946191259, 40.813331613335535], [14.164277931906577, 40.813331418518025], [14.1642779366952, 40.813331223236226], [14.16427796051145, 40.813331029353016], [14.16427800312813, 40.813330838717945], [14.1642780641387, 40.81333065314956], [14.16427814296115, 40.81333047441811], [14.164278238843556, 40.81333030422857], [14.16427835087125, 40.813330144204485], [14.164278477975545, 40.81332999587239], [14.164278618943932, 40.81332986064729], [14.16432362928309, 40.813290720545645], [14.164323678663573, 40.81329067898545], [14.164358721517983, 40.81326213893456], [14.164358749337515, 40.813262114506664], [14.164358775269996, 40.81326208808384], [14.164394254087359, 40.813223149337375], [14.164394283138476, 40.81322311414249], [14.164394241166478, 40.813223096225805], [14.164300685739915, 40.813188459812714], [14.164300640967694, 40.813188445643426], [14.164300601150895, 40.81318847054195], [14.164243950547416, 40.81322780461099], [14.164243878805832, 40.813227852168325], [14.164175233203352, 40.813271260375366], [14.164175217985635, 40.81327126990298], [14.164116526447758, 40.813307650211286], [14.164116486747169, 40.813307674187264], [14.163945894568279, 40.813408017440075], [14.163945631247012, 40.81340814732326], [14.163762270311677, 40.81348239883697], [14.163762228283773, 40.81348241825265], [14.163762233365192, 40.81348246426879], [14.163790852819888, 40.813662111305426], [14.163790874671903, 40.81366231546595], [14.163790875476597, 40.81366252079102], [14.163790855225487, 40.81366272511655], [14.163790814132014, 40.813662926289005], [14.163772512678749, 40.81373375724033], [14.163762277220764, 40.81377482656684], [14.163762225033647, 40.81377500151023], [14.16376215711163, 40.81377517096608], [14.163762074020648, 40.81377533352245], [14.163761976453026, 40.81377548782489], [14.16376186522172, 40.813775632587735], [14.163761741253523, 40.81377576660479], [14.163708375070131, 40.81382841983823], [14.163708329056986, 40.81382846381393], [14.163653095745953, 40.81387959475421], [14.16365286733279, 40.81387977710076], [14.163600379382181, 40.81391573089726], [14.163600238758372, 40.81391581888498], [14.163600091326733, 40.813915894916605], [14.16359993810148, 40.81391595846908], [14.163417173789634, 40.8139830223313], [14.163416976937404, 40.813983083256815], [14.163416774861064, 40.81398312360371], [14.163416569705795, 40.813983142943684], [14.16341636364946, 40.813983141071425], [14.163416158879485, 40.81398311800682], [14.163415957569644, 40.8139830739947], [14.163415761856976, 40.81398300950229], [14.163415573819107, 40.81398292521422], [14.163415395452184, 40.813982822025274], [14.163415228649692, 40.81398270103086], [14.163374025579165, 40.81394944344961], [14.163373878673278, 40.81394931242339], [14.163373745359461, 40.81394916759026], [14.163373626929168, 40.81394901035326], [14.163373524529668, 40.81394884223559], [14.163373439152936, 40.813948664865855], [14.163373371626042, 40.81394847996229], [14.16337332260314, 40.813948289316116], [14.16337329255913, 40.813948094774176], [14.163373281785056, 40.81394789822105], [14.163373290385291, 40.81394770156083], [14.163373318276522, 40.8139475066986], [14.163373365188555, 40.81394731552206], [14.163373430666944, 40.81394712988319], [14.163373514077376, 40.81394695158033], [14.163373614611832, 40.81394678234076], [14.163373731296403, 40.81394662380395], [14.163373863000729, 40.813946477505695], [14.163374008448953, 40.81394634486323], [14.163374166232071, 40.8139462271615], [14.16345064514981, 40.813894833307835], [14.163507490247593, 40.81385609617393], [14.1635075265712, 40.81385606878016], [14.163507497019785, 40.813856034188504], [14.163480012171545, 40.813826823676614], [14.163447732253255, 40.81379251958372], [14.16344769895275, 40.813792487395766], [14.1634476528036, 40.81379249129951], [14.163362273796697, 40.81380380696255], [14.163362229843639, 40.81380381482103], [14.16336219372551, 40.813803841071845], [14.163309634349377, 40.81384579432349], [14.16330961335508, 40.8138458115532], [14.16323837494398, 40.81390591328249], [14.163238163324202, 40.813906069218405], [14.163176838077277, 40.813945314477635], [14.163176823856066, 40.81394532374963], [14.163143585230554, 40.81396739911915], [14.16314347171353, 40.81396746917121], [14.16311253991972, 40.813985161001], [14.163112431585862, 40.81398523269508], [14.163086692119139, 40.81400478723074], [14.163086548967367, 40.81400488645937], [14.163054449658228, 40.81402512617178], [14.163054380502683, 40.81402516784988], [14.163000321211417, 40.81405627785616], [14.163000149262956, 40.81405636603788], [14.162999969606874, 40.8140564372136], [14.162999783920366, 40.81405649071884], [14.16277896377551, 40.81410871148983], [14.162778707468474, 40.81410875474575], [14.162630079890688, 40.81412399186968], [14.162630027524079, 40.81412400009853], [14.162629983343853, 40.8141240293918], [14.162575795309507, 40.8141643066274], [14.162575752745887, 40.814164337404975], [14.162489769820736, 40.81422480789199], [14.162489692116216, 40.814224868478696], [14.162440109938691, 40.81426762047335], [14.16244003336835, 40.81426769393461], [14.162358799518543, 40.81435436965049], [14.162358737118414, 40.814354433325036], [14.162312720504277, 40.81439934223568], [14.16231266339389, 40.81439939582864], [14.162255306325, 40.81445114599723], [14.162228970701296, 40.81447495300969], [14.16222893765727, 40.81447498581851], [14.162228911298667, 40.81447502420537], [14.16216034575554, 40.81458563725094], [14.162160323029598, 40.8145856782622], [14.162160358647148, 40.81458570875448], [14.162211914044327, 40.81462565025049], [14.162212056446378, 40.81462577164717], [14.162212186879445, 40.81462590582136], [14.162212304201734, 40.81462605159851], [14.162212407386223, 40.81462620770251], [14.162212495529642, 40.814626372766845], [14.162212567860403, 40.81462654534656], [14.162212623745322, 40.81462672393092], [14.162240692516683, 40.81473375162856], [14.162240706304916, 40.81473379566773], [14.16224074412427, 40.814733822111286], [14.16232878926137, 40.814789421676146], [14.16232883284251, 40.81478944618124], [14.16232888182288, 40.81478943614427], [14.162393565393309, 40.814772702855805], [14.16239361712722, 40.81477268639791], [14.162393660764382, 40.81477265410141], [14.162447460222197, 40.814728070142884], [14.16244761853962, 40.81472795164175], [14.162447787785881, 40.81472784935476], [14.162447966306305, 40.81472776428195], [14.162448152355543, 40.81472769725504], [14.162448344114644, 40.81472764892935], [14.162448539708828, 40.81472761977734], [14.162448737225827, 40.81472761008401], [14.162448934734568, 40.81472761994416], [14.162449130304061, 40.81472764926136], [14.162449322022278, 40.81472769774899], [14.16244950801484, 40.81472776493301], [14.162449686463345, 40.81472785015658], [14.162449855623153, 40.81472795258648], [14.162450013840436, 40.81472807122128], [14.16250019772938, 40.81476973047879], [14.162500335787328, 40.814769856432584], [14.162500461486273, 40.81476999472261], [14.16250057372872, 40.81477014414145], [14.162533131443928, 40.81481798704732], [14.162533241245798, 40.814818168365505], [14.162533331240638, 40.814818360286495], [14.16253340041752, 40.814818560654395], [14.162533447999369, 40.81481876721843], [14.16254375964164, 40.81487764369666], [14.162543784748086, 40.814877849103006], [14.16254378849572, 40.81487805600408], [14.162543770844422, 40.814878262184905], [14.162535638418959, 40.81493718169553], [14.162535590436033, 40.81493742068789], [14.162535513735058, 40.81493765206782], [14.162516515339043, 40.81498507024634], [14.162516424112479, 40.814985266464376], [14.162516312221328, 40.81498545167824], [14.162516180975377, 40.81498562371982], [14.162516031910991, 40.81498578057521], [14.162467194064208, 40.81503189617057], [14.162467136688896, 40.81503195499294], [14.162419510429949, 40.81508497789678], [14.16241947248873, 40.815085022718065], [14.162383584588937, 40.81513003509842], [14.162383557793977, 40.815130067984356], [14.162353940452657, 40.81516564074206], [14.162353861154394, 40.815165730388564], [14.162317452202416, 40.815204489084415], [14.162317301715412, 40.8152046334087], [14.162268549532921, 40.8152467366181], [14.162268446070392, 40.81524682013034], [14.162213286717687, 40.81528839273957], [14.162213272931766, 40.81528840303708], [14.162173392138266, 40.81531792589884], [14.16217330134015, 40.81531798929997], [14.162106534365984, 40.815361911695], [14.162106453469024, 40.81536196219135], [14.162036457064625, 40.81540336873592], [14.162036427322738, 40.81540338598643], [14.161954638186305, 40.8154498893646], [14.16195461891444, 40.81544990060846], [14.161895261470711, 40.81548542526542], [14.161895242333296, 40.815485437012754], [14.161784482684315, 40.815555150036836], [14.161784472826902, 40.81555515632191], [14.161726452897508, 40.815592628598274], [14.16172644232956, 40.81559263551857], [14.161682426884497, 40.815621857396785], [14.1616823762258, 40.8156218899412], [14.161623589190906, 40.81565841790941], [14.161623534102484, 40.81565845092516], [14.161548470665375, 40.815701815431034], [14.161548395574195, 40.81570186339845], [14.161503307958771, 40.815733580617206], [14.16150329190841, 40.81573359214671], [14.161458652564995, 40.81576633161593], [14.161458554539749, 40.81576639911805], [14.161378086060255, 40.81581835097365], [14.161378028503234, 40.81581838676642], [14.161318578248089, 40.81585397432102], [14.161318517929622, 40.81585400901744], [14.161042700694798, 40.81600634121298], [14.161042674674189, 40.8160063553337], [14.16098054814902, 40.81603947692602], [14.160980524862058, 40.81603948914509], [14.160871166700867, 40.816095957473756], [14.16087097438469, 40.81609604425326], [14.160870773996661, 40.81609611028985], [14.160677890174254, 40.816148572470105], [14.16067775376535, 40.816148620419], [14.16052405830629, 40.81621550752508], [14.160272799711885, 40.81632705090169], [14.160272745663947, 40.816327078973075], [14.160272695449668, 40.816327113436294], [14.160219660380813, 40.81636850553799], [14.16012317334056, 40.81644415414939], [14.160122995115387, 40.816444278852146], [14.160065045608253, 40.816480297201004], [14.160064865486383, 40.81648039669157], [14.160016367511323, 40.81650401444053], [14.160016361149385, 40.81650401752479], [14.159953881865597, 40.816534171170346], [14.15995385982771, 40.81653418164098], [14.159773149324286, 40.816618693546005], [14.159773116077728, 40.81661870985116], [14.159711832965948, 40.81665018582346], [14.159711822004848, 40.816650191539146], [14.159568887762372, 40.816725852216805], [14.159568813557748, 40.81672589568204], [14.15951158502691, 40.81676281247226], [14.159511432815929, 40.81676290141399], [14.159511273364032, 40.816762976606455], [14.159511107910113, 40.81676303746543], [14.159319550385222, 40.816824057242435], [14.159319481963061, 40.81682408181239], [14.159250226886414, 40.816851833388874], [14.159250125335257, 40.816851880855864], [14.159190852677629, 40.816883753032855], [14.15919081214528, 40.816883777373114], [14.159190774100667, 40.81688380544309], [14.159141942279081, 40.81692354394219], [14.159141906771605, 40.816923575929756], [14.159141936399553, 40.81692361342849], [14.159159568201003, 40.81694376184665], [14.159159690834908, 40.81694391680962], [14.159159797577182, 40.81694408311862], [14.159159887385686, 40.81694425914995], [14.159159959383603, 40.816944443184994], [14.15916001286801, 40.816944633426985], [14.159160047316728, 40.81694482801856], [14.159160062393433, 40.8169450250599], [14.159160057950924, 40.816945222627254], [14.159160034032576, 40.816945418791754], [14.159159990871908, 40.816945611638204], [14.159159928890304, 40.81694579928382], [14.159159848692898, 40.81694597989659], [14.15915975106267, 40.81694615171316], [14.1591596369528, 40.81694631305607], [14.159159507477359, 40.816946462350096], [14.159159363900434, 40.81694659813766], [14.159159207623789, 40.81694671909305], [14.159159040173176, 40.81694682403536], [14.159158863183439, 40.81694691194003], [14.159080392617408, 40.816981162573086], [14.159080362449448, 40.81698117544725], [14.15902850786019, 40.817002803466785], [14.159028495654223, 40.81700280851052], [14.158855849928965, 40.817073482536834], [14.15885580885232, 40.81707350175031], [14.158855842173423, 40.81707353250987], [14.159009387992066, 40.81720194114244], [14.159009460524196, 40.81720200483695], [14.159098327221866, 40.81728392538619], [14.159098367611605, 40.81728395884309], [14.15909841643252, 40.81728397800626], [14.159195950276041, 40.817316416951314], [14.159195998545588, 40.817316433693065], [14.159284902129935, 40.81734854680831], [14.159285081716591, 40.817348621742596], [14.15928525317099, 40.81734871377468], [14.159285414870038, 40.81734882203332], [14.159285565282985, 40.81734894549367], [14.15928570298593, 40.81734908298699], [14.159285826675289, 40.81734923321168], [14.159414996840212, 40.817522665232055], [14.159415103155789, 40.81752282314564], [14.159415193975999, 40.81752299045192], [14.159415268478021, 40.817523165635116], [14.159415325986872, 40.81752334710807], [14.159415365981527, 40.81752353322667], [14.159415388099635, 40.81752372230467], [14.159421861841034, 40.81761761452147], [14.159421866400313, 40.81761777875644], [14.159421857463837, 40.817617942811474], [14.159417202182025, 40.81766653848858], [14.159417171484417, 40.81766674483647], [14.159417119459084, 40.8176669468641], [14.15941704667208, 40.8176671423733], [14.159341910768223, 40.81784069122802], [14.159341895180761, 40.81784073207328], [14.15934189079459, 40.81784077557116], [14.159331093294524, 40.818031727357884], [14.159331093073526, 40.81803177939393], [14.159331098280422, 40.81803183116927], [14.15938386436503, 40.81837522356265], [14.15938386975785, 40.8183752552555], [14.159406614976808, 40.818497052165924], [14.159406639724796, 40.81849722728485], [14.159406648905488, 40.8184974039054], [14.159406642447093, 40.81849758064643], [14.159406620400116, 40.818497756125865], [14.159344690542, 40.81886024431874], [14.159344657301688, 40.81886040086195], [14.159344611651747, 40.818860554246356], [14.15930512507848, 40.818976103083884], [14.159305112498377, 40.81897614613296], [14.159305107859907, 40.818976190559695], [14.159299805949594, 40.81906531631968], [14.15929978108149, 40.819065533386706], [14.159299732684028, 40.819065746445865], [14.159299661334789, 40.81906595295447], [14.159208772831231, 40.81928876501046], [14.15920875635178, 40.819288812142254], [14.159208774731013, 40.81928885856614], [14.159361119129171, 40.81962287036618], [14.159361144620497, 40.81962291896929], [14.159361175304186, 40.81962296447287], [14.159463405303585, 40.81975788963917], [14.159463514909964, 40.819758049906056], [14.159463608459276, 40.81975822004588], [14.159463685069841, 40.8197583984551], [14.159463744019625, 40.81975858345228], [14.15946378475304, 40.81975877329385], [14.159463806886183, 40.8197589661906], [14.159463810210454, 40.81975916032452], [14.159428934887636, 40.82086813995418], [14.159428935837555, 40.8208681898454], [14.159428956314196, 40.82086823535082], [14.159489626130368, 40.82098669805771], [14.159489708756057, 40.82098688161368], [14.15948977251218, 40.820987072545485], [14.15948981675289, 40.820987268919005], [14.159489841030032, 40.820987468744974], [14.159489845097678, 40.82098766999918], [14.159489828914625, 40.82098787064291], [14.159489792644806, 40.820988068643665], [14.15948973665563, 40.8209882619957], [14.15948966151427, 40.82098844874038], [14.159393327218574, 40.82119690491516], [14.159393238644984, 40.82119707471955], [14.159393134235918, 40.82119723527345], [14.159149296838148, 40.82153556686324], [14.159149176912482, 40.82153571742168], [14.159149043068979, 40.82153585575435], [14.159148896547364, 40.821535980579924], [14.159148738704795, 40.82153609074223], [14.15914857100329, 40.82153618522087], [14.15914839499618, 40.82153626314075], [14.159148212313736, 40.82153632378012], [14.159148024648053, 40.82153636657733], [14.159000726222212, 40.82156257372615], [14.158755235149846, 40.821606250380896], [14.158677952341762, 40.82162000010565], [14.158677905292793, 40.82162000964693], [14.158581196599986, 40.821642051330905], [14.158581143469313, 40.821642066586456], [14.158581092356343, 40.82164208763557], [14.158535796419846, 40.821663754523186], [14.158535654075072, 40.82166381595154], [14.158474072264688, 40.821687604553716], [14.15847391555463, 40.82168765774961], [14.158473754983067, 40.821687697807285], [14.158426418142007, 40.82169744604317], [14.15842637159176, 40.82169745802512], [14.158426339435277, 40.82169749375263], [14.158261088081419, 40.82190017928192], [14.15795104427185, 40.82228044689521], [14.157852960711628, 40.822401761217506], [14.157852879504384, 40.82240187771666], [14.157708516802984, 40.82264402866661], [14.157708492976038, 40.822644073739845], [14.157708478835367, 40.822644122723105], [14.157657453654014, 40.82286230898116], [14.157657443439728, 40.822862369025394], [14.157657440636864, 40.8228624298677], [14.157658370821785, 40.82292363307396], [14.157658373437368, 40.82292367698962], [14.157658387494877, 40.82292371867669], [14.157917469278939, 40.82359261936], [14.158232854076115, 40.824406864792415], [14.158232919124632, 40.824407062797235], [14.158232963214303, 40.82440726649633], [14.158232985866343, 40.82440747367766], [14.158232986834768, 40.82440768209138], [14.158232966109061, 40.82440788947427], [14.158232923914289, 40.8244080935743], [14.158232860708656, 40.82440829217507], [14.158232777178533, 40.824408483119925], [14.15798539268164, 40.82490219738387], [14.157610989578, 40.825648478656625], [14.157610981788993, 40.825648494016754], [14.157226767059802, 40.82639815617136], [14.157226746711395, 40.82639819827148], [14.157136026690916, 40.82659766943295], [14.15713601975783, 40.82659768502893], [14.15700982471923, 40.82688821518961], [14.157009804730125, 40.826888259714416], [14.156443237554072, 40.82811013732511], [14.156443220313953, 40.8281101797733], [14.156443263924192, 40.828110193816705], [14.156661383793514, 40.82816895498193], [14.156734700271642, 40.82818870666255], [14.157071872725352, 40.828278698087715], [14.157243967353152, 40.82832369684298], [14.157244159367792, 40.82832375752931], [14.157708576965009, 40.82849670260877], [14.157883623821176, 40.828561889600756], [14.157970121500506, 40.82859410056822], [14.15797030444371, 40.82859417927563], [14.157970478652102, 40.82859427578734], [14.157970642398269, 40.82859438914635], [14.157970794058542, 40.82859451822863], [14.157970932129095, 40.828594661754224], [14.157971055240852, 40.82859481829996], [14.157971162173064, 40.828594986313576], [14.157971251865417, 40.828595164129084], [14.157971323428542, 40.82859534998331], [14.157971376152835, 40.82859554203336], [14.157971409515497, 40.828595738374915], [14.157971423185707, 40.828595937061095], [14.157971417027918, 40.828596136121774], [14.157971391103189, 40.828596333583114], [14.157971345668582, 40.828596527487136], [14.157971281174616, 40.82859671591113], [14.157971198260798, 40.82859689698673], [14.157971097749284, 40.82859706891843], [14.157949202753578, 40.82863057327467], [14.157949183063533, 40.82863060608668], [14.157949165945306, 40.828630640310934], [14.157852523535723, 40.828843923480015], [14.15785250520718, 40.8288439700286], [14.157852496557995, 40.828844019302345], [14.157782759217433, 40.82940615615827], [14.157782718001934, 40.82940638166906], [14.157782651250928, 40.82940660098193], [14.157631352300893, 40.82981751212582], [14.157631336990676, 40.82981756148312], [14.157631332206705, 40.829817612938506], [14.157622908824392, 40.830024521361295], [14.157622894764176, 40.8300246902374], [14.157622866458372, 40.830024857317056], [14.15762282411019, 40.83002502140076], [14.157543481443748, 40.83028617424181], [14.157409931821572, 40.83073139169791], [14.157409845806942, 40.83073162475019], [14.156988897070555, 40.83168520221702], [14.156988804906383, 40.831685385045944], [14.15698869453301, 40.83168555749412], [14.156988567107165, 40.83168571775423], [14.156988423964293, 40.831685864146756], [14.156988266604554, 40.83168599513746], [14.156988096677102, 40.83168610935355], [14.156987915962807, 40.831686205598004], [14.156911041052545, 40.83172222419334], [14.156911002603989, 40.83172224461335], [14.156911044777871, 40.83172225541243], [14.1569672368952, 40.831733682300886], [14.156967424789292, 40.83173373009945], [14.15696760717243, 40.83173379586633], [14.15696778233072, 40.831733878983506], [14.156967948618162, 40.83173397866991], [14.156968104472112, 40.831734093988764], [14.15696824842798, 40.83173422385639], [14.156968379132978, 40.83173436705239], [14.156968495358843, 40.83173452223113], [14.156968596013373, 40.83173468793435], [14.156968680150698, 40.831734862604904], [14.156968746980157, 40.83173504460137], [14.156968795873741, 40.8317352322135], [14.156968826371987, 40.83173542367824], [14.156968838188295, 40.83173561719637], [14.156968831211623, 40.831735810949354], [14.156968805507535, 40.83173600311645], [14.156968761317575, 40.831736191891814], [14.156968699057009, 40.83173637550149], [14.156890280615846, 40.83193535475134], [14.156890196754553, 40.83193553947895], [14.156890094610787, 40.83193571476061], [14.156889975235535, 40.83193587879279], [14.156889839857078, 40.83193602988773], [14.156889689868358, 40.83193616649078], [14.156889526812646, 40.83193628719638], [14.156889352367665, 40.83193639076257], [14.156889168328325, 40.831936476123744], [14.156888976588249, 40.83193654240158], [14.156888779120303, 40.83193658891413], [14.15688857795628, 40.831936615182826], [14.156888375166012, 40.83193662093738], [14.156888172836057, 40.831936606118575], [14.156887973048239, 40.83193657087889], [14.156815985364773, 40.83192006970858], [14.156815980391332, 40.83192006856188], [14.156295481014151, 40.83179935967608], [14.156295399213219, 40.83179933887739], [14.15618504176871, 40.83176878629099], [14.156011425459003, 40.83172072235613], [14.156011378784592, 40.831720711859866], [14.156011338271368, 40.83172073730295], [14.155955857064273, 40.83175948450283], [14.155955819894524, 40.831759513182945], [14.155955799973476, 40.8317595556952], [14.155796478594358, 40.8321464106865], [14.155796462927116, 40.83214645440875], [14.155796451395792, 40.83214649939902], [14.15569966124378, 40.83261361212487], [14.155699594285451, 40.8326138562888], [14.155636761682224, 40.83279670394877], [14.15563675188671, 40.83279673178459], [14.155531726619797, 40.83308829381727], [14.155531644078557, 40.83308848964594], [14.155508601805076, 40.83313594175213], [14.155361516201479, 40.833438847095785], [14.155361426350572, 40.83343901195694], [14.155361321435807, 40.833439167665894], [14.155361202381805, 40.83343931285036], [14.155361070237802, 40.83343944623083], [14.155243391258088, 40.833547568207685], [14.155243210006955, 40.83354771615461], [14.155243012718367, 40.83354784192217], [14.1551591190279, 40.833594658345], [14.155159079630229, 40.833594682817456], [14.155159051923075, 40.8335947200114], [14.154946239207447, 40.83391022598446], [14.154946194231433, 40.83391029927893], [14.15470049070275, 40.834352299012075], [14.154700396657574, 40.834352451652094], [14.154700289320909, 40.834352595256796], [14.154498218534737, 40.83459908186372], [14.154498192637302, 40.83459911641231], [14.154498176522292, 40.83459915646958], [14.15431522057281, 40.83511796930817], [14.154315147003002, 40.83511814946503], [14.154270946184589, 40.83521293007126], [14.154270908035961, 40.8352130240525], [14.154213880618384, 40.83537692953484], [14.154213860667225, 40.835376993761734], [14.154201702586704, 40.83542134785056], [14.154201698750308, 40.83542136165212], [14.154181782549971, 40.83549202908225], [14.154134815711204, 40.835658668485976], [14.154112926575806, 40.83573833625903], [14.154112866309783, 40.83573852023675], [14.154112788538207, 40.83573869752572], [14.154112693989795, 40.835738866464744], [14.154112583550463, 40.83573902547088], [14.154112458255018, 40.835739173054236], [14.154112319277473, 40.83573930783198], [14.15411216792004, 40.83573942854123], [14.153970281097433, 40.83584175526895], [14.153970241818596, 40.835841786776264], [14.15397022791152, 40.8358418351719], [14.153903994565106, 40.83612653272229], [14.15390394056024, 40.83612672207922], [14.15390386819681, 40.83612690520789], [14.153796515486524, 40.83636374834907], [14.153796498025617, 40.83636379230566], [14.153796484808401, 40.836363837719034], [14.153761195664286, 40.83651073039566], [14.153761147799793, 40.83651089735009], [14.15376108563112, 40.83651105952236], [14.15367197709336, 40.83671635882268], [14.15367196960385, 40.83671637586045], [14.153503051241596, 40.83709584315931], [14.153503042818823, 40.837095862634236], [14.153397797932433, 40.83734647180219], [14.153397711069335, 40.83734665265156], [14.153397606524376, 40.83734682388836], [14.153397485349583, 40.83734698378946], [14.153397348764326, 40.837347130745776], [14.15322957378413, 40.83751039746915], [14.153229440139746, 40.83751051636102], [14.153077129594775, 40.83763426790871], [14.15307709390814, 40.83763429990145], [14.153077077279049, 40.83763434485201], [14.152961127401932, 40.83800165970922], [14.152961115718105, 40.83800170419944], [14.152961161618899, 40.838001707201734], [14.153243621350505, 40.83800632938734], [14.15324382666303, 40.838006343335444], [14.153244029455477, 40.83800637830694], [14.153461807076887, 40.838055589912926], [14.153461990795606, 40.838055640741246], [14.153462168840921, 40.83805570882906], [14.153462339595468, 40.838055793557864], [14.153462501508105, 40.838055894157975], [14.15346265310802, 40.83805600971554], [14.153462793018072, 40.838056139180836], [14.153462919967316, 40.83805628137779], [14.153463032802541, 40.83805643501469], [14.153463130498752, 40.83805659869589], [14.153463212168473, 40.83805677093451], [14.153463277069816, 40.83805695016593], [14.153463324613215, 40.838057134761996], [14.153463354366783, 40.83805732304585], [14.15346336606024, 40.83805751330711], [14.153463359587363, 40.83805770381745], [14.153463335006949, 40.83805789284625], [14.15346329254229, 40.83805807867638], [14.153455035719468, 40.83808764470617], [14.153455025571125, 40.83808768942651], [14.153455071300089, 40.838087685996456], [14.153548721579561, 40.8380760089559], [14.15354894623555, 40.83807599371784], [14.153549171180583, 40.838076003829386], [14.153549393563342, 40.83807603916237], [14.153785414772857, 40.838127305785456], [14.153785458066892, 40.83812731321014], [14.153785501846476, 40.838127316797014], [14.15404613998232, 40.838137147642094], [14.154046323604602, 40.8381371630628], [14.154046505028257, 40.838137195318005], [14.154046682713224, 40.83813724413391], [14.154920007073322, 40.83842104505336], [14.154920052523586, 40.83842105747693], [14.154920099500174, 40.8384210611167], [14.155298104313959, 40.83843238609039], [14.155298302667031, 40.838432401936224], [14.155298498463788, 40.838432437413836], [14.155298689766088, 40.838432492172046], [14.15563111710206, 40.838545819110905], [14.155631191726037, 40.83854584134666], [14.156141140722186, 40.83867639831775], [14.156141306172323, 40.838676448387346], [14.156556927576093, 40.838822111130746], [14.15655710758681, 40.83882218421823], [14.156557279656777, 40.83882227442668], [14.157120129313727, 40.8391531564571], [14.157120174130114, 40.839153179830134], [14.157120221083359, 40.83915319854368], [14.157286000858443, 40.83920971037968], [14.157286175704629, 40.8392097793118], [14.157286343308282, 40.839209864352036], [14.157286502189345, 40.83920996474942], [14.157286650944787, 40.83921007961737], [14.15728678826099, 40.83921020794151], [14.157286912925354, 40.83921034858867], [14.157389330069881, 40.83933745933734], [14.157389369170835, 40.839337502444145], [14.157389413035139, 40.839337540693464], [14.157534043413964, 40.839449474564326], [14.157534254203723, 40.8394496629684], [14.157643217550486, 40.839561882237255], [14.15764325508257, 40.83956191710112], [14.15764329895864, 40.839561943540566], [14.157823599458874, 40.839658291138626], [14.157823773392105, 40.83965839576176], [14.157823935825355, 40.839658517475385], [14.157824085085615, 40.83965865502589], [14.157824219635547, 40.83965880699656], [14.15782433808933, 40.83965897182213], [14.157824439226927, 40.83965914780496], [14.15782452200665, 40.83965933313247], [14.157894703558444, 40.83984064637125], [14.157894721520506, 40.83984068720301], [14.157894755487513, 40.83984071611853], [14.158258074635524, 40.84012276266569], [14.158258112070737, 40.84012278902236], [14.158258157446758, 40.84012278293236], [14.158416924355137, 40.84009387687914], [14.158509046554055, 40.840077106552236], [14.158509241765104, 40.84007708086623], [14.158509438555821, 40.84007707449931], [14.158509635018955, 40.840077087513194], [14.1586552911225, 40.84009396939596], [14.158655337569938, 40.8400939725764], [14.158655381938269, 40.84009395847181], [14.158717089851356, 40.840071096015876], [14.158717271462129, 40.84007103840816], [14.158717457730543, 40.840070998343236], [14.158717646966164, 40.84007097618469], [14.158717837451622, 40.840070972133624], [14.15871802745821, 40.8400709862268], [14.158718215261564, 40.84007101833632], [14.158718399157316, 40.84007106817078], [14.158718577476561, 40.84007113527792], [14.158718748601002, 40.84007121904872], [14.158718910977637, 40.840071318722934], [14.158719063132851, 40.840071433396], [14.158719203685793, 40.84007156202722], [14.158821380543376, 40.840174434155315], [14.158821418888628, 40.84017446892517], [14.158821466087897, 40.840174490174235], [14.158882088305708, 40.84019805678481], [14.158882267211583, 40.8401981366288], [14.158882437447204, 40.84019823359379], [14.15888259737906, 40.84019834674933], [14.15888274547251, 40.840198475009636], [14.158882880306509, 40.84019861714396], [14.158883000587243, 40.84019877178846], [14.158883105160552, 40.84019893745921], [14.158883193022987, 40.840199112566516], [14.158883263331457, 40.84019929543011], [14.158883315411314, 40.84019948429531], [14.158883348762819, 40.840199677349844], [14.158883363065943, 40.84019987274124], [14.158883358183441, 40.84020006859459], [14.158883334162162, 40.84020026303058], [14.158883291232605, 40.840200454183474], [14.158861895091052, 40.8402777896488], [14.15886188517822, 40.84027783373304], [14.158861929805036, 40.840277826653264], [14.159007580591993, 40.84024738085402], [14.159007770278476, 40.840247350626335], [14.159007961989872, 40.84024733873453], [14.159008153957899, 40.84024734528826], [14.159008344411905, 40.840247370227104], [14.159008531595209, 40.84024741332102], [14.15900871378129, 40.84024747417253], [14.159008889289728, 40.840247552220355], [14.15900905650169, 40.84024764674461], [14.159009213874866, 40.84024775687343], [14.159049810105719, 40.840279174539376], [14.159049853448685, 40.84027920454622], [14.159049902141403, 40.84027922474583], [14.159162870299685, 40.840319205266375], [14.15916304729268, 40.84031927760112], [14.159163216569414, 40.840319366506804], [14.159163376582748, 40.84031947117087], [14.159163525870209, 40.840319590636724], [14.159163663067348, 40.84031972381247], [14.159163786920228, 40.84031986948093], [14.159163896296867, 40.84032002631072], [14.159163990197595, 40.84032019286849], [14.159164067764186, 40.840320367631925], [14.159164128287705, 40.84032054900374], [14.159164171214984, 40.84032073532627], [14.15916419615368, 40.84032092489657], [14.159164202875862, 40.84032111598201], [14.159163519298458, 40.840375130760954], [14.159163520960586, 40.840375177514595], [14.159163562563, 40.840375198913215], [14.159237039080761, 40.84040861963423], [14.159464281360474, 40.84051198738864], [14.159464460712265, 40.840512080171], [14.15946462979409, 40.84051219056561], [14.159464786882346, 40.8405123174471], [14.159464930375691, 40.84051245952205], [14.159897722712468, 40.84098657849691], [14.159897842829228, 40.84098672319793], [14.159897948823811, 40.840986878541315], [14.159898039759058, 40.84098704315359], [14.159898114830954, 40.84098721557932], [14.159898173375742, 40.840987394293975], [14.159898214875794, 40.840987577717435], [14.159898238964178, 40.84098776422795], [14.15989824542792, 40.84098795217645], [14.15989685373822, 40.84109791985225], [14.15989683753191, 40.84109814988227], [14.159896794954951, 40.84109837651779], [14.159841838048559, 40.84131970459331], [14.159841829294278, 40.841319748075264], [14.159841836318071, 40.84131979178094], [14.159900864151703, 40.841605562321284], [14.159900874619701, 40.84160560389353], [14.159900888618395, 40.84160564441347], [14.160123404867138, 40.84216991242802], [14.160123459558996, 40.842170070098256], [14.16012350091539, 40.84217023177927], [14.160123528648365, 40.842170396345324], [14.160142470623741, 40.842320875141965], [14.160142479947844, 40.842320926842895], [14.160142509789047, 40.84232097007973], [14.160698045092392, 40.843040751914586], [14.1606980775252, 40.8430407898469], [14.160698113588904, 40.84304082434578], [14.160873187389111, 40.84319226369242], [14.160873323974439, 40.84319239358264], [14.160873447725555, 40.84319253575396], [14.160873557543328, 40.84319268894364], [14.160873652452388, 40.84319285179109], [14.160873731609772, 40.84319302284993], [14.160873794312428, 40.84319320060088], [14.160873840003442, 40.84319338346518], [14.160920033733104, 40.843423974226695], [14.160920052316559, 40.84342405107413], [14.16113271038442, 40.84417253188346], [14.16113275527116, 40.84417272627966], [14.161132780566593, 40.844172924180754], [14.161132786019001, 40.844173123617395], [14.161129890018108, 40.844301435079934], [14.161129891940112, 40.84430149144292], [14.161129900222456, 40.84430154722719], [14.161136718574571, 40.8443344976556], [14.16113674429257, 40.84433465223787], [14.161136757828858, 40.84433480835918], [14.161140682849583, 40.844417726854275], [14.161140681587684, 40.84441793967018], [14.1611406577193, 40.84441815114714], [14.161140611514698, 40.84441835889058], [14.16114054349705, 40.84441856054821], [14.16104317311986, 40.84466338163893], [14.161043095422325, 40.844663553038856], [14.161043001958877, 40.844663716377234], [14.161042893557006, 40.84466387020791], [14.16104277117648, 40.84466401316891], [14.160820748273423, 40.84489993566837], [14.160820715261186, 40.84489997458015], [14.160820695645373, 40.84490002168809], [14.160625948841503, 40.84544523949828], [14.160625872542468, 40.84544542359224], [14.16062577830193, 40.84544559917939], [14.160625667055509, 40.84544576451651], [14.160625539907667, 40.84544591796212], [14.160528385076795, 40.84555193860768], [14.160528354677009, 40.84555197520164], [14.160528358678453, 40.84555202260679], [14.160566506559187, 40.845837594271615], [14.160566521699453, 40.84583775973717], [14.160583580474464, 40.84618074124736], [14.16058357980253, 40.846180952644886], [14.160583556821008, 40.84618116279059], [14.16054914794503, 40.846391964967225], [14.16054910855429, 40.84639215047672], [14.160549051769904, 40.84639233142129], [14.160548978102437, 40.84639250617399], [14.16054888821426, 40.84639267316357], [14.16054878291359, 40.84639283088856], [14.16054866314722, 40.8463929779308], [14.160252717289506, 40.84672304188728], [14.160252592413102, 40.84672316924596], [14.160252456686386, 40.846723284972406], [14.160252311188877, 40.84672338814617], [14.160252157077798, 40.84672347794664], [14.160251995578887, 40.8467235536596], [14.15990931727479, 40.84686593095872], [14.159909275043303, 40.846865950901794], [14.159909250205299, 40.84686599045297], [14.15986105435286, 40.84695148040606], [14.159860966868882, 40.84695162154814], [14.159860867977818, 40.84695175494638], [14.159192552302299, 40.847779132188684], [14.159192358779745, 40.84777933973263], [14.158854367806553, 40.848093795785914], [14.158854233563877, 40.848093910067774], [14.158854089778643, 40.84809401208368], [14.1586601731916, 40.84821912490443], [14.158538338872843, 40.8482977302959], [14.158538304805306, 40.84829775434998], [14.158538272865652, 40.8482977811653], [14.158351584232888, 40.848468316627574], [14.158305997294907, 40.84850996380861], [14.15830581164067, 40.84851011409824], [14.158305609393365, 40.848510241182844], [14.157982980367079, 40.84868702361467], [14.15798292356862, 40.8486870535617], [14.15785365033218, 40.84875258285421], [14.157853606570466, 40.84875260790454], [14.157853568756536, 40.848752641261754], [14.157510687685159, 40.84908752621849], [14.15751052971508, 40.8490876650488], [14.15751035804015, 40.84908778652357], [14.157510174558595, 40.84908788929963], [14.157509981299189, 40.84908797224059], [14.15750978039882, 40.84908803442936], [14.157080689834638, 40.84919650052603], [14.157080552744535, 40.849196545950534], [14.156925616422546, 40.84926065575711], [14.156925543801789, 40.84926068416111], [14.156755136874178, 40.84932353312241], [14.156755010502959, 40.84932358997578], [14.156656976838413, 40.84937615593739], [14.15665680621882, 40.84937623728883], [14.156656628681244, 40.84937630216957], [14.1566564458115, 40.849376350000085], [14.156467900717427, 40.849416251473734], [14.156467855405186, 40.8494162633217], [14.15646781520807, 40.84941628735861], [14.156218170850433, 40.8495820414043], [14.156218134570839, 40.84958206793643], [14.15621811012201, 40.84958210554222], [14.156149754530547, 40.84969836157886], [14.15614973326319, 40.84969840189586], [14.156149732161122, 40.849698447465066], [14.156153967172456, 40.8498914170796], [14.156153970378984, 40.84989146346674], [14.156153994274895, 40.84989150335456], [14.156170118480182, 40.84991575207346], [14.156170217031432, 40.84991591693895], [14.15617029931316, 40.84991609049786], [14.156170364566462, 40.84991627114941], [14.156170412189487, 40.84991645722742], [14.156170441743, 40.84991664701565], [14.15617045295442, 40.84991683876361], [14.156170445720342, 40.849917030702784], [14.156170420107488, 40.84991722106287], [14.15617037635209, 40.84991740808811], [14.156170314857718, 40.84991759005355], [14.156170236191546, 40.849917765280864], [14.156170141079132, 40.84991793215389], [14.156170030397723, 40.849918089133524], [14.15616990516816, 40.84991823477189], [14.15612760755384, 40.849962895319436], [14.156127542846749, 40.849962970837026], [14.155917921429392, 40.850233801871575], [14.155829853928982, 40.85034758388166], [14.155829845030903, 40.85034759555382], [14.155649366210083, 40.850587979360164], [14.155585416370453, 40.850673155688916], [14.155585361138606, 40.85067322592903], [14.155545860631074, 40.85072121376951], [14.155545695447232, 40.85072139131253], [14.15541071863963, 40.85084988104951], [14.15536296107318, 40.85089534334021], [14.15536295844241, 40.850895345839994], [14.154991734237168, 40.851247446862], [14.154991582885879, 40.851247576713625], [14.15499141935551, 40.85124769084722], [14.15499124527191, 40.85124778812804], [14.154991062365847, 40.85124786758891], [14.154885859104585, 40.85128746152303], [14.154885824838189, 40.85128747589734], [14.154885791736003, 40.85128749278116], [14.154735920830811, 40.851371105897556], [14.154735877471872, 40.85137113311508], [14.154735844482984, 40.85137117226256], [14.15467476093712, 40.851451763985295], [14.154674602481041, 40.851451948556125], [14.154674422789371, 40.851452112524484], [14.1545782625025, 40.851529686992656], [14.154578224590331, 40.851529720965544], [14.154578213569959, 40.851529770665095], [14.15452742460302, 40.851832204974365], [14.154527380290798, 40.851832405299696], [14.154527315688634, 40.85183260003124], [14.154527231476367, 40.85183278711974], [14.154527128540199, 40.851832964596376], [14.154527007963374, 40.85183313059349], [14.15441024271953, 40.8519776639161], [14.154410128215137, 40.85197779373097], [14.154410002914739, 40.85197791315863], [14.154409867756938, 40.85197802130448], [14.154409723754172, 40.85197811735842], [14.154254798709252, 40.852072032703354], [14.15425468527475, 40.852072096515016], [14.153917916563657, 40.85224736964655], [14.153917851211132, 40.852247406848235], [14.153837909031743, 40.85229698489258], [14.153837743118231, 40.85229707718427], [14.153837569201103, 40.85229715332809], [14.153837388847572, 40.8522972126379], [14.153837203682851, 40.852297254579234], [14.15383701537551, 40.852297278774145], [14.153836825622433, 40.85229728500462], [14.153836636133535, 40.8522972732145], [14.153836448616351, 40.852297243510044], [14.153836264760649, 40.852297196158915], [14.153836086223198, 40.85229713158781], [14.153835914612847, 40.852297050378596], [14.153730617386366, 40.85224095699798], [14.153730573159239, 40.8522409361809], [14.153730524353316, 40.85224093889776], [14.153415646827858, 40.85227417474203], [14.153415555832526, 40.85227418225103], [14.153187919011367, 40.85228774401553], [14.15318784195686, 40.85228774711676], [14.152764562665084, 40.85229661406261], [14.152764525299807, 40.852296614496176], [14.152449086287618, 40.85229732770003], [14.15244898781166, 40.852297325497084], [14.151885092905713, 40.85227080612985], [14.151885089612207, 40.852270805972246], [14.15106909363437, 40.85223108220146], [14.151069091365171, 40.8522310820897], [14.150460047315864, 40.85220073947806], [14.15023003521037, 40.852191558166886], [14.149992026756879, 40.852182056733426], [14.149991801977905, 40.85218203500049], [14.149991581081869, 40.85218198806597], [14.14983845128663, 40.852140292077394], [14.149838360137906, 40.8521402717796], [14.149350987858696, 40.85205541622762], [14.14935093966132, 40.85205541024921], [14.14935089179809, 40.85205541848561], [14.14904240432334, 40.85212420260948], [14.149042201619677, 40.85212423697973], [14.14904199645851, 40.8521242503583], [14.148801270074097, 40.85212754754078], [14.148801227681076, 40.85212754992856], [14.148801185644855, 40.85212755591261], [14.14817489121008, 40.852244095529045], [14.14817469498024, 40.852244122072165], [14.148174497087417, 40.852244129080596], [14.14817429947149, 40.85224411648564], [14.148174104069623, 40.85224408441076], [14.147825832134462, 40.85216904354423], [14.147825721146964, 40.852169026091545], [14.147495493284955, 40.85213598550331], [14.147495433875326, 40.8521359831279], [14.147495374606043, 40.85213598785318], [14.147209725566482, 40.85217604311904], [14.147209525551222, 40.8521760609863], [14.147209324752456, 40.85217605870612], [14.14664784112249, 40.85214143927654], [14.146647754415254, 40.85214143203418], [14.146440663342377, 40.85211958896296], [14.146440612425874, 40.85211958622976], [14.146440563086298, 40.852119599097854], [14.146346589563906, 40.852149347657274], [14.146346474654852, 40.85214938029151], [14.146112413153388, 40.852208360463834], [14.146112227519497, 40.85220839799352], [14.146112039168024, 40.85220841779609], [14.146111849787937, 40.85220841969398], [14.146111661077429, 40.85220840367016], [14.146111474728684, 40.85220836986832], [14.146111292412712, 40.852208318591565], [14.14611111576436, 40.852208250299704], [14.14611094636765, 40.85220816560511], [14.146110785741582, 40.852208065267256], [14.145985534808439, 40.85212131963532], [14.145985497202032, 40.852121296005386], [14.145985454676616, 40.852121283191245], [14.145194703795102, 40.85192109351464], [14.145194624993701, 40.85192107184244], [14.14477421878262, 40.851796156944154], [14.144774063502668, 40.851796103780416], [14.144773913104764, 40.85179603806347], [14.144410356798302, 40.85161907517566], [14.14441023607187, 40.851619011221786], [14.144087275638466, 40.851433530407974], [14.144087227445628, 40.85143350610213], [14.144087176905986, 40.85143348715292], [14.143956124520676, 40.85139229865959], [14.142787008510401, 40.851025971258224], [14.142786737508734, 40.85102586409398], [14.142097564062478, 40.85069339138471], [14.14209746440139, 40.850693349785246], [14.141457001631146, 40.85046581366529], [14.14145691257181, 40.85046577961339], [14.14089496663974, 40.850235420272526], [14.14089472689074, 40.850235302728315], [14.140635996022723, 40.85008625334086], [14.140635852690533, 40.850086162459945], [14.140635717579418, 40.850086059754325], [14.1406355916623, 40.85008594596356], [14.140414388893555, 40.849868299397315], [14.140414348952373, 40.84986826410932], [14.140414302410349, 40.84986823814051], [14.140368520862276, 40.849845825025106], [14.140368478496772, 40.84984580667985], [14.140368432359233, 40.849845805032345], [14.140148138381665, 40.849848212003614], [14.140147935499932, 40.849848203913105], [14.140147734484012, 40.849848175293985], [14.1401475374057, 40.84984812644122], [14.140147346296203, 40.849848057858324], [14.139429039882508, 40.84954830506931], [14.139428854909855, 40.849548216484926], [14.139428679981702, 40.84954810942318], [14.139256431163497, 40.84943013734354], [14.139256380350512, 40.84943010681981], [14.139256326269384, 40.849430082552615], [14.138735330173121, 40.849232661468555], [14.138735150628479, 40.84923258317669], [14.138734979603283, 40.849232487697506], [14.138734818737918, 40.84923237594676], [14.138734669575319, 40.84923224899633], [14.138734533546176, 40.84923210806384], [14.138734411955209, 40.84923195450105], [14.138603337165572, 40.84904863729456], [14.138603302354436, 40.849048593958955], [14.138603258785208, 40.84904855944079], [14.138469925939862, 40.84895457614228], [14.138469882740614, 40.84895454890227], [14.138469834890001, 40.84895453105519], [14.13829059795346, 40.84889798591865], [14.138290429945584, 40.84889792452857], [14.13829026809465, 40.84889784837305], [14.138290113695279, 40.84889775806124], [14.138289967982487, 40.84889765431554], [14.13828983212181, 40.84889753796579], [14.13813500733434, 40.848752455458154], [14.138134971440078, 40.848752424977214], [14.13813493173056, 40.84875245028809], [14.137456580976664, 40.849233023582265], [14.137456541517716, 40.84923305463656], [14.137456505383524, 40.84923308950372], [14.136927224710329, 40.84979800040201], [14.13692717781901, 40.84979805417356], [14.136483789641096, 40.85034471493892], [14.136483744866393, 40.85034476822011], [14.136144645137513, 40.85073432376702], [14.136144624027875, 40.850734348835616], [14.135712266941486, 40.85126520976803], [14.135712256317321, 40.85126522270179], [14.135062417066443, 40.85204961580908], [14.135062388379058, 40.85204965406612], [14.135062380809906, 40.85204970128126], [14.135058781666686, 40.852082135799456], [14.135058750725701, 40.8520823283871], [14.135058701171404, 40.852082517044764], [14.135058633475147, 40.85208269997798], [14.135058548280846, 40.852082875446705], [14.135058446398855, 40.85208304178192], [14.135058328798259, 40.85208319740146], [14.135058196597655, 40.85208334082511], [14.134942009059598, 40.852197664065834], [14.134941999029467, 40.852197674075875], [14.13489596954341, 40.85224426693265], [14.13489594342435, 40.85224429439333], [14.134852586069753, 40.852291644220884], [14.13480926039075, 40.85233914289869], [14.134809253583024, 40.85233915043868], [14.134773465808028, 40.85237919471955], [14.134731056241698, 40.852426942090396], [14.13473104242039, 40.8524269574901], [14.134381748504204, 40.8528121139741], [14.134338823958162, 40.85285944663564], [14.134008646323421, 40.85322428569081], [14.133649718663477, 40.85362088932681], [14.133649687631028, 40.85362092720034], [14.133649660463856, 40.853620967935605], [14.133167470649012, 40.85442712423151], [14.13316744978514, 40.85442716289791], [14.133167439793787, 40.85442720568298], [14.13311713598527, 40.85469574220472], [14.133117094198273, 40.85469591998912], [14.133117036368105, 40.85469609322051], [14.13311696297698, 40.854696260454446], [14.132793901756889, 40.85534960080199], [14.132793808538294, 40.855349768549665], [14.132793699671252, 40.855349926590655], [14.132793576158125, 40.85535007346984], [14.132793439136135, 40.855350207834874], [14.132793289866871, 40.85535032844862], [14.132793129724694, 40.85535043420055], [14.132792960184076, 40.85535052411699], [14.132792782806016, 40.85535059737006], [14.132304064523652, 40.85552548333404], [14.13230393283416, 40.85552554147781], [14.132018685580402, 40.855676925694574], [14.132018645841807, 40.85567694931352]]], [[[14.276357034443917, 40.83367809029912], [14.276357068080884, 40.833678120657034], [14.277896806297019, 40.834939740612484], [14.277896934665918, 40.83493985537734], [14.27789705268751, 40.83493998075857], [14.277897159486974, 40.83494011582678], [14.27848939208565, 40.83575926153961], [14.278489503935251, 40.83575943432057], [14.279380567883852, 40.837304829366246], [14.279380594266518, 40.83730487019535], [14.279380640413523, 40.837304854914244], [14.279448604984122, 40.83727846076321], [14.27944879496155, 40.8372783977301], [14.279448990288051, 40.83727835400193], [14.279449189007208, 40.83727833001668], [14.279449389128617, 40.837278326014584], [14.279449588647834, 40.83727834203573], [14.279628614591646, 40.83730178166183], [14.279628812064951, 40.83730181767589], [14.27962900493366, 40.837301873303055], [14.279629191254969, 40.83730194798297], [14.27962936915203, 40.83730204096337], [14.279629536832855, 40.837302151307654], [14.279629692608365, 40.8373022779043], [14.279629834909404, 40.83730241947807], [14.279629962302549, 40.83730257460288], [14.279630073504546, 40.83730274171612], [14.279630167395236, 40.83730291913444], [14.279652866143538, 40.83735157111636], [14.279652887393208, 40.837351611517896], [14.279652930376974, 40.83735159614823], [14.282504923243973, 40.83617570653168], [14.28811553580577, 40.83386209558614], [14.288754436045412, 40.83359860906679], [14.289289424856861, 40.83337797283994], [14.290112818764728, 40.83303838507689], [14.290112871402808, 40.83303835965541], [14.290112920698238, 40.833038328239184], [14.290348029681304, 40.83286829230415], [14.290348032236137, 40.8328682904595], [14.291542126389304, 40.83200755777822], [14.291542128118541, 40.83200755653314], [14.29235894795641, 40.83142009395178], [14.292520704245808, 40.83130375657755], [14.293416095352887, 40.83065976309997], [14.293416263846211, 40.83065965430202], [14.293416442389187, 40.83065956292696], [14.293416629186252, 40.83065948989373], [14.293416822358836, 40.830659435936816], [14.293417019964247, 40.830659401598844], [14.293417220015222, 40.83065938722513], [14.293417420499894, 40.83065939296025], [14.293417619402042, 40.83065941874651], [14.293417814721355, 40.83065946432458], [14.293418004493558, 40.830659529236115], [14.29341818681016, 40.83065961282829], [14.293418359837643, 40.83065971426046], [14.293462570986877, 40.83068870454747], [14.29346261297223, 40.83068872915364], [14.293462653784713, 40.8306887026475], [14.293608143173222, 40.83058345214481], [14.293608178596907, 40.83058342382589], [14.293608144947918, 40.8305833934195], [14.293506409676013, 40.830499990853326], [14.293506266416678, 40.830499861353424], [14.293506136314788, 40.83049971864056], [14.293506020583331, 40.830499564045304], [14.293505920301314, 40.83049939900901], [14.293505836403702, 40.83049922507036], [14.293505769672704, 40.830499043851056], [14.293505720730476, 40.830498857040666], [14.293505690033326, 40.8304986663809], [14.293505677867454, 40.83049847364934], [14.293505684346288, 40.83049828064289], [14.293505709409422, 40.83049808916104], [14.293505752823183, 40.83049790098902], [14.293505814182812, 40.830497717881244], [14.293505892916226, 40.83049754154488], [14.293505988289366, 40.83049737362399], [14.293506099413035, 40.83049721568415], [14.293506225251186, 40.8304970691979], [14.293506364630582, 40.830496935530974], [14.29350651625174, 40.83049681592961], [14.293768950616851, 40.8303096251463], [14.294580298968603, 40.82973089092781], [14.295083090695135, 40.829372241464725], [14.295321940750485, 40.829201863427876], [14.295724289718274, 40.828914856013945], [14.295724336437127, 40.82891482367934], [14.29593478091523, 40.82877355134008], [14.295934812094309, 40.82877353082881], [14.296301226863307, 40.82853735222786], [14.296301270095274, 40.82853732273237], [14.299364168111309, 40.82632797141199], [14.29936433385432, 40.82632786388877], [14.299364509397128, 40.826327773242696], [14.299364693026787, 40.82632770035829], [14.299364882951439, 40.82632764594676], [14.2993650773178, 40.82632761053905], [14.299365274229244, 40.826327594480674], [14.299365471764308, 40.82632759792832], [14.299365667995447, 40.82632762084835], [14.29936586100784, 40.82632766301712], [14.299366048918069, 40.82632772402313], [14.29936622989251, 40.8263278032711], [14.29936640216521, 40.82632789998772], [14.299366564055138, 40.82632801322923], [14.29936671398257, 40.82632814189062], [14.299422343242899, 40.82638086913374], [14.299422378265069, 40.82638089928013], [14.299422418023628, 40.826380875729846], [14.299670594521773, 40.82621733116136], [14.29967063181882, 40.826217303858336], [14.299670597589142, 40.826217272796306], [14.299488897007652, 40.82606801690229], [14.299488857819185, 40.82606798790135], [14.299488816956792, 40.826068014491774], [14.296901912667815, 40.82794416489375], [14.294635174809837, 40.82958797924289], [14.293515183373867, 40.830400138119955], [14.290016283635447, 40.83293853572774], [14.290016084187355, 40.83293866312503], [14.290015871086906, 40.83293876607068], [14.289196119123359, 40.83327651894252], [14.28867996711471, 40.833489171929756], [14.288027130406208, 40.833758146716384], [14.285448045142184, 40.834820675603936], [14.279816106339172, 40.83714059718085], [14.279815911357813, 40.8371406659405], [14.279815710319747, 40.837140714203485], [14.279815505373348, 40.83714074145404], [14.279815298708755, 40.83714074740097], [14.27981509253447, 40.83714073198071], [14.279814889053757, 40.83714069535806], [14.279814690441091, 40.83714063792437], [14.279814498818928, 40.837140560293406], [14.279629472789987, 40.83705421476132], [14.279629425392095, 40.83705419555396], [14.279629374395139, 40.83705419170544], [14.27937266494641, 40.837048104500866], [14.279372476175729, 40.83704809106844], [14.279372289519753, 40.83704805985391], [14.279372106649742, 40.83704801113677], [14.27937192920306, 40.83704794535322], [14.279371758768514, 40.837047863092266], [14.27937159687212, 40.83704776509044], [14.279371444963454, 40.83704765222522], [14.279371304402655, 40.83704752550718], [14.279371176448267, 40.83704738607091], [14.279371062245954, 40.83704723516487], [14.279370962818248, 40.83704707414024], [14.27850780960327, 40.83548876628584], [14.278507789903792, 40.83548873371662], [14.278507767779448, 40.835488702743355], [14.277975650166594, 40.83480081279741], [14.277975612009124, 40.834800769007025], [14.277975569011364, 40.834800729958644], [14.276930799976379, 40.833957704650395], [14.27693065248153, 40.833957573088036], [14.276930518692302, 40.833957427610116], [14.276930399915257, 40.833957269637345], [14.276930297310352, 40.83395710071245], [14.276930211879616, 40.83395692248515], [14.27693014445735, 40.83395673669596], [14.276930095701987, 40.83395654515929], [14.276930066089667, 40.833956349745634], [14.276930055909578, 40.83395615236339], [14.276930065261139, 40.833955954940166], [14.276930094053021, 40.83395575940395], [14.276930142004051, 40.833955567664326], [14.276930208645945, 40.833955381593796], [14.276930293327887, 40.833955203009495], [14.276930395222886, 40.83395503365545], [14.276930513335854, 40.83395487518555], [14.276977268874319, 40.8338982178784], [14.276977296912563, 40.833898180282816], [14.276977262195647, 40.83389814875013], [14.276752125431644, 40.83371300411591], [14.27675198326771, 40.83371287529185], [14.27675185410103, 40.83371273343915], [14.276751739120144, 40.83371257986306], [14.276751639383049, 40.83371241597672], [14.276751555807484, 40.83371224328814], [14.276751489162477, 40.83371206338632], [14.27675144006126, 40.833711877926646], [14.276751408955644, 40.83371168861563], [14.276751396131848, 40.833711497195225], [14.276751401707873, 40.8337113054268], [14.276751425632407, 40.83371111507493], [14.27675146768531, 40.833710927891126], [14.27675152747963, 40.83371074559779], [14.276778463334612, 40.833640241478705], [14.276778478003738, 40.833640196595134], [14.276778439336404, 40.83364016949246], [14.27655471234229, 40.83349918885396], [14.276554670356749, 40.83349916523837], [14.276554633077163, 40.83349919574588], [14.276357066543751, 40.83367805832013], [14.276357034443917, 40.83367809029912]]]]}}]}